"dcra_code","tank_farm_id","uscg_id","aea_id","community_fips_code","entity_name","number_of_tanks","total_capacity","gasoline_capacity","diesel_capacity","av_gas_capacity","jet_fuel_capacity","other_fuel_capacity","barge_delivery","plane_delivery","road_delivery","inspected_by_uscg","fuel_supplier","recommendations_by_aea","distance_to_barge_mooring","tank_farm_evaluation_id","data_source","report","geometry"
"9C729250-0809-4D28-8591-7130D402279B",3,,"141-BF-06","0216360","Louisiana Pacific Ketchikan PulpCoffman Cove, AK 99918",,45842,,,,,,false,false,true,false,,,,727,AEA,"2015 Assessment",POINT (-132.8306884765625 56.0111083984375)
D54CE33A-6C0C-486B-ABA1-2034B64E891D,5,,,"0216360",R&R Fuels,2,5000,5000,0,,,,false,false,true,false,Petro Marine,"Site Location: Tank farm in flood plain;  Facility threatened by coastal erosion/avalanche/river erosion/other;  Tank Farm within 100-feet of a well. 
Secondary Containment:  No containment;  Inadequate containment. 
Foundations:  Belly of tank more than ",,729,AEA,"2015 Assessment",POINT (-132.82830810546875 56.0142822265625)
DF11E142-0A1B-4FD7-870D-B2432FB23B38,6,,"149-BF-03","0217740",Petro Marine Services,,320010,,,,,,true,false,false,false,,,,774,AEA,"2015 Assessment",POINT (-133.1405029296875 55.4888916015625)
"3713199D-C95C-4158-ADFE-C5C1FE425640",7,,"150-BF-08","0217740",Ward Cove Packing,,1100,,,,,,true,false,false,false,,,,775,AEA,"2015 Assessment",POINT (-133.13677978515625 55.47607421875)
A3C5A24A-8CD9-4E80-B046-F4962CD034BE,7,,"150-BF-08","0217740",Ward Cove Packing,,1100,,,,,,true,false,false,false,,,,775,AEA,"2015 Assessment",POINT (-133.13677978515625 55.47607421875)
"5CE97A73-0D33-4600-836B-A3E084CE3826",8,,"148-BF-02","0217740",Alaska Power & Telephone,4,21900,,21900,,,,true,false,false,false,Petro Marine,"Site Location: Tank farm in flood plain;  Facility threatened by coastal erosion/avalanche/river erosion/other;  Tank Farm within 100-feet of a well.
Secondary Containment:  No containment;  Inadequate containment.
Foundations: Belly of tank more than 12i",,776,AEA,"2015 Assessment",POINT (-132.8280029296875 56.01727294921875)
"21DDAD1B-9C61-47BD-A8C6-33E062CB10ED",9,,,"0217740",City of Craig,,998,,,,,,true,false,false,false,,,,777,AEA,"2015 Assessment",POINT (-133.13690185546875 55.47607421875)
"5C69DCCA-C3EA-4055-A242-C577155B97AB",10,,,"0217740",AT&T/Alascom,,2000,,,,,,true,false,false,false,,,,778,AEA,"2015 Assessment",POINT (-133.14739990234375 55.47650146484375)
C0620CC1-EBEF-4F2F-AF56-158342519586,12,,"149-BF-02","0217740","Senior ApartmentTlingit-Haida Regional Housing Authority5446 Jenkins Dr.Juneau, AK 99801",,1100,,,,,,true,false,false,false,,,,854,AEA,"2015 Assessment",POINT (-133.14080810546875 55.47247314453125)
"96E5368E-7124-4460-A687-759DC084F019",13,,,"0222140",Elfin Cove Community Council,3,102465,,98000,,,,true,false,false,false,,,,625,AEA,,POINT (-136.34649658203125 58.19427490234375)
"31253619-C27C-45C2-B04C-29DC2F737A49",14,,,"0230940",Dick Levitt,,108740,,,,,,true,false,false,false,,,,663,AEA,,POINT (-135.88739013671875 58.4525146484375)
"375B0BE8-37A8-4560-8FF4-1D5C1841820D",15,,,"0230940",Glacier Bay National Park,,7600,,,,,,true,false,false,false,,,,858,AEA,,POINT (-135.868408203125 58.4556884765625)
F90B614D-0126-446C-8EA2-D45D46B53701,16,,,"0230940",Dick Levitt,,9432,,,,,,true,false,false,false,,,,664,AEA,,POINT (-135.70941162109375 58.42352294921875)
"2BE14DE6-6F88-4708-9D02-A0D0695E325F",17,,,"0230940","Dick LevittPower Plant GeneratorsGustavus Dray, Inc.",,2938,,,,,,true,false,false,false,,,,665,AEA,,POINT (-135.88787841796875 58.45269775390625)
B057ED6C-AB74-4C0C-A33E-C27C193AC3EA,18,,,"0230940",Dick Levitt,,7520,,,,,,true,false,false,false,,,,666,AEA,,POINT (-135.72637939453125 58.4124755859375)
"8B7B524E-71CF-40B9-BE1E-CAE473BC5CE7",19,,,"0230940",Whalesong Lodge,,1000,,,,,,true,false,false,false,,,,859,AEA,,POINT (-135.88250732421875 58.4547119140625)
BB50F72C-CB36-4632-9736-BFCF1FD13E72,26,,,"0233360",Hoonah Oil Company/L Kane StoreCorrine Thompson,,101360,,,,,,true,false,false,false,,,,619,AEA,,POINT (-135.4530029296875 58.11492919921875)
"173A65EE-29AC-4AA7-AA27-766F4B89A6C3",27,,,"0233360",Hoonah Cold Storage,,1971,,,,,,true,false,false,false,,,,18,AEA,,POINT (-135.44781494140625 58.1094970703125)
"1D3152B7-FC9D-4968-B000-12057FAB74D7",30,,"223-BF-01","0233360",Ward Cove Packing Company,,6100,,,,,,true,false,false,false,,,,620,AEA,,POINT (-135.4495849609375 58.113525390625)
"473D6546-4125-4228-8C36-95B76AA0FC27",32,,,"0233360",Hoonah Public Works,,2000,,,,,,true,false,false,false,,,,622,AEA,,POINT (-135.44061279296875 58.10992431640625)
"9BCB41EC-DF28-4A3E-BDB7-216A0745DF9E",33,,"223-BF-10","0233360",Whitestone Logging,,71257,,,,,,true,false,false,false,,,,623,AEA,,POINT (-135.46771240234375 58.096923828125)
"1C7E00F7-FF5D-4FA7-8DA7-64B429F2682D",34,,"223-BF-09","0233360","Tlingit-Haida Regional Housing AuthorityHemlock Street and Raven DriveHoonah, Alaska 99829",,1100,,,,,,true,false,false,false,,,,850,AEA,,POINT (-135.4390869140625 58.110107421875)
EF0093E9-D1F3-42AA-B772-A3A3E6267575,35,,"223-BF-11","0233360","Tom Budd ResidenceFirst StreetHoonah, Alaska 99829",,700,,,,,,true,false,false,false,,,,851,AEA,,POINT (-135.44708251953125 58.111328125)
"92136E75-35E2-441E-86C7-EB3CFA08A9C6",36,,"232-BF-03","0234460",Haida Oil Products,,100000,,,,,,true,false,false,false,,,,670,AEA,"2015 Assessment",POINT (-132.8275146484375 55.20489501953125)
FAFA9E0C-DDE5-4987-8789-2B08C79EA31C,38,,"232-BF-02","0234460",Haida Apartment BuildingTlingit-Haida Regional Housing Authority,,1000,,,,,,true,false,false,false,,,,855,AEA,"2015 Assessment",POINT (-132.8223876953125 55.20611572265625)
"3585D40E-898B-4939-9239-5E8763D652DB",39,,"257-BF-18","0237650",Kasaan Power,,19992,,,,,,true,false,false,false,,,,672,AEA,,POINT (-132.396484375 55.535888671875)
"7A634204-0D42-424E-B19E-058E52FB63DB",40,,"257-BF-16","0237650",Kasaan Bulk Fuel,,10208,,,,,,true,false,false,false,,,,673,AEA,,POINT (-132.39581298828125 55.5364990234375)
D1E9B280-33D0-4584-B779-96F3378A1E4B,41,,"257-BF-01","0237650",Norpex Lumber,,10000,,,,,,true,false,false,false,,,,856,AEA,,POINT (-132.39599609375 55.5377197265625)
"0B7A618A-4185-4D5C-8B45-57361B2432E2",42,,,"0240400",Klawock Island Fuels,,120000,,,,,,true,false,false,false,,,,674,AEA,"2015 Assessment",POINT (-133.08160400390625 55.552490234375)
"3B7A4949-DC0C-4487-A692-3A82A1E0208D",43,,"268-BF-01","0240400","Tlingit-Haida Regional Electric Authority12480 Mendenhall Loop RoadJuneau, AK  99803",,1000,,,,,,true,false,false,false,,,,675,AEA,"2015 Assessment",POINT (-133.09600830078125 55.5543212890625)
"596974D7-F780-4D0D-AD2B-2F58BAC71571",44,,,"0240400",Viking Lumber Co.,,19984,,,,,,true,false,false,false,,,,676,AEA,"2015 Assessment",POINT (-133.102294921875 55.54132080078125)
"3F596E2B-A780-43C1-A340-4B36328A1F83",45,,,"0248870",Guthrie Fuel Service,,117000,,,,,,true,false,false,false,,,,886,AEA,"2015 Assessment",POINT (-131.56060791015625 55.12127685546875)
A1945276-60BA-4DE2-8B03-D3ED2EAEBA26,46,,,"0248870",Louisiana Pacific Ketchikan/Annette Hemlock Mill,,11300,,,,,,true,false,false,false,,,,887,AEA,"2015 Assessment",POINT (-131.56390380859375 55.1248779296875)
ED4F5011-31F9-4D8C-88A0-EED50DDE9C4C,47,,"294-BF-03","0248870",Annette Island Gas Service,7,77400,30000,45600,,,,true,false,false,false,Petro Marine,"Site Location: Tank farm in flood plain; Facility threatened by coastal erosion/avalanche/river erosion/other; Tank Farm within 100-feet of a well. 
Secondary Containment:  No containment; Inadequate containment. 
Foundations:  Belly of tank more than 12i",400,888,AEA,"2015 Assessment",POINT (-131.5576171875 55.12371826171875)
"93B075DF-FD65-4374-83EE-F837CEB612AA",48,,,"0248870",Metlakatla Power and Light,10,411800,,410000,,,1800,true,false,false,false,Petro Marine,"Site Location: Tank farm in flood plain; Facility threatened by coastal erosion/avalanche/river erosion/other; Tank Farm within 100-feet of a well. 
Secondary Containment:  No containment; Inadequate containment. 
Foundations:  Belly of tank more than 12i",100,889,AEA,"2015 Assessment",POINT (-131.54608154296875 55.11712646484375)
ABC8D56B-A787-4CE7-A688-D7B9AAD7DE8B,54,,,"0259650","Pelican SeafoodsKake Tribal CorporationBox 263Kake, AK",,145185,,,,,,true,false,false,false,,,,626,AEA,,POINT (-136.2318115234375 57.9600830078125)
"9E08B983-031B-412A-99CF-E3CD28560FC4",55,,,"0259650",Pelican City Schools,,2000,,,,,,true,false,false,false,,,,852,AEA,,POINT (-136.221923828125 57.9569091796875)
B5F9DF89-516A-4284-9CF3-8F1871A3A263,56,,,"0261190",Point Baker Trading Post,,20180,,,,,,true,false,false,false,,,,874,AEA,,POINT (-133.62261962890625 56.35369873046875)
"8D44AF61-AB31-4870-AB4E-4D0246D4376E",57,,,"0263870",Wooden Wheel Cove Trading Post,,24094,,,,,,true,false,false,false,,,,878,AEA,,POINT (-133.61248779296875 56.32232666015625)
"5EB1AA1E-67B9-4C04-8A91-2EEE1893AB22",61,,,"0277140",Petro Alaska,,276000,,,,,,true,false,false,false,,,,677,AEA,"2015 Assessment",POINT (-132.5416259765625 55.6903076171875)
"86E650B9-1319-42EF-B571-A4AFD46E468A",62,,,"0277140",City of Thorne Bay,,6000,,,,,,true,false,false,false,,,,678,AEA,"2015 Assessment",POINT (-132.5225830078125 55.68548583984375)
"44A8C085-BF24-471E-871F-5A8A8E0BED6F",63,,,"0277140",U.S. Forest Service,,20455,,,,,,true,false,false,false,,,,679,AEA,"2015 Assessment",POINT (-132.53228759765625 55.6881103515625)
"1B7CC7FC-1C14-46E8-8611-7A87DEBB6A85",64,,,"0277140",Monty McDonald,2,9000,5000,4000,,,,true,false,false,false,Petro Marine,"Site Location: Tank farm in flood plain; Facility threatened by coastal erosion/avalanche/river erosion/other; Tank Farm within 100-feet of a well. 
Secondary Containment:  No containment; Inadequate containment. 
Foundations:  Belly of tank more than 12i",,680,AEA,"2015 Assessment",POINT (-132.53228759765625 55.6881103515625)
"65B42E6B-24F8-4E87-94F1-6944E74EE67B",64,,,"0277140",Monty McDonald,2,9000,5000,4000,,,,true,false,false,false,Petro Marine,"Site Location: Tank farm in flood plain; Facility threatened by coastal erosion/avalanche/river erosion/other; Tank Farm within 100-feet of a well. 
Secondary Containment:  No containment; Inadequate containment. 
Foundations:  Belly of tank more than 12i",,680,AEA,"2015 Assessment",POINT (-132.53228759765625 55.6881103515625)
"6DDFF002-8AD8-4274-9BB0-7EC701513845",66,,,"0277140",Donald Hayes - Bayview Fuel and Tire,1,2000,2000,0,,,,true,false,false,false,Petro Marine,"Site Location: Tank farm in flood plain; Facility threatened by coastal erosion/avalanche/river erosion/other; Tank Farm within 100-feet of a well. 
Secondary Containment:  No containment; Inadequate containment. 
Foundations:  Belly of tank more than 12i",,682,AEA,"2015 Assessment",POINT (-132.52520751953125 55.68511962890625)
"43AF95F7-DBE3-4585-87E8-E416FF06342B",72,,"256-BF-01","0237540",Native Village of Karluk,,50000,,,,,,true,false,false,false,,,,173,AEA,,POINT (-154.43560791015625 57.5640869140625)
FC7172A9-1AD9-4D0C-A042-488D9BE77C44,73,,"283-BF-01","0243040",Kodiak Salmon Packers,,128900,,,,,,true,false,false,false,,,,63,AEA,,POINT (-153.99029541015625 57.5377197265625)
"801CC974-B897-41D3-A9FB-A3B7C883E0FA",77,,"351-BF-01","0257340",Old Harbor Fuel Company,,76400,,,,,,true,false,false,false,,,,646,AEA,,POINT (-153.305908203125 57.20428466796875)
"0491888E-6920-4836-8099-4A0EE9529B8A",79,,"351-BF-02","0257340",Old Harbor Native Corporation,,5300,,,,,,true,false,false,false,,,,648,AEA,,POINT (-153.305908203125 57.20428466796875)
D98885C5-A822-4810-810F-CB8B2F5DFDB0,80,,,"0258550",Ouzinkie Native Corp. Fuel Facility,,71600,,,,,,true,false,false,false,,,,649,AEA,,POINT (-152.4871826171875 57.92108154296875)
"63C5CA7F-C393-4342-8E80-D7F62055405D",83,,"366-BF-01","0263280",Port Graham Corporation,,91200,,,,,,true,false,false,false,,,,57,AEA,,POINT (-151.82928466796875 59.35028076171875)
"7C257586-80F1-486E-8553-C7820F24243E",84,,,"0263610","Port Lions Tribal Council, dba",,90600,,,,,,true,false,false,false,,,,834,AEA,,POINT (-152.8804931640625 57.868896484375)
"643042A2-CA9E-4BF2-B2DA-99F186999078",85,,"370-BF-03","0263610",Kodiak Electric Association,,1100,,,,,,true,false,false,false,,,,835,AEA,,POINT (-152.8828125 57.86810302734375)
"8A61B008-E3EC-4C08-8075-DDF79CCEE7F8",87,,,"0212970",Chenega Bay IRA Council,,60000,,,,,,true,false,false,false,,,,992,AEA,,POINT (-148.00982666015625 60.06549072265625)
"21834ECF-DD77-4715-AAE4-CF990659EA4F",88,,"126-BF-03","0212970","Chugach School District9312 Vanguard Drive, Suite 100Anchorage, Alaska  99507",,10000,,,,,,true,false,false,false,,,,993,AEA,,POINT (-148.0126953125 60.065673828125)
"4DB9B26B-6708-445E-8807-973AB9424037",89,,"126-BF-16","0212970",Chugach School District,,2000,,,,,,true,false,false,false,,,,615,AEA,,POINT (-148.01202392578125 60.06591796875)
"199DCD38-B4D0-4C40-B569-F661EB0257D1",90,ANC-C-014,,"0214330",City of Chuathbaluk,2,17100,16000,16000,,,,true,false,false,true,,,,142,AEA,,POINT (-159.2467041015625 61.5718994140625)
"0B4B4DA6-9C1B-4718-9A8F-EF5DCAB522D8",92,,"138-BF-01","0214330",Middle Kuskokwim Electric Cooperative,,6200,,,,,,true,false,false,false,,,,297,AEA,,POINT (-159.23919677734375 61.5753173828125)
B5D70A47-AC0D-44DA-80B7-98684B3A142F,92,,"138-BF-01","0214330",Middle Kuskokwim Electric Cooperative,,6200,,,,,,true,false,false,false,,,,297,AEA,,POINT (-159.23919677734375 61.5753173828125)
EE1FBA59-8354-45FF-8D5B-ADC9DDBE6A5E,95,,"423-BF-02","0275380",Native Village of Tatitlek (IRA),,10000,,,,,,true,false,false,false,,,,717,AEA,Best Practice Assessment,POINT (-146.6793212890625 60.86328125)
"50CEEB5E-B9DA-441B-A466-12FD715E29CC",95,,"423-BF-02","0275380",Native Village of Tatitlek (IRA),,10000,,,,,,true,false,false,false,,,,717,AEA,Best Practice Assessment,POINT (-146.6793212890625 60.86328125)
"4772434D-F5AF-48B9-8585-F49B2EDACA93",97,,"423-BF-01","0275380","State of Alaska, DOT&PF",,3000,,,,,,true,false,false,false,,,,719,AEA,,POINT (-146.68719482421875 60.87152099609375)
"73EF2225-6598-4DE7-AFC3-A4F4A4A8712F",98,,,"0201305",Alaska Power and Telephone,,10500,,,,,,false,true,false,false,,,,704,AEA,,POINT (-152.70172119140625 66.5540771484375)
D573C229-77DD-4562-A220-718A3BE11844,99,,,"0201860",City of Allakaket,,12000,,,,,,false,true,false,false,,,,667,AEA,"2015 Assessment & Best Practice Assessment",POINT (-152.65087890625 66.56109619140625)
A8E15613-2636-4E8E-A76D-BF767EC36F40,100,,,"0201860",Allakatna Co-op Store,,9252,,,,,,false,true,false,false,,,,131,AEA,"2015 Assessment",POINT (-152.65130615234375 66.56109619140625)
"8C281BCB-FCAF-4D86-A387-5CDD46D6DE01",101,,,"0201860","Yukon-Koyukuk School DistrictGeneral DeliveryAllakaket, AK 99720",5,19000,,19000,,,,false,true,false,false,Everts Air Cargo,"Site Location: Tank farm in flood plain Facility threatened by coastal erosion/avalanche/river erosion/other; Tank Farm within 100-feet of a well
Secondary Containment: No containment; Inadequate containment. 
Foundations: Belly of tank more than 12in",,132,AEA,"2015 Assessment",POINT (-152.64398193359375 66.5634765625)
"88246794-EB2D-40A0-971E-D1F2490858D5",101,,,"0201860","Yukon-Koyukuk School DistrictGeneral DeliveryAllakaket, AK 99720",5,19000,,19000,,,,false,true,false,false,Everts Air Cargo,"Site Location: Tank farm in flood plain Facility threatened by coastal erosion/avalanche/river erosion/other; Tank Farm within 100-feet of a well
Secondary Containment: No containment; Inadequate containment. 
Foundations: Belly of tank more than 12in",,132,AEA,"2015 Assessment",POINT (-152.64398193359375 66.5634765625)
"8A77CC14-5CFE-4749-8376-7AA7F17E5A30",102,,,"0201860",Yukon-Koyukuk School District,,1500,,,,,,false,true,false,false,,,,133,AEA,"2015 Assessment",POINT (-152.6439208984375 66.563720703125)
D8DD03D1-0045-4F20-808E-99BCCD553C35,103,,,"0201860",Brice Construction,,10000,,,,,,false,true,false,false,,,,705,AEA,"2015 Assessment",POINT (-152.651123046875 66.56109619140625)
"9CEC70E8-E407-458B-A62B-57821D8B6094",104,,"115-BF-10","0203550",Department of Transportation & Public Facilities,,3800,,,,,,true,false,false,false,,,,567,AEA,,POINT (-159.54302978515625 61.5806884765625)
"6703BC9D-F2E8-4C08-A4D3-CEB43610384B",105,,"115-BF-03","0203550",Arctic Transportation Service,,4000,,,,,,true,false,false,false,,,,585,AEA,,POINT (-159.53582763671875 61.57427978515625)
"3FF37BD1-5EF6-44F1-A580-1D075BF23D76",106,,"115-BF-16","0203550",Steve Hill,,21000,,,,,,true,false,false,false,,,,584,AEA,,POINT (-159.54620361328125 61.581298828125)
"1D74665A-CC9A-41A2-A6E3-DB563298ACE6",107,,"115-BF-15","0203550",Ryan Air,,72230,,,,,,true,false,false,false,,,,2,AEA,,POINT (-159.5352783203125 61.57489013671875)
"3EDD2A9C-65E1-4B69-95C6-B86EF44C2A59",108,,"115-BF-07","0245460",Kuspuk School District,,142100,,,,,,true,false,false,true,,,,137,AEA,,POINT (-159.2490234375 61.5731201171875)
"405CC19C-36AB-4808-8AB1-CDE994AED352",108,,"115-BF-07","0281320",Kuspuk School District,,142100,,,,,,true,false,false,true,,,,137,AEA,,POINT (-159.2490234375 61.5731201171875)
D177DC96-6782-4B7A-A0DF-F5FAC47DCF3F,108,,"115-BF-07","0214330",Kuspuk School District,,142100,,,,,,true,false,false,true,,,,137,AEA,,POINT (-159.551025390625 61.58087158203125)
EE90D296-0F4B-47F2-A7ED-8AAE074E53AD,108,,"115-BF-07","0203550",Kuspuk School District,,142100,,,,,,true,false,false,true,,,,137,AEA,,POINT (-159.551025390625 61.58087158203125)
A683A9D1-FB48-4678-8EFF-35498B21F2A5,108,,"115-BF-07","0281320",Kuspuk School District,,142100,,,,,,true,false,false,true,,,,137,AEA,,POINT (-159.2490234375 61.5731201171875)
A6656A06-FB6E-44F6-8DEB-0A79C30970C9,108,,"115-BF-07","0264930",Kuspuk School District,,142100,,,,,,true,false,false,true,,,,137,AEA,,POINT (-159.2490234375 61.5731201171875)
"08EF11A1-FAD7-4BF0-B868-E46655E8EA48",111,,"115-BF-06","0203550",Moffitt Contracting Co.,,349000,,,,,,true,false,false,false,,,,570,AEA,,POINT (-159.54541015625 61.58111572265625)
C07AC1AD-4251-4C10-86A0-278F8ECD612C,111,,"115-BF-06","0203550",Moffitt Contracting Co.,,349000,,,,,,true,false,false,false,,,,570,AEA,,POINT (-159.54541015625 61.58111572265625)
"84F06B79-99E4-427C-83B3-79E25AA7481C",112,,"115-BF-18","0203550",Bush-Tell,,6000,,,,,,true,false,false,false,,,,586,AEA,,POINT (-159.53387451171875 61.5806884765625)
"2D3C9A98-7E19-4E00-9BCB-CF2BE0589B99",113,,"114-BF-03","0203550",Alaska Commercial Co.,,15200,,,,,,true,false,false,false,,,,138,AEA,,POINT (-159.54400634765625 61.5806884765625)
"5C421205-5987-413D-96B8-2DE9EBCF4A59",115,,"115-BF-01","0203550",Hageland Aviation Service,,1900,,,,,,true,false,false,false,,,,571,AEA,,POINT (-159.53472900390625 61.57427978515625)
FF611883-59A7-4F35-9580-8631875F301E,117,,,"0203880","Ingalik, Inc.",,20310,,,,,,true,false,false,false,,,,4,AEA,,POINT (-160.19769287109375 62.6527099609375)
D61016DB-4F79-41D7-AFAA-FAA6C912824A,117,,,"0203880","Ingalik, Inc.",,20310,,,,,,true,false,false,false,,,,4,AEA,,POINT (-160.19769287109375 62.6527099609375)
FF09F5E1-BD51-4156-859E-5064DAB7B4FE,119,,,"0203880",Chase Enterprises Store,,10520,,,,,,true,false,false,false,,,,6,AEA,,POINT (-160.2086181640625 62.65631103515625)
DC5823E8-AB66-4C44-A453-9F0A1FFBA77F,120,,"115-BF-02","0203880","Anvik Commercial Company General Delivery Anvik, AK 99558",,16555,,,,,,true,false,false,false,,,,7,AEA,,POINT (-160.198486328125 62.65252685546875)
"376EBA89-4D26-4E3E-9BBE-1F3848E6B697",121,,,"0203880",City of Anvik,,6500,,,,,,true,false,false,false,,,,8,AEA,,POINT (-160.19879150390625 62.65252685546875)
"3F4D3DE2-6539-41BA-9378-0C54BD000B01",124,,,"0203990",Arctic Village Electric Co.,,12000,,,,,,false,true,false,false,,,,424,AEA,,POINT (-145.53887939453125 68.12548828125)
F84F522D-6A01-40D7-9D01-97D1EF0E401B,125,,,"0203990",U.S. Fish and Wildlife Service,,4105,,,,,,false,true,false,false,,,,425,AEA,,POINT (-145.5701904296875 68.12127685546875)
DDA6FB76-5380-4BC4-93FD-1522BFE1A796,126,,,"0203990",Village Gas Sales,2,22000,5000,17000,,,,false,true,false,false,,,,426,AEA,,POINT (-145.5369873046875 68.12689208984375)
"2425287B-91A3-44C7-8A88-44E42DF0BFD8",127,,,"0203990",Village Council Office,,5455,,,,,,false,true,false,false,,,,427,AEA,,POINT (-145.53558349609375 68.1279296875)
"9CEDCD36-9995-4BC2-BF28-E57031C681F3",130,,,"0205750",Beaver Tribal CouncilInuit Store Gasoline Tanks (Airport),,2000,,,,,,true,true,false,false,,,,618,AEA,"2016 Letter Report",POINT (-147.4010009765625 66.36151123046875)
"4F994E16-6208-479F-B3B2-22194B179F84",133,,,"0206630",Alaska Power & Telephone,,85000,,,,,,false,true,false,false,,,,706,AEA,,POINT (-151.50811767578125 66.92352294921875)
"086531C1-92F4-4C8B-95C4-BA197AAAD587",134,,,"0206630",Brooks Range Aviation,,6100,,,,,,false,true,false,false,,,,707,AEA,,POINT (-151.5166015625 66.91827392578125)
DFFEA010-C78E-4C70-A5A9-0089FFA544FA,135,,,"0206630",Bettles Lodge,,10000,,,,,,false,true,false,false,,,,708,AEA,,POINT (-151.51397705078125 66.9193115234375)
"0C5BEC21-0D02-4217-BB25-11C53F2A57C2",136,,,"0206630",Ace Supply Store,,13600,,,,,,false,true,false,false,,,,709,AEA,,POINT (-151.5076904296875 66.92169189453125)
"95BA79A7-EECB-4B9D-8F6C-82D0C48A0838",137,,,"0206630",Evansville Tribal Council,,5000,,,,,,false,true,false,false,,,,710,AEA,,POINT (-151.50909423828125 66.92132568359375)
"87208110-3640-4A7D-8C1C-B9F9D1A56ED7",139,,,"0207620",Dendu Gwich'in Tribal Council,2,7800,,7800,,,,false,true,false,false,Everts Air Cargo,"Site Location: Tank farm in flood plain;  Facility threatened by coastal erosion/avalanche/river erosion/other;  Tank Farm within 100-feet of a well.
Secondary Containment: No containment;  Inadequate containment.
Foundations:  Belly of tank more than 12i",,428,AEA,"2017 Letter Report",POINT (-145.81890869140625 66.26312255859375)
"511E9D7F-D0E3-4EF9-B65E-2C96CF56044A",139,,,"0207620",Dendu Gwich'in Tribal Council,2,7800,,7800,,,,false,true,false,false,Everts Air Cargo,"Site Location: Tank farm in flood plain;  Facility threatened by coastal erosion/avalanche/river erosion/other;  Tank Farm within 100-feet of a well.
Secondary Containment: No containment;  Inadequate containment.
Foundations:  Belly of tank more than 12i",,428,AEA,"2017 Letter Report",POINT (-145.81890869140625 66.26312255859375)
ABEFFA98-89B3-488A-9157-894CD825033A,139,,,"0207620",Dendu Gwich'in Tribal Council,2,7800,,7800,,,,false,true,false,false,Everts Air Cargo,"Site Location: Tank farm in flood plain;  Facility threatened by coastal erosion/avalanche/river erosion/other;  Tank Farm within 100-feet of a well.
Secondary Containment: No containment;  Inadequate containment.
Foundations:  Belly of tank more than 12i",,428,AEA,"2017 Letter Report",POINT (-145.81890869140625 66.26312255859375)
"679C1FC6-00CF-4BC3-93B7-21630B847652",139,,,"0207620",Dendu Gwich'in Tribal Council,2,7800,,7800,,,,false,true,false,false,Everts Air Cargo,"Site Location: Tank farm in flood plain;  Facility threatened by coastal erosion/avalanche/river erosion/other;  Tank Farm within 100-feet of a well.
Secondary Containment: No containment;  Inadequate containment.
Foundations:  Belly of tank more than 12i",,428,AEA,"2017 Letter Report",POINT (-145.81890869140625 66.26312255859375)
"3B2B6CA7-1382-4D85-95B1-02BFB635F737",144,,"124-BF-02","0211800",Yukon Flats School District & Chalkyitsik Village Council,15,69475,,69475,,,,false,true,false,false,Everts Air Cargo,"Site Location: Tank farm in flood plain;  Facility threatened by coastal erosion/avalanche/river erosion/other;  Tank Farm within 100-feet of a well. 
Secondary Containment: No containment;  Inadequate containment. 
Foundations:  Belly of tank more than 1",,1031,AEA,"2016 Letter Report & Best Practice Assessment",POINT (-143.7288818359375 66.65008544921875)
"002D6C33-4661-4F1D-AA72-EFC096D8B369",145,,"123-BF-02","0211800",Chalkyitsik Native Corporation Store,2,5500,5200,300,,,,false,true,false,false,Everts Air Cargo,"Site Location: Tank farm in flood plain;  Facility threatened by coastal erosion/avalanche/river erosion/other; Tank Farm within 100-feet of a well.
Secondary Containment: No containment;  Inadequate containment.
Foundations:  Belly of tank more than 12in",,1032,AEA,"2016 Letter Report & Best Practice Assessment",POINT (-143.72149658203125 66.6536865234375)
BEF19A88-DBAC-4119-9202-5151653EB319,145,,"123-BF-02","0211800",Chalkyitsik Native Corporation Store,2,5500,5200,300,,,,false,true,false,false,Everts Air Cargo,"Site Location: Tank farm in flood plain;  Facility threatened by coastal erosion/avalanche/river erosion/other; Tank Farm within 100-feet of a well.
Secondary Containment: No containment;  Inadequate containment.
Foundations:  Belly of tank more than 12in",,1032,AEA,"2016 Letter Report & Best Practice Assessment",POINT (-143.72149658203125 66.6536865234375)
C5CD2299-5D48-457E-A887-9914B94A3D80,147,,"123-BF-01","0211800",Chalkyitsik Native Corporation Airport Tank,3,9300,5200,4100,,,,false,true,false,false,Everts Air Cargo,"Site Location: Tank farm in flood plain; Facility threatened by coastal erosion/avalanche/river erosion/other; Tank Farm within 100-feet of a well.
Secondary Containment: No containment;  Inadequate containment.
Foundations:  Belly of tank more than 12in ",,1033,AEA,"2016 Letter Report & Best Practice Assessment",POINT (-143.72802734375 66.6492919921875)
"11407B2E-1F8B-4824-8AAC-2506B9FF7215",147,,"123-BF-01","0211800",Chalkyitsik Native Corporation Airport Tank,3,9300,5200,4100,,,,false,true,false,false,Everts Air Cargo,"Site Location: Tank farm in flood plain; Facility threatened by coastal erosion/avalanche/river erosion/other; Tank Farm within 100-feet of a well.
Secondary Containment: No containment;  Inadequate containment.
Foundations:  Belly of tank more than 12in ",,1033,AEA,"2016 Letter Report & Best Practice Assessment",POINT (-143.72802734375 66.6492919921875)
"5C8BA5EB-7A40-4B8F-80DD-58E08A2E84BF",151,,"150-BF-02","0217850",Native Village of Crooked Creek,,7600,,,,,,true,false,false,false,,,,144,AEA,,POINT (-158.13128662109375 61.8651123046875)
"44244771-16B8-40ED-9FF2-2D77E405955A",152,ANC-C-023,"150-BF-05","0217850",Dennis Thomas,2,47100,40000,40000,,,,true,false,false,true,,,,572,AEA,,POINT (-158.11297607421875 61.86932373046875)
"251778BF-3735-4E77-8E9B-5ABB3A33E2AA",154,,"150-BF-06","0217850",New Washeteria-PHS,,9500,,,,,,true,false,false,false,,,,573,AEA,,POINT (-158.13739013671875 61.8604736328125)
D92BD537-BC5E-45D8-B5D5-467F33E6FB74,156,,"203-BF-08","0226760","Yukon Fuel Co. / Yutana Barge Lines Fort Yukon, AK 99740",,73800,,,,,,true,true,false,false,,,,590,AEA,"2015 Assessment",POINT (-145.259521484375 66.564697265625)
"807124A8-0A6D-42E6-98ED-616888004B49",157,,,"0226760",Yukon Flats School District,4,42000,,42000,,,,true,true,false,false,Crowley,"Site Location: Tank farm in flood plain; Facility threatened by coastal erosion/avalanche/river erosion/other; Tank Farm within 100-feet of a well. 
Secondary Containment:  No containment; Inadequate containment. 
Foundations:  Belly of tank more than 12",,1051,AEA,"2015 Assessment",POINT (-147.3966064453125 66.35968017578125)
"58EE35A2-3A08-4BA7-BF4C-04E89E4D064C",158,,"200-BF-01","0226760",Frontier Flying Service,,10500,,,,,,true,true,false,false,,,,575,AEA,"2015 Assessment",POINT (-145.25811767578125 66.56787109375)
D16B7CA0-CE7A-4D65-864E-5B2599DECFA6,158,,"200-BF-01","0227530",Frontier Flying Service,,10500,,,,,,true,true,false,false,,,,575,AEA,"2015 Assessment",POINT (-145.25811767578125 66.56787109375)
"50539CE7-AE72-4BE5-B34B-5CFE5FD44568",159,,,"0226760",Bureau of Land Management,,2700,,,,,,true,true,false,false,,,,19,AEA,"2015 Assessment",POINT (-145.25799560546875 66.565673828125)
CC88A802-1D40-443D-9C55-23F9F8729518,160,,"202-BF-01","0226760",Yukon Air Service,,6000,,,,,,true,true,false,false,,,,20,AEA,"2015 Assessment",POINT (-145.25927734375 66.56768798828125)
AA4C91F1-4525-4ADD-93A3-F931F44C5C74,161,,"202-BF-09","0226760",Sheenjek River Air Service,,4100,,,,,,true,true,false,false,,,,21,AEA,"2015 Assessment",POINT (-145.25872802734375 66.56787109375)
"881A7E25-6B8E-43C5-872F-FBB1810B9115",162,,,"0226760",City of Ft. Yukon,,0,,,,,,true,true,false,false,,,,591,AEA,"2015 Assessment",POINT (-145.25799560546875 66.56427001953125)
"6EE0E40F-5A4C-4F71-BA4A-EF0463967C3F",163,,,"0226760",BLM Alaska Fire Service,,35000,,,,,,true,true,false,false,,,,576,AEA,"2015 Assessment",POINT (-145.25872802734375 66.56451416015625)
"141C56EE-1656-43B6-9311-09A4CA8FE92C",164,,"201-BF-01","0226760",Gwitchyaa Zhee Corporation,3,34000,,34000,,,,true,true,false,false,Crowley,"Site Location:  Tank farm in flood plain;  Facility threatened by coastal erosion/avalanche/river erosion/other;  Tank Farm within 100-feet of a well
Secondary Containment: No containment;  Inadequate containment.
Foundations:  Belly of tank more than ",,105,AEA,"2015 Assessment",POINT (-145.25830078125 66.56451416015625)
B78D59B6-B929-4BBF-83B0-AFBDE59D3954,164,,"201-BF-01","0226760",Gwitchyaa Zhee Corporation,3,34000,,34000,,,,true,true,false,false,Crowley,"Site Location:  Tank farm in flood plain;  Facility threatened by coastal erosion/avalanche/river erosion/other;  Tank Farm within 100-feet of a well
Secondary Containment: No containment;  Inadequate containment.
Foundations:  Belly of tank more than ",,105,AEA,"2015 Assessment",POINT (-145.25830078125 66.56451416015625)
DE72FA99-EE26-4F59-BC5C-04A00137E955,164,,"201-BF-01","0226760",Gwitchyaa Zhee Corporation,3,34000,,34000,,,,true,true,false,false,Crowley,"Site Location:  Tank farm in flood plain;  Facility threatened by coastal erosion/avalanche/river erosion/other;  Tank Farm within 100-feet of a well
Secondary Containment: No containment;  Inadequate containment.
Foundations:  Belly of tank more than ",,105,AEA,"2015 Assessment",POINT (-145.25830078125 66.56451416015625)
"6BF83DA9-AFD6-420C-BA70-0BCC46214100",165,,"202-BF-02","0226760",White Alice,,19000,,,,,,true,true,false,false,,,,22,AEA,"2015 Assessment",POINT (-145.20770263671875 66.55950927734375)
D6A3659F-8B2C-4447-BE15-E82D27D62AF2,166,,"200-BF-03","0226760",Dan Teager,,3500,,,,,,true,true,false,false,,,,23,AEA,"2015 Assessment",POINT (-145.25909423828125 66.564697265625)
"8628475F-5F6A-41CC-9E19-59184B52A870",167,,,"0227530",Gana A'Yoo/Galena Airport,,100000,,,,,,true,false,false,false,,,,892,AEA,"2015 Assessment",POINT (-156.96221923828125 64.740478515625)
F2783EA8-D735-446B-A993-92559DEB2E11,168,,,"0227530",Warbelow's Air Service,,37000,,,,,,true,false,false,false,,,,893,AEA,"2015 Assessment",POINT (-156.944091796875 64.73907470703125)
"94FF39D9-B453-4A2D-BD74-6A160024C80D",171,,,"0227530",Yukon Fuel Company,,100000,,,,,,true,false,false,false,,,,697,AEA,"2015 Assessment",POINT (-156.9188232421875 64.73388671875)
"5283F15A-66DA-4487-8444-EC1A2C43934D",171,,,"0233470",Yukon Fuel Company,,100000,,,,,,true,false,false,false,,,,697,AEA,"2015 Assessment",POINT (-156.9188232421875 64.73388671875)
C9FC7970-46A5-4E7A-B070-693B758A6505,171,,,"0227530",Yukon Fuel Company,,100000,,,,,,true,false,false,false,,,,697,AEA,"2015 Assessment",POINT (-156.9188232421875 64.73388671875)
"60AC36FC-11A2-4126-B20C-4FC3BB51A21A",172,,,"0227530",Galena Power Plant,2,630000,,568000,,,,true,false,false,false,,,,698,AEA,"2015 Assessment",POINT (-156.8726806640625 64.74407958984375)
"7DAF9711-C096-4FF4-9D11-1669A43A122B",173,,,"0227530",Galena City School District,1,3000,,3000,,,,true,false,false,false,Crowley,"Site Location: Tank farm in flood plain; Facility threatened by coastal erosion/avalanche/river erosion/other; Tank Farm within 100-feet of a well. 
Secondary Containment:  No containment; Inadequate containment. 
Foundations:  Belly of tank more than 12i",,699,AEA,"2015 Assessment",POINT (-156.87957763671875 64.74627685546875)
"925BEAA7-E1AC-43BE-8EBE-8B54D61F439C",173,,,"0227530",Galena City School District,1,3000,,3000,,,,true,false,false,false,Crowley,"Site Location: Tank farm in flood plain; Facility threatened by coastal erosion/avalanche/river erosion/other; Tank Farm within 100-feet of a well. 
Secondary Containment:  No containment; Inadequate containment. 
Foundations:  Belly of tank more than 12i",,699,AEA,"2015 Assessment",POINT (-156.87890625 64.74627685546875)
"2D7DADDE-8A80-4AA3-B5F5-FC6E61425E86",174,ANC-G-014,,"0230060","AVEC, ANSCA Village Corps., & City of Grayling, Consolidated",,175300,,,,,,true,false,false,true,,,,114,AEA,,POINT (-160.0654296875 62.90692138671875)
C73C3438-575C-42A1-B923-9C7224431065,176,,,"0230060",Grayling Native Store,,24489,,,,,,true,false,false,false,,,,116,AEA,,POINT (-160.06597900390625 62.90509033203125)
"452B04B0-F1CD-49B3-BBA7-3AABA29C1CB4",177,ANC-G-013,,"0230060","Hee-Yea-Longde CorporationGeneral DeliveryGrayling, AK  99590",,20572,,,,,,true,false,false,true,,,,117,AEA,,POINT (-160.06451416015625 62.9071044921875)
D288D4AE-A1D2-4647-BFB5-535070CDD4C4,178,,"216-BF-03","0233030",Holy Cross School - IASD,2,27000,,27000,,,,true,false,false,false,"Ruby Marine, Crowley Marine","Site Location: Tank farm in flood plain; Facility threatened by coastal erosion/avalanche/river erosion/other; Tank Farm within 100-feet of a well. 
Secondary Containment:  No containment; Inadequate containment. 
Foundations:  Belly of tank more than 12i",50,118,AEA,"2016 Letter Report",POINT (-159.76959228515625 62.200927734375)
"509CF7C1-AE7E-4289-8EFE-3298B15AD90D",179,ANC-W-003,,"0282860",Alaska Village Electric Cooperative (AVEC),10,74530,,74530,,,,true,false,false,true,"Ruby Marine, Crowley Marine","Site Location: Tank farm in flood plain; Facility threatened by coastal erosion/avalanche/river erosion/other; Tank Farm within 100-feet of a well. 
Secondary Containment:  No containment; Inadequate containment. 
Foundations:  Belly of tank more than 12i",50,119,AEA,"2016 Letter Report",POINT (-157.856689453125 67.08770751953125)
C9AFF599-4CD8-41B4-97E2-04CEFD79683A,179,ANC-W-003,,"0233030",Alaska Village Electric Cooperative (AVEC),10,74530,,74530,,,,true,false,false,true,"Ruby Marine, Crowley Marine","Site Location: Tank farm in flood plain; Facility threatened by coastal erosion/avalanche/river erosion/other; Tank Farm within 100-feet of a well. 
Secondary Containment:  No containment; Inadequate containment. 
Foundations:  Belly of tank more than 12i",50,119,AEA,"2016 Letter Report",POINT (-157.856689453125 67.08770751953125)
"633887FB-4693-4039-8763-EE5916EB8C70",184,,,"0233910",City of Hughes,1,6000,,6000,,,,false,true,false,false,Everts Air Cargo,"Site Location: Tank farm in flood plain; Facility threatened by coastal erosion/avalanche/river erosion/other; Tank Farm within 100-feet of a well. 
Secondary Containment:  No containment; Inadequate containment. 
Foundations:  Belly of tank more than 12i",,1039,AEA,"2015 Assessment",POINT (-154.25738525390625 66.04327392578125)
E21C4E02-36BA-461C-B1E8-98CFECCDF0C8,184,,,"0233910",City of Hughes,1,6000,,6000,,,,false,true,false,false,Everts Air Cargo,"Site Location: Tank farm in flood plain; Facility threatened by coastal erosion/avalanche/river erosion/other; Tank Farm within 100-feet of a well. 
Secondary Containment:  No containment; Inadequate containment. 
Foundations:  Belly of tank more than 12i",,1039,AEA,"2015 Assessment",POINT (-154.25738525390625 66.04327392578125)
AB994952-3C53-44E5-816D-B6C2A1A9012A,187,,,"0234350",Yukon Koyukuk School district,,39874,,,,,,true,false,false,false,,,,165,AEA,,POINT (-156.38848876953125 65.70208740234375)
"465146AD-FB3B-45ED-AE32-8A6CC9625813",193,,"233-BF-01","0234790",Igiugig Village Council,,3500,,,,,,true,true,false,false,,,,365,AEA,,POINT (-155.8978271484375 59.32672119140625)
"043520B4-CA58-4D9A-A9F6-555706C6FAC7",193,,"233-BF-01","0234790",Igiugig Village Council,,3500,,,,,,true,true,false,false,,,,365,AEA,,POINT (-155.8978271484375 59.32672119140625)
A4C680D0-130E-4F05-9998-29522329BAF6,194,,"235-BF-03","0235120",Moody's Fuel,,86000,,,,,,true,true,false,false,,,,382,AEA,,POINT (-154.82861328125 59.75250244140625)
"22013382-A10C-4076-B29A-822BB4B68ECA",195,,,"0235120",US DOT FAA,,3000,,,,,,true,true,false,false,,,,391,AEA,,POINT (-154.90618896484375 59.7542724609375)
A8C51656-470A-4DE2-9586-AAE7535B2919,196,,"235-BF-06","0235120",Iliamna Village Council,,3000,,,,,,true,true,false,false,,,,392,AEA,,POINT (-154.8519287109375 59.75408935546875)
FC332169-1A4B-42A4-BB5F-E595065D2DED,197,,,"0235120",Iliamna Baptist Chapel,,2500,,,,,,true,true,false,false,,,,393,AEA,,POINT (-154.82000732421875 59.75909423828125)
E6B99EC5-748C-4D83-97F7-7E5E958EB571,198,,"236-BF-04","0235120",Royal AK Lodges,,2000,,,,,,true,true,false,false,,,,394,AEA,,POINT (-154.9027099609375 59.75592041015625)
"1DC2552B-7FE7-4148-A95D-24CE7E9B7ABB",199,,,"0235120",Iliamna Lake Lodge,,3300,,,,,,true,true,false,false,,,,395,AEA,,POINT (-154.9031982421875 59.75592041015625)
"0A9A2F3F-4A66-4DB9-95B5-EF76EEBA63F2",200,,,"0235120",Iliamna Trading General Store,,11855,,,,,,true,true,false,false,,,,396,AEA,,POINT (-154.82928466796875 59.7520751953125)
"27EE94C1-0090-43B3-BBF7-F9034AE6B955",201,,,"0235120",Village Council Clinic,,2000,,,,,,true,true,false,false,,,,397,AEA,,POINT (-154.851806640625 59.75408935546875)
"6640F7BB-49A4-49F4-A25C-85DF1B38168B",202,,,"0235120",Aero Maintenance Service,,2500,,,,,,true,true,false,false,,,,398,AEA,,POINT (-154.90850830078125 59.75628662109375)
"06185C17-CBAF-4E61-89A3-B934B49C0168",203,,,"0235120",Telarik Creek Lodge,,5000,,,,,,true,true,false,false,,,,399,AEA,,POINT (-154.8114013671875 59.75091552734375)
DEF25DC7-2502-4A06-BE1A-12930080D395,204,,"235-BF-02","0235120",John Swenko,,7000,,,,,,true,true,false,false,,,,83,AEA,,POINT (-154.9031982421875 59.75567626953125)
"1339630D-DD58-4DA8-BE58-827A4869D20E",205,,"233-BF-05","0235120",Iliamna Airport Hotel,,2500,,,,,,true,true,false,false,,,,383,AEA,,POINT (-154.90802001953125 59.75347900390625)
"6F583D81-6839-467F-9E95-2BFB4381CCB2",206,,"235-BF-05","0235120",Iliaska Lodge,,10900,,,,,,true,true,false,false,,,,84,AEA,,POINT (-154.8154296875 59.7489013671875)
A1ACAD7B-9BE0-491A-951F-BE7A6A70D642,207,,"233-BF-03","0235120",Iliamna Air Taxi,,1000,,,,,,true,true,false,false,,,,85,AEA,,POINT (-154.90740966796875 59.75567626953125)
"8353797D-296E-4920-83C7-1E71CB31BC64",208,,"233-BF-02","0235120",Iliamna Air,,10000,,,,,,true,true,false,false,,,,384,AEA,,POINT (-154.92169189453125 59.75567626953125)
EB39FAA6-2449-4158-A5F0-0D771F933278,209,,,"0235120",Thomas Hedlund,,4700,,,,,,true,true,false,false,,,,385,AEA,,POINT (-154.902587890625 59.75567626953125)
B82BCD44-0AB9-477F-AB04-130B254298CD,211,,"235-BF-04","0235120",Rainbow King Lodge,,19000,,,,,,true,true,false,false,,,,387,AEA,,POINT (-154.83062744140625 59.7520751953125)
"4C820FFA-B9B8-45FD-8186-606B829A7418",212,,,"0235120",U.S. Postal Service,,2000,,,,,,true,true,false,false,,,,388,AEA,,POINT (-154.87249755859375 59.7545166015625)
"0791B938-8883-46B3-BF0D-A325ED762DC1",214,,"235-BF-01","0235120",Roadhouse Inn B&B,,2000,,,,,,true,true,false,false,,,,390,AEA,,POINT (-154.84442138671875 59.7548828125)
"0499C749-EF7C-49B6-B569-A3CC570BC16C",217,,"253-BF-02","0237430","Kaltag Cooperative IndustriesP. O. Box 29Kaltag, Alaska 99748Dale Arkell, Manager",,108000,,,,,,true,false,false,false,,,,577,AEA,,POINT (-158.7283935546875 64.32470703125)
"267923CC-B079-457C-AE8E-665ECAC1C97E",219,,"254-BF-03","0242050",State of Alaska DOT&PF,,1000,,,,,,true,false,false,false,,,,171,AEA,,POINT (-157.71868896484375 64.87969970703125)
"4EB90598-665E-44BF-BABD-1D75C638BCF2",219,,"254-BF-03","0237430",State of Alaska DOT&PF,,1000,,,,,,true,false,false,false,,,,171,AEA,,POINT (-157.71868896484375 64.87969970703125)
"8736694E-B515-4A19-AB80-2C87B923D457",221,,"253-BF-04","0237430",Kaltag Catholic Church,,9000,,,,,,true,false,false,false,,,,579,AEA,,POINT (-158.722900390625 64.32568359375)
"17383E1F-DD0F-48AC-80E4-1826186772F5",222,,"253-BF-05","0237430",Kaltag Armory,,3000,,,,,,true,false,false,false,,,,400,AEA,,POINT (-158.7283935546875 64.32470703125)
"02C430B2-B9D2-4141-B9BE-FBFCB517E885",224,,,"0241280",Kokhanok Village,,56600,,,,,,true,true,false,false,,,,360,AEA,,POINT (-154.75140380859375 59.4412841796875)
"215BE7CB-672B-465B-A6A9-E47D982AE06E",225,,,"0241280","Danny's RoehlRoehl's EnterpriseGeneral DeliveryKoknahok, AK  99606",,3800,,,,,,true,true,false,false,,,,361,AEA,,POINT (-154.75531005859375 59.43951416015625)
"0F6E52E2-A85E-4BB6-92EA-34C3232C9855",226,,,"0241280",Kokhanok Village,,2300,,,,,,true,true,false,false,,,,362,AEA,,POINT (-154.751708984375 59.4412841796875)
CEDEBA38-2030-4837-8FFD-E164080B8CC2,232,,"287-BF-01","0244030",Iditarod Area Schools,,7000,,,,,,true,true,false,false,,,,980,AEA,,POINT (-155.43719482421875 61.35552978515625)
"92E0AF85-56AF-4686-99F2-92F73CE37660",232,,"287-BF-01","0244030",Iditarod Area Schools,,7000,,,,,,true,true,false,false,,,,980,AEA,,POINT (-155.43719482421875 61.35552978515625)
"5E5BAF5F-E77E-438F-A387-FBAE0D5613C7",233,,,"0244030","Iditarod Area SchoolsBox 90McGrath, AK  99627Attn:  Dave Shelborne",,1000,,,,,,true,true,false,false,,,,538,AEA,,POINT (-155.43719482421875 61.35552978515625)
"364570AC-CE66-4B24-A88F-55A73DA9A405",234,,,"0244030",Lime Village Traditional Council,,7200,,,,,,true,true,false,false,,,,70,AEA,,POINT (-155.43548583984375 61.35528564453125)
"75D73E2E-6972-443E-B451-01F8EC0448D5",235,,,"0244030",lime Village Electric Utility,,3000,,,,,,true,true,false,false,,,,102,AEA,,POINT (-155.43658447265625 61.3560791015625)
"875DCE4F-F3F0-4D9C-9E0D-2F07D38F6400",236,,,"0244030","United Utilities, Inc.",,1000,,,,,,true,true,false,false,,,,103,AEA,,POINT (-155.435791015625 61.35491943359375)
"1D57EE39-37F0-4F10-BC87-F3FFB32C5B2B",237,,,"0245460",Alaska Village Electric Cooperative,,103500,,,,,,true,false,false,false,,,,184,AEA,,POINT (-160.36309814453125 61.51287841796875)
"18E7D5C9-193D-44BC-B51F-F737E1FE5C33",239,,,"0245460",City of Lower Kalskag,,74770,,,,,,true,false,false,false,,,,186,AEA,,POINT (-160.36407470703125 61.5126953125)
"18BC4EB8-ECA2-4EBA-91BF-FA7BF073AD23",261,,,"0253270",City of Newhalen/INNEC,,191700,,,,,,true,true,false,false,,,,371,AEA,,POINT (-154.89141845703125 59.719482421875)
E09E2D7A-3D9D-4BC8-8FB4-8E2A425B1C82,262,,,"0253270","Nondalton Village Corp.General DeliveryNondalton, AK  99640",,165000,,,,,,true,true,false,false,,,,372,AEA,,POINT (-154.8955078125 59.72052001953125)
DAC83E96-633B-4414-8CEC-1D32B57B3ED9,263,,,"0253270",City of Newhalen,,3500,,,,,,true,true,false,false,,,,373,AEA,,POINT (-154.89678955078125 59.720703125)
"0DEA1588-048C-4EEB-BAB6-F885D02F870F",264,,"314-BF-03","0254150",City of Nikolai,,72200,,,,,,true,false,false,false,,,,315,AEA,,POINT (-154.369384765625 63.013916015625)
"80173C7B-A7CB-4EA6-B291-FCB452208371",269,,"328-BF-02","0255030",City Retail Dispensing Facility,2,2800,1200,1600,,,,false,true,false,false,Everts Air Cargo,"Site Location: Tank farm in flood plain; Facility threatened by coastal erosion/avalanche/river erosion/other; Tank Farm within 100-feet of a well. 
Secondary Containment:  No containment; Inadequate containment. 
Foundations:  Belly of tank more than 12i",,287,AEA,"2015 Assessment",POINT (-154.83612060546875 59.9788818359375)
AF0ABF99-24F8-4E84-AB63-AA9019770C31,270,,,"0255030",City Water Treatment Plant,1,3000,,3000,,,,false,true,false,false,Everts Air Cargo,"Site Location: Tank farm in flood plain; Facility threatened by coastal erosion/avalanche/river erosion/other; Tank Farm within 100-feet of a well. 
Secondary Containment:  No containment; Inadequate containment. 
Foundations:  Belly of tank more than 12i",,288,AEA,"2015 Assessment",POINT (-154.8507080078125 59.97052001953125)
D5406CE7-E5F0-4CD2-9308-D182C109FBFF,272,,,"0255030",School Teacher Housing Tank Farm,3,5400,,5400,,,,false,true,false,false,Everts Air Cargo,"Site Location: Tank farm in flood plain; Facility threatened by coastal erosion/avalanche/river erosion/other; Tank Farm within 100-feet of a well. 
Secondary Containment:  No containment; Inadequate containment. 
Foundations:  Belly of tank more than 12i",,290,AEA,"2015 Assessment",POINT (-154.857421875 59.9669189453125)
A4E5681F-EF6B-483C-AF08-BFC129E2D93D,286,,,"0262620","National Park ServiceLake Clark National Park and Preserve4230 University DriveSuite 311Anchorage, AK  99508",,9355,,,,,,true,true,false,false,,,,374,AEA,,POINT (-154.31878662109375 60.19732666015625)
F4D6963C-5D38-438F-805F-32542198763E,288,,"366-BF-03","0262620",Lake Clark Air,,8000,,,,,,true,true,false,false,,,,376,AEA,,POINT (-154.3319091796875 60.19671630859375)
E1A25DB3-FA3A-4228-B3DF-72F39484C323,290,,,"0262620","Alaska Wilderness LodgeGeneral DeliveryPort Alsworth, AK  99653",,6000,,,,,,true,true,false,false,,,,378,AEA,,POINT (-154.30987548828125 60.2056884765625)
"29C04990-053F-44BA-A0A4-2BBF5E2CF374",291,,"364-BF-04","0262620",Alaska Lake Clark Air/Lodge,,6000,,,,,,true,true,false,false,,,,379,AEA,,POINT (-154.30908203125 60.19989013671875)
"1C8923BB-1BB1-40AD-9EB8-1432E351A4A4",292,,"365-BF-05","0262620",Fishing Unlimited,,4300,,,,,,true,true,false,false,,,,380,AEA,,POINT (-154.3145751953125 60.20147705078125)
"94F72FDD-056D-44E9-91B5-9AEAA2646F47",293,,"365-BF-03","0262620",Lake and Peninsula Air,,5500,,,,,,true,true,false,false,,,,381,AEA,,POINT (-154.3170166015625 60.198486328125)
"05391BD2-6123-4ACE-8BCF-6651882699D5",294,,"377-BF-03","0264820",Rampart Village Council / Yukon Flats School District,6,57000,,57000,,,,false,true,false,false,Everts Air Cargo,"Site Location: Tank farm in flood plain; Facility threatened by coastal erosion/avalanche/river erosion/other; Tank Farm within 100-feet of a well. 
Secondary Containment:  No containment; Inadequate containment. 
Foundations:  Belly of tank more than 12i",,1006,AEA,"2015 Assessment",POINT (-150.17291259765625 65.50372314453125)
"6E246E33-5F7D-4CA3-B421-60A0EF328649",297,,,"0264930",Red Devil Hardware,,7600,,,,,,true,false,false,false,,,,603,AEA,,POINT (-157.33660888671875 61.7830810546875)
EA8037D3-7189-4248-9499-E94F9DEB1ECB,298,,,"0264930",Red Devil Lodge,,22800,,,,,,true,false,false,false,,,,128,AEA,,POINT (-157.33441162109375 61.7808837890625)
"2120284C-BF36-47C9-B064-FF414EB4FE7E",299,,,"0264930",Lockhheed Martin Helicopters,,4800,,,,,,true,false,false,false,,,,317,AEA,,POINT (-157.3367919921875 61.782470703125)
"1E8B6CD0-23A6-46F4-B08A-F60D09F8CD91",300,,"380-BF-01","0265590","State of Alaska, Dept. of Transportation",,4000,,,,,,true,false,false,false,,,,318,AEA,,POINT (-155.4921875 64.7376708984375)
E55B146D-4351-4F1D-838C-CBE8D7A2A8FC,301,,,"0265590",City of Ruby,,12000,,,,,,true,false,false,false,,,,319,AEA,,POINT (-155.48919677734375 64.73931884765625)
BFB14370-94DF-41D5-859D-B21FCE998FE3,302,ANC-R-006,,"0265590",Dineega Fuel,,194800,,,,,,true,false,false,true,,,,320,AEA,,POINT (-155.48919677734375 64.74072265625)
"4B2ED0D3-F659-41CA-904B-34FD763C99E5",305,ANC-S-017,,"0268670","Zho-Tse, Inc. - Retail Sales",8,30600,16400,14200,,,,true,false,false,true,"Crowley Marine, Ruby Marine","Site Location: Tank farm in flood plain; Facility threatened by coastal erosion/avalanche/river erosion/other; Tank Farm within 100-feet of a well. 
Secondary Containment:  No containment; Inadequate containment. 
Foundations:  Belly of tank more than 12i",50,342,AEA,"2017 Letter Report & Best Practice Assessment",POINT (-159.5341796875 62.6549072265625)
EF608B80-7931-4342-A64A-98E73B563C54,307,ANC-S-015,"407-BF-07","0268670",City of Shageluk,2,12500,,12500,,,,true,false,false,true,"Crowley Marine, Ruby Marine","Site Location: Tank farm in flood plain; Facility threatened by coastal erosion/avalanche/river erosion/other; Tank Farm within 100-feet of a well. 
Secondary Containment:  No containment; Inadequate containment. 
Foundations:  Belly of tank more than 12i",50,344,AEA,"2017 Letter Report & Best Practice Assessment",POINT (-159.5341796875 62.65771484375)
"01744D37-24A3-4287-8792-B3ABA3E36990",308,,"414-BF-01","0271090",Village Fuel Depot,,27100,,,,,,true,false,false,false,,,,469,AEA,,POINT (-157.17108154296875 61.7025146484375)
B410D852-150D-4717-90A5-44DAC736B163,312,ANC-S-034,,"0271090",Crescent Lake Lodge,,5000,,,,,,true,false,false,true,,,,354,AEA,,POINT (-157.168701171875 61.701904296875)
"364E303A-DABA-49E2-9A59-DF3D2E1C6CDA",313,,,"0271090",Village of Sleetmute,,1500,,,,,,true,false,false,false,,,,355,AEA,,POINT (-157.17120361328125 61.7022705078125)
EE49D47C-9B92-431B-9D0B-77844BA21CF8,314,<Null>,"418-BF-04","0273290",Yukon Flats School District,,47500,,,,,,true,false,false,false,,,,484,AEA,,POINT (-145.5355224609375 68.12847900390625)
"7E73E0F8-E2C3-435D-88DC-F981B21B96C2",315,,"418-BF-07","0273290",Dinyee Corporation,,14200,,,,,,true,false,false,false,,,,863,AEA,,POINT (-149.09130859375 66.00872802734375)
E2564600-5F0C-4B9C-8869-F3712D55D68D,316,,,"0273290","Bureau of Indian AffairsFairbanks, Agency101 12th Ave., Room 168Fairbanks, AK 99701-6270",,13500,,,,,,true,false,false,false,,,,864,AEA,,POINT (-149.05877685546875 66.0142822265625)
"0C9AC49C-C828-4A4E-96CF-F1D42D769F14",318,,,"0273400",Village of Stony River,,24100,,,,,,true,false,false,false,,,,487,AEA,,POINT (-156.5872802734375 61.789306640625)
"2759C0BB-C0D5-4543-AED2-2BF2DC54F247",320,,,"0273400",AK DOT,,1500,,,,,,true,false,false,false,,,,356,AEA,,POINT (-156.58880615234375 61.78887939453125)
FAAF6A17-564C-409A-A614-9F39370808A1,321,,,"0274610",Takotna Community Association,,45700,,,,,,true,false,false,false,,,,357,AEA,,POINT (-156.07000732421875 62.98870849609375)
"15028AA5-F109-4744-BF76-7BF60743660D",322,,,"0274610",TCA,,127700,,,,,,true,false,false,false,,,,358,AEA,,POINT (-156.07000732421875 62.988525390625)
A919E785-7508-4B03-B79B-5726EAAEF7FC,323,,"422-BF-03","0275160",Native Village of Tanana (IRA),,191100,,,,,,true,false,false,false,,,,865,AEA,,POINT (-152.092529296875 65.1715087890625)
A41AD6AE-236E-4BD3-9AB7-77691DD47DA1,325,,"422-BF-04","0275160",City of Tanana Washeteria,,10000,,,,,,true,false,false,false,,,,867,AEA,,POINT (-152.08477783203125 65.1737060546875)
F0743589-FDEE-4485-B8E0-66C6997B864A,326,,,"0275160",Tanana Power Plant,,46500,,,,,,true,false,false,false,,,,868,AEA,,POINT (-152.076904296875 65.173095703125)
"04F78EFB-A590-4C71-9C7D-734A6BB28282",331,,,"0278790",Tuluksak IRA Council,,25000,,,,,,true,false,false,false,,,,504,AEA,,POINT (-160.9578857421875 61.09912109375)
"3CC9100D-2C2B-4C2F-B01F-7B06C7ED4603",332,ANC-T-017,,"0278790",Tulkisarmute Inc.,,50000,,,,,,true,false,false,true,,,,507,AEA,,POINT (-160.9581298828125 61.09912109375)
"3EA0F247-55BA-42BB-BE13-C99C28D121C8",333,,,"0278790",Alaska Army National Guard,,6500,,,,,,true,false,false,false,,,,506,AEA,,POINT (-160.95758056640625 61.10028076171875)
D7310362-3F08-4501-8005-DF61067A12BF,334,,,"0281320",Ausdahl  Mercantile,,1980,,,,,,true,false,false,false,,,,596,AEA,,POINT (-160.327880859375 61.540283203125)
FE80FFE4-DA2A-4520-83FA-EBF49A90B09C,336,ANC-K-003,"451-BF-13","0281320",City of Upper Kalskag,,2500,,,,,,true,false,false,true,,,,556,AEA,,POINT (-160.32330322265625 61.5380859375)
"39B31BE9-3E59-4729-89B1-63A59C31F2D7",337,,,"0281320",Ken Morgan,,36800,,,,,,true,false,false,false,,,,557,AEA,,POINT (-160.31707763671875 61.5386962890625)
E4B7575E-9F3B-44DD-88D5-F0519B402055,338,,"451-BF-03","0281320",Kalskag Store,,36200,,,,,,true,false,false,false,,,,558,AEA,,POINT (-160.30908203125 61.53668212890625)
"5BD9746B-58B7-4F77-8EED-A244DE54F62D",343,,,"0201970",Ambler Traditional Council - Fuel Depot,7,231500,76500,155000,,,,true,true,false,false,Everts Air Cargo,"Site Location: History of flooding; Facility threatened by coastal erosion/avalanche/river erosion/other; Tank Farm within 100-feet of a well
Secondary Containment: No containment; Inadequate containment
Foundation: Belly of tank more than 12ft above",,134,AEA,"2015 Assessment",POINT (-157.86029052734375 67.08648681640625)
EDA71B0B-E7D6-4E52-BD75-CDA27756C3FE,347,,,"0201970",Ambler Traditional Council - Temp Airstrip Storage,1,2000,2000,2000,,,,true,true,false,false,Everts Air Cargo,"Site Location:  History of flooding;  Facility threatened by coastal erosion/avalanche/river erosion/other;  Tank Farm within 100-feet of a well
Secondary Containment: No containment; Inadequate containment
Foundations: Belly of tank more than 12ft ab",,738,AEA,"2015 Assessment",POINT (-157.857177734375 67.10028076171875)
"54D20E55-8F84-41A6-B0F3-24B04EA0E52E",348,,,"0202080",North Slope Borough School District - Nanamuit School,1,2000,,2000,,,,false,true,false,false,Everts Air Cargo,"Site Location: Tank farm in flood plain;  Facility threatened by coastal erosion/avalanche/river erosion/other; Tank Farm within 100-feet of a well
Secondary Containment: No containment;  Inadequate containment
Foundations: Belly of tank more than 12in",,91,AEA,"2015 Assessment",POINT (-151.7388916015625 68.14007568359375)
"9C66BCA2-0E50-46B8-A430-7F05E8F9E427",348,,,"0202080",North Slope Borough School District - Nanamuit School,1,2000,,2000,,,,false,true,false,false,Everts Air Cargo,"Site Location: Tank farm in flood plain;  Facility threatened by coastal erosion/avalanche/river erosion/other; Tank Farm within 100-feet of a well
Secondary Containment: No containment;  Inadequate containment
Foundations: Belly of tank more than 12in",,91,AEA,"2015 Assessment",POINT (-151.7388916015625 68.14007568359375)
"73F2B10A-7E64-4A36-9377-D9388C88AA23",349,,,"0202080",North Slope Borough Fuel Division & Energy Management Nunamuit Corporation Fuel Station,5,248000,37000,211000,,,,false,true,false,false,Everts Air Cargo,"Site Location:  Tank farm in flood plain; Facility threatened by coastal erosion/avalanche/river erosion/other; Tank Farm within 100-feet of a well
Secondary Containment: No containment;  Inadequate containment
Foundations: Belly of tank more than 12in",,542,AEA,"2015 Assessment",POINT (-151.74359130859375 68.13592529296875)
"91D13034-039C-42D7-A9A4-C1DC142C3BE0",349,,,"0202080",North Slope Borough Fuel Division & Energy Management Nunamuit Corporation Fuel Station,5,248000,37000,211000,,,,false,true,false,false,Everts Air Cargo,"Site Location:  Tank farm in flood plain; Facility threatened by coastal erosion/avalanche/river erosion/other; Tank Farm within 100-feet of a well
Secondary Containment: No containment;  Inadequate containment
Foundations: Belly of tank more than 12in",,542,AEA,"2015 Assessment",POINT (-151.74359130859375 68.13592529296875)
"61CBFB0D-FEBD-4177-A368-3463C5B78DE0",350,,,"0202080",North Slope Borough - Anaktuvuk Pass Health Clinic,1,6500,,6500,,,,false,true,false,false,Everts Air Cargo,,,907,AEA,"2015 Assessment",POINT (-151.7333984375 68.14288330078125)
"55E8E465-A65F-440D-9D03-5EDCB6B6AA94",350,,,"0202080",North Slope Borough - Anaktuvuk Pass Health Clinic,1,6500,,6500,,,,false,true,false,false,Everts Air Cargo,,,907,AEA,"2015 Assessment",POINT (-151.7333984375 68.14288330078125)
"711EA1EB-4271-4CCB-B942-0EE7EBF7C038",351,,,"0202080",North Slope Borough,,1200,,,,,,false,true,false,false,,,,908,AEA,"2015 Assessment",POINT (-151.73431396484375 68.143310546875)
"7862A45C-5E05-4C4F-B7FA-EBECBA73483E",352,,,"0202080",North Slope Borough (Anaktuvak Pass Washeteria),,10000,,,,,,false,true,false,false,,,,909,AEA,"2015 Assessment",POINT (-151.7449951171875 68.13470458984375)
D12CFD70-6484-4BD7-8274-44742430D06D,353,,,"0202080",North Slope Borough Old Power Plant,,5000,,,,,,false,true,false,false,,,,910,AEA,"2015 Assessment",POINT (-151.74139404296875 68.1376953125)
E17122C9-87B6-4F81-A62D-DA62D26F8FA0,354,,,"0202080",North Slope Borough/Heavy Equipment Maintenance Fac.,1,5000,,5000,,,,false,true,false,false,Everts Air Cargo,"Site Location: Tank farm in flood plain; Facility threatened by coastal erosion/avalanche/river erosion/other; Tank Farm within 100-feet of a well
Secondary Containment: No containment; Inadequate containment
Foundations: Belly of tank more than 12in a",,911,AEA,"2015 Assessment",POINT (-151.7432861328125 68.14068603515625)
FCC5E01A-293A-439C-8132-70C13BAA7A7B,354,,,"0202080",North Slope Borough/Heavy Equipment Maintenance Fac.,1,5000,,5000,,,,false,true,false,false,Everts Air Cargo,"Site Location: Tank farm in flood plain; Facility threatened by coastal erosion/avalanche/river erosion/other; Tank Farm within 100-feet of a well
Secondary Containment: No containment; Inadequate containment
Foundations: Belly of tank more than 12in a",,911,AEA,"2015 Assessment",POINT (-151.7432861328125 68.14068603515625)
B0C898DA-56CA-444A-BB4B-24720DFC4FEB,355,,,"0202080","Nunamiut Corporation Restaurant, Camp & Office",1,2000,,2000,,,,false,true,false,false,Everts Air Cargo,"Site Location:  Tank farm in flood plain; Facility threatened by coastal erosion/avalanche/river erosion/other; Tank Farm within 100-feet of a well
Secondary Containment: No containment;  Inadequate containment
Foundations:  Belly of tank more than 12",,912,AEA,"2015 Assessment",POINT (-151.73651123046875 68.1392822265625)
"27EDC9A0-1301-4693-A50A-7C327EA724C9",355,,,"0202080","Nunamiut Corporation Restaurant, Camp & Office",1,2000,,2000,,,,false,true,false,false,Everts Air Cargo,"Site Location:  Tank farm in flood plain; Facility threatened by coastal erosion/avalanche/river erosion/other; Tank Farm within 100-feet of a well
Secondary Containment: No containment;  Inadequate containment
Foundations:  Belly of tank more than 12",,912,AEA,"2015 Assessment",POINT (-151.73651123046875 68.1392822265625)
"501A14A2-615F-49CE-907A-D8E2EE6E3746",356,,,"0202080",Nunamiut Corporation,,12000,,,,,,false,true,false,false,,,,913,AEA,"2015 Assessment",POINT (-151.74310302734375 68.1361083984375)
"1C7A5084-32EF-4D32-9B21-FCA8F4E126C5",357,,,"0202080",North Slope BoroughAnaktuvuk Pass Fire Dept.,2,17500,,17500,,,,false,true,false,false,Everts Air Cargo,Tank Farm 7 - Deficiencies & Recommendations Site Location: Tank farm in flood lpain;  Facility threatened by coastal erosion/avalanche/river erosion/othe;  Tank Farm within 100-feet of a wel. Secondary Containmen:  No containment;  Inadequate containment,,914,AEA,"2015 Assessment",POINT (-151.739013671875 68.13787841796875)
"498BA9F9-57A7-460B-9679-C259D9285CC4",357,,,"0202080",North Slope BoroughAnaktuvuk Pass Fire Dept.,2,17500,,17500,,,,false,true,false,false,Everts Air Cargo,Tank Farm 7 - Deficiencies & Recommendations Site Location: Tank farm in flood lpain;  Facility threatened by coastal erosion/avalanche/river erosion/othe;  Tank Farm within 100-feet of a wel. Secondary Containmen:  No containment;  Inadequate containment,,914,AEA,"2015 Assessment",POINT (-151.739013671875 68.13787841796875)
E26BD0A9-306F-4B9A-B4F1-455855184D61,358,,,"0202080",North Slope Borough - Anaktuvuk Pass Power Plant,1,10000,,10000,,,,false,true,false,false,Everts Air Cargo,"Site Location: Tank farm in flood plain; Facility threatened by coastal erosion/avalanche/river erosion/other; Tank Farm within 100-feet of a well
Secondary Containment:  No containment; Inadequate containment
Foundations: Belly of tank more than 12in ",,915,AEA,"2015 Assessment",POINT (-151.74139404296875 68.1376953125)
"8D3C8994-1BDD-4D5B-9FCF-258A3714140F",358,,,"0202080",North Slope Borough - Anaktuvuk Pass Power Plant,1,10000,,10000,,,,false,true,false,false,Everts Air Cargo,"Site Location: Tank farm in flood plain; Facility threatened by coastal erosion/avalanche/river erosion/other; Tank Farm within 100-feet of a well
Secondary Containment:  No containment; Inadequate containment
Foundations: Belly of tank more than 12in ",,915,AEA,"2015 Assessment",POINT (-151.74139404296875 68.1376953125)
"4BCF95D3-0532-4523-B45E-D24C6F765E35",359,,,"0202080",North Slope Borough,,1200,,,,,,false,true,false,false,,,,916,AEA,"2015 Assessment",POINT (-151.73388671875 68.143310546875)
"960DC572-560B-4542-95CD-B9560B68ECFC",361,,,"0204500",North Slope Borough - Atqasuk Heavy Equipment Maintenance Facility,1,5000,,5000,,,,false,true,false,false,Peak Oil Field Services / Everts Air Cargo,Site Location: Tank farm in flood plain; Facility threatened by coastal erosion/avalanche/river erosion/other; Tank Farm within 100-feet of a wel. Secondary Containment: No containment; Inadequate containment. Foundations: Belly of tank more than 12in ab,,918,AEA,"2015 Assessment",POINT (-157.419921875 70.480712890625)
"83F62FE0-EDD5-46C8-A2DE-471BF84A6B18",361,,,"0204500",North Slope Borough - Atqasuk Heavy Equipment Maintenance Facility,1,5000,,5000,,,,false,true,false,false,Peak Oil Field Services / Everts Air Cargo,Site Location: Tank farm in flood plain; Facility threatened by coastal erosion/avalanche/river erosion/other; Tank Farm within 100-feet of a wel. Secondary Containment: No containment; Inadequate containment. Foundations: Belly of tank more than 12in ab,,918,AEA,"2015 Assessment",POINT (-157.419921875 70.480712890625)
"3E899034-5174-43C9-B63E-0A50390F1BBF",362,,,"0204500",North Slope Borough - Dept. of Municipal Services,1,10000,,10000,,,,false,true,false,false,Peak Oil Field Services / Everts Air Cargo,"Site Location:  Tank farm in flood plain; Facility threatened by coastal erosion/avalanche/river erosion/other; Tank Farm within 100-feet of a wel. Secondary Containment: No containment; Inadequate containment
Foundations: Belly of tank more than 12in ",,919,AEA,"2015 Assessment",POINT (-157.4169921875 70.4822998046875)
AEBDC0B1-4030-4175-AE7E-71B9DE474AE5,362,,,"0204500",North Slope Borough - Dept. of Municipal Services,1,10000,,10000,,,,false,true,false,false,Peak Oil Field Services / Everts Air Cargo,"Site Location:  Tank farm in flood plain; Facility threatened by coastal erosion/avalanche/river erosion/other; Tank Farm within 100-feet of a wel. Secondary Containment: No containment; Inadequate containment
Foundations: Belly of tank more than 12in ",,919,AEA,"2015 Assessment",POINT (-157.4169921875 70.4822998046875)
"7DDAB030-F316-43A2-8F5A-E3D3249A6C49",363,,,"0204500",North Slope Borough,,1100,,,,,,false,true,false,false,,,,920,AEA,"2015 Assessment",POINT (-157.4202880859375 70.48248291015625)
"2FB3911F-A242-4BDC-B123-373E5C2F731E",364,,,"0204500",North Slope Borough - Atqasuk Fire Dept.,1,7000,,7000,,,,false,true,false,false,Peak Oil Field Services / Everts Air Cargo,"Site Location: Tank farm in flood plain; Facility threatened by coastal erosion/avalanche/river erosion/other; Tank Farm within 100-feet of a well
Secondary Containment: No containment; Inadequate containment
Foundations: Belly of tank more than 12in ab",,921,AEA,"2015 Assessment",POINT (-157.42181396484375 70.48211669921875)
"00A2423A-02DD-4D90-8CB0-968E8F565855",364,,,"0204500",North Slope Borough - Atqasuk Fire Dept.,1,7000,,7000,,,,false,true,false,false,Peak Oil Field Services / Everts Air Cargo,"Site Location: Tank farm in flood plain; Facility threatened by coastal erosion/avalanche/river erosion/other; Tank Farm within 100-feet of a well
Secondary Containment: No containment; Inadequate containment
Foundations: Belly of tank more than 12in ab",,921,AEA,"2015 Assessment",POINT (-157.42181396484375 70.48211669921875)
F3136DB4-1CCC-4368-967C-3AC99CF344A2,365,,,"0204500","Atqasuk Community Center & City HallGeneral DeliveryAtqasuk, AK  99791",,2000,,,,,,false,true,false,false,,,,922,AEA,"2015 Assessment",POINT (-157.42340087890625 70.4822998046875)
A60A4DC2-B791-4D51-AC2C-5A319BB965F7,366,,,"0204500",North Slope Borough - Atqasuk Health Clinic,1,6700,,6700,,,,false,true,false,false,Peak Oil Field Services / Everts Air Cargo,"Site Location: Tank farm in flood plain; Facility threatened by coastal erosion/avalanche/river erosion/other; Tank Farm within 100-feet of a well
Secondary Containment: No containment; Inadequate containment
Foundations:  Belly of tank more than 12in ",,923,AEA,"2015 Assessment",POINT (-157.42431640625 70.481689453125)
E20099E2-C75B-43CE-A5A2-EA64F5F047EF,367,,,"0204500",North Slope Borough - Atqasuk Power Plant ,5,87500,,87500,,,,false,true,false,false,Peak Oil Field Services / Everts Air Cargo,Site Location: Tank farm in flood plain; Facility threatened by coastal erosion/avalanche/river erosion/other; Tank Farm within 100-feet of a well. Secondary Containment: No containment;  Inadequate containment. Foundations: Belly of tank more than 12€ a,,924,AEA,"2015 Assessment",POINT (-157.42608642578125 70.4832763671875)
DD215762-9ED5-4345-86B8-05476DB61A71,367,,,"0204500",North Slope Borough - Atqasuk Power Plant ,5,87500,,87500,,,,false,true,false,false,Peak Oil Field Services / Everts Air Cargo,Site Location: Tank farm in flood plain; Facility threatened by coastal erosion/avalanche/river erosion/other; Tank Farm within 100-feet of a well. Secondary Containment: No containment;  Inadequate containment. Foundations: Belly of tank more than 12€ a,,924,AEA,"2015 Assessment",POINT (-157.42608642578125 70.4832763671875)
"1B5CBE2A-BBA2-4726-A10F-5A4D615E2CF8",368,,,"0204500",Atqasuk Corporation,,2000,,,,,,false,true,false,false,,,,925,AEA,"2015 Assessment",POINT (-157.423095703125 70.481689453125)
"5FF04C70-0A1C-488B-8F6A-046A0EA1877C",369,,,"0204500",North Slope BoroughFuel Division & Energy ManagementAtqasuk Corp. Fuel Station,,580000,,,,,,false,true,false,false,,,,926,AEA,"2015 Assessment",POINT (-157.41851806640625 70.477294921875)
"7F5BBEC0-345C-4BD6-9FA4-2381CE0D74BD",375,ANC-B-013,"121-BF-08","0208740",City of Brevig Mission,,46250,,,,,,true,false,false,true,,,,15,AEA,,POINT (-166.48651123046875 65.33148193359375)
"36D107A2-A916-43C3-928F-29ACD9874AD9",375,ANC-B-013,"121-BF-08","0208740",City of Brevig Mission,,46250,,,,,,true,false,false,true,,,,15,AEA,,POINT (-166.48651123046875 65.33148193359375)
"63ED6E7B-9DCD-45EA-B8CD-A9A88D2816C3",375,ANC-B-013,"121-BF-08","0208740",City of Brevig Mission,,46250,,,,,,true,false,false,true,,,,15,AEA,,POINT (-166.48651123046875 65.33148193359375)
C343C747-D430-467B-8173-BE496195CA2C,376,,,"0208740",Brevig Mission Church,,8000,,,,,,true,false,false,false,,,,536,AEA,,POINT (-166.4857177734375 65.332275390625)
"43DD9874-FC62-4F32-AC8A-D99446EB7491",377,,"120-BF-02","0208740",Alaska Army National Guard,,4750,,,,,,true,false,false,false,,,,537,AEA,,POINT (-166.49420166015625 65.33270263671875)
C558007A-A0AB-4C4D-A836-9CA4EA3BD493,377,,"120-BF-02","0213230",Alaska Army National Guard,,4750,,,,,,true,false,false,false,,,,537,AEA,,POINT (-166.49420166015625 65.33270263671875)
"743459E3-FCB1-4860-9E07-61BE3B6A04B3",377,,"120-BF-02","0272960",Alaska Army National Guard,,4750,,,,,,true,false,false,false,,,,537,AEA,,POINT (-166.49420166015625 65.33270263671875)
F3C6E0AA-DC43-46B0-9BBD-B22D1A9461DF,377,,"120-BF-02","0278240",Alaska Army National Guard,,4750,,,,,,true,false,false,false,,,,537,AEA,,POINT (-166.49420166015625 65.33270263671875)
"6EF0C04D-FA10-46F4-A9C4-91EC73504366",377,,"120-BF-02","0253930",Alaska Army National Guard,,4750,,,,,,true,false,false,false,,,,537,AEA,,POINT (-166.49420166015625 65.33270263671875)
"60EDEA84-04E5-4ED4-912D-1CDA85E970A2",377,,"120-BF-02","0279230",Alaska Army National Guard,,4750,,,,,,true,false,false,false,,,,537,AEA,,POINT (-166.49420166015625 65.33270263671875)
"5966569A-E364-492E-AF3E-4EE7DCE3828B",385,,"121-BF-02","0241610",Alaska Army National Guard,,4600,,,,,,true,false,false,false,,,,744,AEA,,POINT (-161.13177490234375 65.97991943359375)
BA9A56A1-5224-45F0-B0DD-070DBFFB2559,385,,"121-BF-02","0242490",Alaska Army National Guard,,4600,,,,,,true,false,false,false,,,,744,AEA,,POINT (-161.13177490234375 65.97991943359375)
D87C846D-981B-4E88-AB27-A2DDBF25E98C,385,,"121-BF-02","0212680",Alaska Army National Guard,,4600,,,,,,true,false,false,false,,,,744,AEA,,POINT (-161.13177490234375 65.97991943359375)
DE58A4B0-4535-43C7-A7EF-69081AB2F18A,385,,"121-BF-02","0209600",Alaska Army National Guard,,4600,,,,,,true,false,false,false,,,,744,AEA,,POINT (-161.13177490234375 65.97991943359375)
"63C660C1-0960-4011-81E0-33F443CB730D",385,,"121-BF-02","0242050",Alaska Army National Guard,,4600,,,,,,true,false,false,false,,,,744,AEA,,POINT (-161.13177490234375 65.97991943359375)
BCD651E8-4423-42E9-8590-DAE2B2CE66E6,390,,,"0218510",City of Deering,,2000,,,,,,true,false,false,false,,,,749,AEA,,POINT (-162.74041748046875 66.08172607421875)
"934F8040-0352-4283-A325-7B7D29A2F36D",396,,"249-BF-07","0236990",North Slope Borough - Fuel Division & Energy Management Kaktovik Inupiat Corp. Fuel Station,2,20000,10000,10000,,,,true,false,false,false,Crowley,"Site Location: Tank farm in flood plain; Facility threatened by coastal erosion/avalanche/river erosion/other; Tank Farm within 100-feet of a well. 
Secondary Containment:  No containment; Inadequate containment. 
Foundations:  Belly of tank more than 12i",500,1042,AEA,"2015 Assessment",POINT (-143.62127685546875 70.1298828125)
F1134CBD-470B-4F6C-9283-B5D4F61D0DF3,396,,"249-BF-07","0236990",North Slope Borough - Fuel Division & Energy Management Kaktovik Inupiat Corp. Fuel Station,2,20000,10000,10000,,,,true,false,false,false,Crowley,"Site Location: Tank farm in flood plain; Facility threatened by coastal erosion/avalanche/river erosion/other; Tank Farm within 100-feet of a well. 
Secondary Containment:  No containment; Inadequate containment. 
Foundations:  Belly of tank more than 12i",500,1042,AEA,"2015 Assessment",POINT (-143.62127685546875 70.1298828125)
"8505AE3D-4C11-431A-AFBC-E2CD78BEBC65",397,ANC-K-001,"249-BF-03","0236990",North Slope Borough - Dept. of Municipal Services Bldg.,1,4000,,4000,,,,true,false,false,true,Kaktovik Inupiat Corporation,"Site Location: Tank farm in flood plain; Facility threatened by coastal erosion/avalanche/river erosion/other; Tank Farm within 100-feet of a well. 
Secondary Containment:  No containment; Inadequate containment. 
Foundations:  Belly of tank more than 12i",,928,AEA,"2015 Assessment",POINT (-143.6094970703125 70.1292724609375)
"80B22708-BF6D-46B9-AEB3-1AF02C2A7D4F",397,ANC-K-001,"249-BF-03","0236990",North Slope Borough - Dept. of Municipal Services Bldg.,1,4000,,4000,,,,true,false,false,true,Kaktovik Inupiat Corporation,"Site Location: Tank farm in flood plain; Facility threatened by coastal erosion/avalanche/river erosion/other; Tank Farm within 100-feet of a well. 
Secondary Containment:  No containment; Inadequate containment. 
Foundations:  Belly of tank more than 12i",,928,AEA,"2015 Assessment",POINT (-143.6094970703125 70.1292724609375)
"11C61E2B-C979-4D51-A901-5BDF8ABBF907",397,ANC-K-001,"249-BF-03","0261700",North Slope Borough - Dept. of Municipal Services Bldg.,1,4000,,4000,,,,true,false,false,true,Kaktovik Inupiat Corporation,"Site Location: Tank farm in flood plain; Facility threatened by coastal erosion/avalanche/river erosion/other; Tank Farm within 100-feet of a well. 
Secondary Containment:  No containment; Inadequate containment. 
Foundations:  Belly of tank more than 12i",,928,AEA,"2015 Assessment",POINT (-143.6094970703125 70.1292724609375)
"09939AF9-7257-4724-BC0B-9F4C389518C1",398,,,"0236990",U.S. Air Force-Defense Early Warning Site,,29000,,,,,,true,false,false,false,,,,929,AEA,"2015 Assessment",POINT (-143.6361083984375 70.1304931640625)
"11F1668C-4A0E-4ABC-AA8D-6FCBE49F48B1",399,,,"0236990",Waldo Arms Hotel & U.S. Fish & Wildlife Service,,33000,,,,,,true,false,false,false,,,,930,AEA,"2015 Assessment",POINT (-143.6182861328125 70.12890625)
"8B8C1349-1A6E-4941-81A5-24E96C455522",400,,"249-BF-05","0236990",North Slope BoroughFuel Division & Energy ManagementKaktovik Inupiat Corp. Fuel Station,,950000,,,,,,true,false,false,false,,,,931,AEA,"2015 Assessment",POINT (-143.61859130859375 70.1326904296875)
"55F0B751-1B5E-452C-A8ED-BDF068920FE9",401,,"248-BF-01","0236990",Kaktovik Inupiat Corporation,,60000,,,,,,true,false,false,false,,,,932,AEA,"2015 Assessment",POINT (-143.61810302734375 70.13232421875)
B27809F4-1A92-40D2-B92B-31644CA598B4,402,,,"0236990","U.S. Fish & Wildlife/Barter Island1011 E. TudorAnchorage, AK  99503",,35000,,,,,,true,false,false,false,,,,933,AEA,"2015 Assessment",POINT (-143.62017822265625 70.132080078125)
"52EA8B6C-5DEE-4586-9B19-043A22000B12",403,,"249-BF-02","0282750","SKW/Eskimos, Inc.",,200000,,,,,,true,false,false,false,,,,934,AEA,"2015 Assessment",POINT (-143.62200927734375 70.12872314453125)
EEFF47E2-0593-4707-A88F-5C25BC48F5D0,403,,"249-BF-02","0236990","SKW/Eskimos, Inc.",,200000,,,,,,true,false,false,false,,,,934,AEA,"2015 Assessment",POINT (-143.62200927734375 70.12872314453125)
F060B769-BCA9-4B91-A1E7-E936A99285B7,404,,"249-BF-04","0236990",North Slope Borough School District - Harold Kaveolook School,1,2000,,2000,,,,true,false,false,false,Kaktovik Inupiat Corporation,"Site Location: Tank farm in flood plain; Facility threatened by coastal erosion/avalanche/river erosion/other; Tank Farm within 100-feet of a well. 
Secondary Containment:  No containment; Inadequate containment. 
Foundations:  Belly of tank more than 12i",,1043,AEA,"2015 Assessment",POINT (-143.6162109375 70.1270751953125)
F40348F2-5021-4CCE-92F5-0C245CCF8E63,405,,"249-BF-06","0236990",North Slope Borough - Kaktovik Power Plant,1,10000,,10000,,,,true,false,false,false,Kaktovik Inupiat Corporation,"Site Location: Tank farm in flood plain; Facility threatened by coastal erosion/avalanche/river erosion/other; Tank Farm within 100-feet of a well. 
Secondary Containment:  No containment; Inadequate containment. 
Foundations:  Belly of tank more than 12i",,1044,AEA,"2015 Assessment",POINT (-143.6195068359375 70.12591552734375)
"8B741A03-8655-4FDD-999F-F92837F2B6E8",406,,"249-BF-08","0236990",North Slope Borough - Kaktovik Fire Station & Health Clinic,1,10000,,10000,,,,true,false,false,false,Kaktovik Inupiat Corporation,"Site Location: Tank farm in flood plain; Facility threatened by coastal erosion/avalanche/river erosion/other; Tank Farm within 100-feet of a well. 
Secondary Containment:  No containment; Inadequate containment. 
Foundations:  Belly of tank more than 12i",,1045,AEA,"2015 Assessment",POINT (-143.61529541015625 70.1260986328125)
DBA4C5BF-0B56-42B8-8DE2-271388AAFF3D,407,,,"0236990",North Slope Borough - HEMF Duel Dispensing,1,5000,,5000,,,,true,false,false,false,Kaktovik Inupiat Corporation,"Site Location: Tank farm in flood plain; Facility threatened by coastal erosion/avalanche/river erosion/other; Tank Farm within 100-feet of a well. 
Secondary Containment:  No containment; Inadequate containment. 
Foundations:  Belly of tank more than 12i",,1046,AEA,"2015 Assessment",POINT (-143.6102294921875 70.1295166015625)
"74D2D10D-C73A-4939-AF83-A4D6FE538506",408,,"263-BF-04","0255140",Northwest Arctic Borough School District,,54600,,,,,,true,false,false,false,,,,39,AEA,,POINT (-160.4381103515625 66.97149658203125)
"41F25397-8168-4A24-BE43-C7E6935BB5AB",408,,"263-BF-04","0255140",Northwest Arctic Borough School District,,54600,,,,,,true,false,false,false,,,,39,AEA,,POINT (-160.4381103515625 66.97149658203125)
E77A8666-C3DB-4AE5-ABD7-A169FFB122E7,408,,"263-BF-04","0239300",Northwest Arctic Borough School District,,54600,,,,,,true,false,false,false,,,,39,AEA,,POINT (-160.4381103515625 66.97149658203125)
"7F9C4747-8957-4871-8E6F-F1ED7917FB36",410,ANC-K-016,,"0239300",Alaska Village Electric Cooperative,,120300,,,,,,true,false,false,true,,,,41,AEA,,POINT (-160.4290771484375 66.973876953125)
"2A288E05-E61D-4E46-AE4D-C7D9102802EA",410,ANC-K-016,,"0268230",Alaska Village Electric Cooperative,,120300,,,,,,true,false,false,true,,,,41,AEA,,POINT (-160.4290771484375 66.973876953125)
"79DEAD08-49F9-444F-9111-EFAC1EBFCDD1",412,,"263-BF-01","0239300",Margaret & Donald Dorsey,,51400,,,,,,true,false,false,false,,,,752,AEA,,POINT (-160.43402099609375 66.97528076171875)
DF0D091B-FBBB-4517-AA45-0BAA2F320FDE,413,ANC-K-017,,"0239300",Blankenship Trading Post,,7100,,,,,,true,false,false,true,,,,753,AEA,,POINT (-160.43377685546875 66.97528076171875)
A4C45CB7-78AE-4218-B7EC-684EAC385193,414,,,"0239300",City of Kiana Firehouse,,2200,,,,,,true,false,false,false,,,,754,AEA,,POINT (-160.43670654296875 66.972900390625)
A5398AFB-3BA8-40B9-8A1A-2886C4335A54,415,,,"0268230",Alaska DOT&PF,,2900,,,,,,true,false,false,false,,,,755,AEA,,POINT (-161.138427734375 65.98052978515625)
E3EF8439-0613-41E1-B9C0-DC105BB3B3C0,415,,,"0239300",Alaska DOT&PF,,2900,,,,,,true,false,false,false,,,,755,AEA,,POINT (-161.138427734375 65.98052978515625)
C8717693-9691-48EF-828D-267CFD4347C9,417,ANC-K-029,,"0239960",Kivalina Native Store,7,128800,44400,84400,,,,true,false,false,true,Delta Western Crowley Marine Vitus Marine,"Site Location: Tank farm in flood plain; Facility threatened by coastal erosion/avalanche/river erosion/other; Tank Farm within 100-feet of a well. 
Secondary Containment:  No containment; Inadequate containment. 
Foundations:  Belly of tank more than 12i",200,44,AEA,"2015 Assessment",POINT (-164.5330810546875 67.72589111328125)
"5491897A-FF63-4987-8BF9-8F41FF9B65A8",418,,,"0239960",City of Kivalina,1,8400,,8400,,,,true,false,false,false,Delta Western Crowley Marine Vitus Marine,"Site Location: Tank farm in flood plain; Facility threatened by coastal erosion/avalanche/river erosion/other; Tank Farm within 100-feet of a well. 
Secondary Containment:  No containment; Inadequate containment. 
Foundations:  Belly of tank more than 12i",500,45,AEA,"2015 Assessment",POINT (-164.53729248046875 67.7269287109375)
"94DBEDF4-75CF-44C4-9181-226982180808",419,,,"0239960",AVEC - Remote Tank Farm,11,87500,,87500,,,,true,false,false,false,Delta Western Crowley Marine Vitus Marine,"Site Location: Tank farm in flood plain; Facility threatened by coastal erosion/avalanche/river erosion/other; Tank Farm within 100-feet of a well. 
Secondary Containment:  No containment; Inadequate containment. 
Foundations:  Belly of tank more than 12i",200,46,AEA,"2015 Assessment",POINT (-164.53302001953125 67.72509765625)
"7FE51A83-103F-4C96-A750-59C5C1860B52",420,,,"0239960",AVEC - Powerhouse Tank Farm,3,23100,,23100,,,,true,false,false,false,Vitus Marine 	Delta Western 	Crowley Marine,"Site Location: Tank farm in flood plain; Facility threatened by coastal erosion/avalanche/river erosion/other; Tank Farm within 100-feet of a well. 
Secondary Containment:  No containment; Inadequate containment. 
Foundations:  Belly of tank more than 12i",,756,AEA,"2015 Assessment",POINT (-164.53851318359375 67.72650146484375)
DECC4CB4-9217-4FA6-A6F1-FB5AF9F5A76D,422,ANC-K-100,,"0240840",City of Kobuk - Fuel Depot,3,16900,4000,12900,,,,false,true,false,true,Everts Air Cargo,"Site Location: Tank farm in flood plain; Facility threatened by coastal erosion/avalanche/river erosion/other; Tank Farm within 100-feet of a well. 
Secondary Containment:  No containment; Inadequate containment. 
Foundations:  Belly of tank more than 12i",,47,AEA,"2015 Assessment",POINT (-156.882080078125 66.90667724609375)
E7B9AC7C-E3C6-4313-A350-5414BFE26A53,427,,,"0254700",AVEC Power Plant,12,95300,,95300,,,,false,true,false,false,Everts Air Cargo,"Site Location: Tank farm in flood plain; Facility threatened by coastal erosion/avalanche/river erosion/other; Tank Farm within 100-feet of a well. 
Secondary Containment:  No containment; Inadequate containment. 
Foundations:  Belly of tank more than 12i",,233,AEA,"2016 Letter Report",POINT (-162.084716796875 61.87847900390625)
"244CDA16-C245-4007-ABC2-3A8251B00F31",428,,"322-BF-02","0254700",Noatak IRA WTP,1,10000,,10000,,,,false,true,false,false,Tank Farm 6,"Site Location: Tank farm in flood plain; Facility threatened by coastal erosion/avalanche/river erosion/other; Tank Farm within 100-feet of a well. 
Secondary Containment:  No containment; Inadequate containment. 
Foundations:  Belly of tank more than 12i",,234,AEA,"2016 Letter Report & Best Practice Assessment",POINT (-162.96759033203125 67.5712890625)
"1B58621C-9C3B-44AE-87C8-600ED9975067",430,,"322-BF-10","0254700",Noatak IRA Native Store (Temporary Aircraft Storage),2,20000,10000,10000,,,,false,true,false,false,Everts Air Cargo,"Site Location: Tank farm in flood plain; Facility threatened by coastal erosion/avalanche/river erosion/other; Tank Farm within 100-feet of a well. 
Secondary Containment:  No containment; Inadequate containment. 
Foundations:  Belly of tank more than 12i",,759,AEA,"2016 Letter Report & Best Practice Assessment",POINT (-162.97698974609375 67.56689453125)
"056D0E34-0F8F-4089-8FD4-38E6687C1E94",432,,"332-BF-04","0255140",Alaska Village Electric Cooperative,,145700,,,,,,true,false,false,false,,,,236,AEA,,POINT (-158.7239990234375 64.3228759765625)
B1E2DF31-83AC-4972-AEB7-DBBB326D649D,434,,,"0255140",City of Noorvik,,30900,,,,,,true,false,false,false,,,,238,AEA,,POINT (-161.03900146484375 66.83367919921875)
"14C297C3-2167-4D23-8B3D-FDD12520BFB1",436,,,"0255140",Morris Trading Post,,59000,,,,,,true,false,false,false,,,,239,AEA,,POINT (-161.04840087890625 66.83251953125)
"8C665C51-6648-478E-81D5-2AA3D18973DE",437,,,"0255140",Noorvik Native Store,,130500,,,,,,true,false,false,false,,,,761,AEA,,POINT (-161.040283203125 66.83648681640625)
EA360645-E984-41CB-A622-F650A6981DE5,438,,"341-BF-02","0256320",North Slope Borough - Nuiqsut Power Plant,4,160000,,160000,,,,false,true,false,false,Colville,"Site Location: Tank farm in flood plain; Facility threatened by coastal erosion/avalanche/river erosion/other; Tank Farm within 100-feet of a well. 
Secondary Containment:  No containment; Inadequate containment. 
Foundations:  Belly of tank more than 12i",,939,AEA,"2015 Assessment",POINT (-150.9962158203125 70.22027587890625)
"004D8597-2D52-4BB0-AB89-AC4CF13F28D8",438,,"341-BF-02","0256320",North Slope Borough - Nuiqsut Power Plant,4,160000,,160000,,,,false,true,false,false,Colville,"Site Location: Tank farm in flood plain; Facility threatened by coastal erosion/avalanche/river erosion/other; Tank Farm within 100-feet of a well. 
Secondary Containment:  No containment; Inadequate containment. 
Foundations:  Belly of tank more than 12i",,939,AEA,"2015 Assessment",POINT (-150.9962158203125 70.22027587890625)
"15BD4EB8-C4BB-4C12-82E1-C88B6BBF46BE",439,,"346-BF-04","0256320",North Slope Borough,,750,,,,,,false,true,false,false,,,,940,AEA,"2015 Assessment",POINT (-151.0006103515625 70.22210693359375)
F9448E88-297B-4A3D-9C04-D55A61CA4E0B,440,,"338-BF-05","0256320",Kuukpik Presbyterian Church,,2000,,,,,,false,true,false,false,,,,941,AEA,"2015 Assessment",POINT (-150.99798583984375 70.21612548828125)
"733759D7-CB44-4A5E-A706-DE653583CF62",441,,"338-BF-01","0256320",North Slope Borough - Nuiqsut Dept. of Municipal Services Bldg.,1,11000,,11000,,,,false,true,false,false,Colville,"Site Location: Tank farm in flood plain; Facility threatened by coastal erosion/avalanche/river erosion/other; Tank Farm within 100-feet of a well. 
Secondary Containment:  No containment; Inadequate containment. 
Foundations:  Belly of tank more than 12i",,942,AEA,"2015 Assessment",POINT (-150.99822998046875 70.21368408203125)
CE433761-B0D9-4161-8401-5EF31E44C6D5,441,,"338-BF-01","0256320",North Slope Borough - Nuiqsut Dept. of Municipal Services Bldg.,1,11000,,11000,,,,false,true,false,false,Colville,"Site Location: Tank farm in flood plain; Facility threatened by coastal erosion/avalanche/river erosion/other; Tank Farm within 100-feet of a well. 
Secondary Containment:  No containment; Inadequate containment. 
Foundations:  Belly of tank more than 12i",,942,AEA,"2015 Assessment",POINT (-150.99822998046875 70.21368408203125)
E53E0A9F-D574-4511-81AC-AF770008F760,442,,"345-BF-04","0256320",North Slope Borough,,468000,,,,,,false,true,false,false,,,,943,AEA,"2015 Assessment",POINT (-150.99700927734375 70.21392822265625)
"1E567F40-129D-48E5-AF98-68298F01439F",443,,"344-BF-02","0256320",North Slope Borough - Nuiqsut Trapper School,1,2000,,2000,,,,false,true,false,false,Colville,"Site Location: Tank farm in flood plain; Facility threatened by coastal erosion/avalanche/river erosion/other; Tank Farm within 100-feet of a well. 
Secondary Containment:  No containment; Inadequate containment. 
Foundations:  Belly of tank more than 12i",,1061,AEA,"2015 Assessment",POINT (-151.00048828125 70.21807861328125)
AC92A5C0-148B-4196-9E68-F931CFCDC780,443,,"344-BF-02","0256320",North Slope Borough - Nuiqsut Trapper School,1,2000,,2000,,,,false,true,false,false,Colville,"Site Location: Tank farm in flood plain; Facility threatened by coastal erosion/avalanche/river erosion/other; Tank Farm within 100-feet of a well. 
Secondary Containment:  No containment; Inadequate containment. 
Foundations:  Belly of tank more than 12i",,1061,AEA,"2015 Assessment",POINT (-151.00048828125 70.21807861328125)
"547B1211-2230-4412-9DDA-A428F900442B",444,,"345-BF-01","0256320",North Slope Borough,,1000,,,,,,false,true,false,false,,,,945,AEA,"2015 Assessment",POINT (-150.9989013671875 70.2200927734375)
A205A972-EE54-419C-A784-22F6C5EFBEA2,445,,,"0256320",North Slope Borough - Nuiqsut Fire Dept.,1,7000,,7000,,,,false,true,false,false,Colville,"Site Location: Tank farm in flood plain; Facility threatened by coastal erosion/avalanche/river erosion/other; Tank Farm within 100-feet of a well. 
Secondary Containment:  No containment; Inadequate containment. 
Foundations:  Belly of tank more than 12i",,946,AEA,"2015 Assessment",POINT (-151.0009765625 70.2166748046875)
"338E3F10-0E7A-4ABE-982C-50609EE96775",445,,,"0256320",North Slope Borough - Nuiqsut Fire Dept.,1,7000,,7000,,,,false,true,false,false,Colville,"Site Location: Tank farm in flood plain; Facility threatened by coastal erosion/avalanche/river erosion/other; Tank Farm within 100-feet of a well. 
Secondary Containment:  No containment; Inadequate containment. 
Foundations:  Belly of tank more than 12i",,946,AEA,"2015 Assessment",POINT (-151.0009765625 70.2166748046875)
DDD6686D-1B80-4635-9915-CF8C6D9CC472,446,,,"0256320",City of Nuiqsut,,10000,,,,,,false,true,false,false,,,,947,AEA,"2015 Assessment",POINT (-150.99810791015625 70.21368408203125)
"3933D80F-39D4-48E4-B969-6CF6060FD916",447,,"341-BF-01","0256320",North Slope Borough - Nuiqsut Health Clinic,1,6500,,6500,,,,false,true,false,false,Colville,"Site Location: Tank farm in flood plain; Facility threatened by coastal erosion/avalanche/river erosion/other; Tank Farm within 100-feet of a well. 
Secondary Containment:  No containment; Inadequate containment. 
Foundations:  Belly of tank more than 12i",,1063,AEA,"2015 Assessment",POINT (-151 70.21527099609375)
"89B778BC-3127-4F6E-B101-5991DA47EC26",447,,"341-BF-01","0256320",North Slope Borough - Nuiqsut Health Clinic,1,6500,,6500,,,,false,true,false,false,Colville,"Site Location: Tank farm in flood plain; Facility threatened by coastal erosion/avalanche/river erosion/other; Tank Farm within 100-feet of a well. 
Secondary Containment:  No containment; Inadequate containment. 
Foundations:  Belly of tank more than 12i",,1063,AEA,"2015 Assessment",POINT (-151 70.21527099609375)
A0835329-AF65-4E84-84CE-7747EB08843C,448,,"345-BF-03","0256320",North Slope Borough,,1100,,,,,,false,true,false,false,,,,949,AEA,"2015 Assessment",POINT (-150.9989013671875 70.21429443359375)
"0B585140-BD0B-4D35-80CF-331764B7BBFE",449,,"346-BF-02","0256320",North Slope BoroughNuiqsut Old Public Safety Building,,2000,,,,,,false,true,false,false,,,,950,AEA,"2015 Assessment",POINT (-150.9990234375 70.21429443359375)
BDA7F567-7CCB-440D-B865-2323652B61EB,450,,"346-BF-03","0256320",Nuiqsut Assembly of God Church,,1100,,,,,,false,true,false,false,,,,951,AEA,"2015 Assessment",POINT (-150.99481201171875 70.21490478515625)
DC601FC1-3A2B-4C80-9F95-10FE3EDD9761,451,ANC-P-012,"363-BF-01","0261630",North Slope Borough - Point Hope Power Plant,1,10000,,10000,,,,true,false,false,true,Tikigaq Corporation,"Site Location: Tank farm in flood plain; Facility threatened by coastal erosion/avalanche/river erosion/other; Tank Farm within 100-feet of a well. 
Secondary Containment:  No containment; Inadequate containment. 
Foundations:  Belly of tank more than 12i",,1069,AEA,"2015 Assessment",POINT (-166.7373046875 68.3485107421875)
"95D354A8-7E2A-4D28-A476-37F53ECD6368",452,,,"0261630",North Slope Borough - Point Hope Fire Station,1,7000,,7000,,,,true,false,false,false,Tikigaq Corporation,"Site Location: Tank farm in flood plain; Facility threatened by coastal erosion/avalanche/river erosion/other; Tank Farm within 100-feet of a well. 
Secondary Containment:  No containment; Inadequate containment. 
Foundations:  Belly of tank more than 12i",,1076,AEA,"2015 Assessment",POINT (-166.73150634765625 68.348876953125)
E474BE21-EF86-4234-AB76-B32CE68F896D,453,,,"0261630",North Slope Borough - Point Hope Dept. of Municipal Services Bldg.,1,10000,,10000,,,,true,false,false,false,Tikigaq Corporation,"Site Location: Tank farm in flood plain; Facility threatened by coastal erosion/avalanche/river erosion/other; Tank Farm within 100-feet of a well. 
Secondary Containment:  No containment; Inadequate containment. 
Foundations:  Belly of tank more than 12i",,1070,AEA,"2015 Assessment",POINT (-166.71771240234375 68.34991455078125)
FA7B5845-7940-4C5F-8EAA-A7A359D16B42,456,,"363-BF-06","0261630",North Slope Borough School District - Tikigag School,1,2000,,2000,,,,true,false,false,false,Tikigaq Corporation,"Site Location: Tank farm in flood plain; Facility threatened by coastal erosion/avalanche/river erosion/other; Tank Farm within 100-feet of a well. 
Secondary Containment:  No containment; Inadequate containment. 
Foundations:  Belly of tank more than 12i",,1071,AEA,"2015 Assessment",POINT (-166.73590087890625 68.34967041015625)
"60E89C03-0731-48F9-9A8D-E0F338FFE0CD",457,,"363-BF-02","0261630",North Slope Borough School District - Tikigag School-Voc. Ed. Bldg.,1,2000,,2000,,,,true,false,false,false,Tikigaq Corporation,"Site Location: Tank farm in flood plain; Facility threatened by coastal erosion/avalanche/river erosion/other; Tank Farm within 100-feet of a well. 
Secondary Containment:  No containment; Inadequate containment. 
Foundations:  Belly of tank more than 12i",,1072,AEA,"2015 Assessment",POINT (-166.735595703125 68.34967041015625)
"8D812624-BDC6-4331-A085-BA75DC62D419",458,,"363-BF-20","0261630",North Slope Borough - Point Hope Heavy Equipment Maintenance Facility,1,5000,,5000,,,,true,false,false,false,Tikigaq Corporation,"Site Location: Tank farm in flood plain; Facility threatened by coastal erosion/avalanche/river erosion/other; Tank Farm within 100-feet of a well. 
Secondary Containment:  No containment; Inadequate containment. 
Foundations:  Belly of tank more than 12i",,1073,AEA,"2015 Assessment",POINT (-166.71942138671875 68.35009765625)
"43954A97-4351-4BF0-967A-29A64D36C646",459,,"363-BF-15","0261630",Tikigag Corp. Fuel Station,2,12000,6000,6000,,,,true,false,false,false,Crowley,"Site Location: Tank farm in flood plain; Facility threatened by coastal erosion/avalanche/river erosion/other; Tank Farm within 100-feet of a well. 
Secondary Containment:  No containment; Inadequate containment. 
Foundations:  Belly of tank more than 12i",500,1074,AEA,"2015 Assessment",POINT (-166.73992919921875 68.3472900390625)
C2D61671-EB4E-40BE-96BC-49F296E8D8A2,460,,"363-BF-05","0261630",North Slope Borough - Point Hope Sewage Treatment Plant,1,2500,,2500,,,,true,false,false,false,t,"Site Location: Tank farm in flood plain; Facility threatened by coastal erosion/avalanche/river erosion/other; Tank Farm within 100-feet of a well. 
Secondary Containment:  No containment; Inadequate containment. 
Foundations:  Belly of tank more than 12i",,1075,AEA,"2015 Assessment",POINT (-166.746826171875 68.3463134765625)
E867DC72-3920-4177-BBB6-DA377D5FDC91,461,,"363-BF-19","0261700",North Slope Borough,,548000,,,,,,true,false,false,false,,,,962,AEA,"2015 Assessment",POINT (-163.00408935546875 69.74072265625)
"62BDFC20-7D02-406B-AE7B-E8E3A792568A",463,,"363-BF-07","0261700",North Slope Borough - Point Lay Fire Station,1,7000,,7000,,,,true,false,false,false,Crowley,"Site Location: Tank farm in flood plain; Facility threatened by coastal erosion/avalanche/river erosion/other; Tank Farm within 100-feet of a well. 
Secondary Containment:  No containment; Inadequate containment. 
Foundations:  Belly of tank more than 12i",,1079,AEA,"2015 Assessment",POINT (-163.01068115234375 69.74188232421875)
C9115959-A754-41E2-9301-60F06A3FCABD,464,,,"0261700",North Slope BoroughPoint Lay Maintenance Facility,,5000,,,,,,true,false,false,false,,,,965,AEA,"2015 Assessment",POINT (-163.00579833984375 69.7410888671875)
CC18CA40-3547-4E41-A733-8A4082DD1FA6,465,,"363-BF-04","0261700",North Slope Borough - Point Lay Health Clinic,1,6000,,6000,,,,true,false,false,false,North Slope Borough,"Site Location: Tank farm in flood plain; Facility threatened by coastal erosion/avalanche/river erosion/other; Tank Farm within 100-feet of a well. 
Secondary Containment:  No containment; Inadequate containment. 
Foundations:  Belly of tank more than 12i",,1080,AEA,"2015 Assessment",POINT (-163.01220703125 69.74090576171875)
"997CADE8-A481-4A8A-A027-66C67951720C",466,,,"0261700",North Slope Borough School District - Kali School,1,6000,,6000,,,,true,false,false,false,North Slope Borough,"Site Location: Tank farm in flood plain; Facility threatened by coastal erosion/avalanche/river erosion/other; Tank Farm within 100-feet of a well. 
Secondary Containment:  No containment; Inadequate containment. 
Foundations:  Belly of tank more than 12i",,1081,AEA,"2015 Assessment",POINT (-163.00830078125 69.742919921875)
"1D1891A5-BB40-4550-944B-3437313732A5",469,,,"0268230",Selawik IRA Fuel Project,,258100,,,,,,true,false,false,false,,,,340,AEA,,POINT (-160.015380859375 66.6063232421875)
"76FC16FB-A51A-44A4-BBB0-138C892695CB",470,ANC-S-011,,"0268230",Rotman  Stores Inc.,,9800,,,,,,true,false,false,true,,,,605,AEA,,POINT (-160.0087890625 66.598876953125)
B343C91A-25D7-42DF-B513-17A326BD56A4,471,,,"0268230","IRA-HUD Housing Apartment ComplexGeneral DeliverySelawik, AK  99770",,26000,,,,,,true,false,false,false,,,,762,AEA,,POINT (-160.01361083984375 66.6051025390625)
AF00A56B-27C0-4A8F-8C02-0B6F58B1FB45,476,,,"0269770",Lutheran Church,,6900,,,,,,true,false,false,false,,,,350,AEA,,POINT (-166.06622314453125 66.25628662109375)
CEBBA7D6-6120-4AEA-8289-21EF73999913,477,,"409-BF-06","0269770",National Guard,,9700,,,,,,true,false,false,false,,,,464,AEA,,POINT (-166.07647705078125 66.25390625)
"0188F5E2-C4B3-4A32-B75A-E7E6F6A72CE9",478,,,"0269770",City-Water Treatment Plant,,8200,,,,,,true,false,false,false,,,,352,AEA,Best Practice Assessment,POINT (-166.0601806640625 66.2576904296875)
E2C20C9D-DC5C-4D14-B512-E8C41312EA92,481,ANC-S-028,,"0269770",City of Shishmaref,,62100,,,,,,true,false,false,true,,,,278,AEA,Best Practice Assessment,POINT (-166.07318115234375 66.25469970703125)
D757BE2A-F56B-4FE8-84A0-2715EC65E6EB,481,ANC-S-028,,"0269770",City of Shishmaref,,62100,,,,,,true,false,false,true,,,,278,AEA,Best Practice Assessment,POINT (-166.07318115234375 66.25469970703125)
F3F5E887-8B3A-4E61-A0EA-95B7A28D000B,483,,"409-BF-02","0269770",US Fish and Wildlife,,3100,,,,,,true,false,false,false,,,,280,AEA,,POINT (-166.07330322265625 66.25787353515625)
"900E68BF-1D5B-4576-AA79-59EAF14176E7",492,,"425-BF-03","0275930",Richard Blodgett,,199400,,,,,,true,false,false,false,,,,488,AEA,,POINT (-166.3651123046875 65.26287841796875)
"994105DB-6F36-41A1-B230-E0373F9E975F",493,ANC-T-006,"426-BF-04","0275930",Teller Native Corporation Store,,3500,,,,,,true,false,false,true,,,,733,AEA,,POINT (-166.36077880859375 65.26092529296875)
"1629B350-C98B-4525-A641-3C0396489C45",494,,"426-BF-05","0275930",Teller Lutheran Church,,6100,,,,,,true,false,false,false,,,,734,AEA,,POINT (-166.36328125 65.263916015625)
"1C4ACFE0-0158-45D7-ACA9-C070DB72B892",495,,"425-BF-08","0275930",Army National Guard Armory,,2300,,,,,,true,false,false,false,,,,735,AEA,,POINT (-166.36322021484375 65.2642822265625)
FAFEBD1F-25B1-4F8A-87F2-3478B694F763,499,,"425-BF-04","0275930",Teller Commercial,,1900,,,,,,true,false,false,false,,,,489,AEA,,POINT (-166.36529541015625 65.26287841796875)
A28C0559-38B5-4735-BF6B-26311071B63D,500,,"426-BF-01","0275930",Teller Commercial,,5600,,,,,,true,false,false,false,,,,490,AEA,,POINT (-166.35980224609375 65.26031494140625)
"7FD6FBDB-244E-42CD-84F3-B8C11ED50D6D",502,,"425-BF-02","0275930",City of Teller Clinic,,1000,,,,,,true,false,false,false,,,,730,AEA,,POINT (-166.3643798828125 65.26348876953125)
"51FA77EC-8692-4F71-B5BE-AE060C540739",504,,"425-BF-07","0275930",Bering Straits School District,,4800,,,,,,true,false,false,false,,,,732,AEA,,POINT (-166.36602783203125 65.263916015625)
"847E852A-C3F8-4E3F-8540-1D5838E47248",506,,,"0282750",North Slope Borough School District,,908000,,,,,,true,false,false,false,,,,969,AEA,"2015 Assessment",POINT (-160.03369140625 70.6361083984375)
AC2A183B-9056-4584-A18C-B39363D95AD7,508,,"456-BF-01","0282750",North Slope Borough - Wainwright Water Treatment Plant,1,10000,,10000,,,,true,false,false,false,Olgoonik Corporation,"Site Location: Tank farm in flood plain; Facility threatened by coastal erosion/avalanche/river erosion/other; Tank Farm within 100-feet of a well. 
Secondary Containment:  No containment; Inadequate containment. 
Foundations:  Belly of tank more than 12i",,1092,AEA,"2015 Assessment",POINT (-160.02880859375 70.6370849609375)
B82E0630-287E-4591-89C8-CEBAB608667F,509,,"456-BF-04","0282750",North Slope Borough - Wainwright Health Clinic,1,6000,,6000,,,,true,false,false,false,Olgoonik Corporation,"Site Location: Tank farm in flood plain; Facility threatened by coastal erosion/avalanche/river erosion/other; Tank Farm within 100-feet of a well. 
Secondary Containment:  No containment; Inadequate containment. 
Foundations:  Belly of tank more than 12i",,1093,AEA,"2015 Assessment",POINT (-160.02960205078125 70.6376953125)
A4BFB65F-3817-45CA-8B53-0E122E14A4C1,510,,"456-BF-03","0282750",North Slope Borough - Wainwright Fire Station,1,7000,,7000,,,,true,false,false,false,Olgoonik Corporation,"Site Location: Tank farm in flood plain; Facility threatened by coastal erosion/avalanche/river erosion/other; Tank Farm within 100-feet of a well. 
Secondary Containment:  No containment; Inadequate containment. 
Foundations:  Belly of tank more than 12i",,1094,AEA,"2015 Assessment",POINT (-160.03289794921875 70.63787841796875)
"08A09353-8C0F-47F7-850E-77DB129A1B41",511,,,"0282750",Olgoonik Corporation - Hotel & Restaurant,1,1700,,1700,,,,true,false,false,false,Olgoonik Corporation,"Site Location: Tank farm in flood plain; Facility threatened by coastal erosion/avalanche/river erosion/other; Tank Farm within 100-feet of a well. 
Secondary Containment:  No containment; Inadequate containment. 
Foundations:  Belly of tank more than 12i",,1095,AEA,"2015 Assessment",POINT (-160.0322265625 70.6376953125)
"8FD82835-EB2B-444F-ABFE-B24E94439A61",512,,"456-BF-02","0282750",City of Wainwright,,2400,,,,,,true,false,false,false,,,,975,AEA,"2015 Assessment",POINT (-160.03277587890625 70.6383056640625)
"10E17596-EA7D-4231-BFF9-570A63ADEA9E",514,,"456-BF-07","0282750",North Slope Borough - Wainwright Sewage Treatment Plant,1,2000,,2000,,,,true,false,false,false,Olgoonik Corporation,"Site Location: Tank farm in flood plain; Facility threatened by coastal erosion/avalanche/river erosion/other; Tank Farm within 100-feet of a well. 
Secondary Containment:  No containment; Inadequate containment. 
Foundations:  Belly of tank more than 12i",,1096,AEA,"2015 Assessment",POINT (-160.0216064453125 70.64288330078125)
"45A65B7E-EC2D-4DEA-8128-8BB70F8BBC83",515,ANC-W-001,,"0282750",North Slope Borough ,,500000,,,,,,true,false,false,true,,,,978,AEA,"2015 Assessment",POINT (-160.010986328125 70.64007568359375)
"31748366-F5A6-4B80-A966-0BEA4B94E1F7",519,ANC-W-006,,"0282860",Native Village of Wales Native Store - Retail Sales,6,101100,21000,80100,,,,true,false,false,true,Crowley Marine,"Site Location: Tank farm in flood plain; Facility threatened by coastal erosion/avalanche/river erosion/other; Tank Farm within 100-feet of a well. 
Secondary Containment:  No containment; Inadequate containment. 
Foundations:  Belly of tank more than 12i",400,282,AEA,"2015 Assessment",POINT (-168.0875244140625 65.6060791015625)
"9590870E-3874-48C9-A5A1-809FF3E2A8F7",520,,"458-BF-06","0282860",City of Wales WTP,1,10700,,10700,,,,true,false,false,false,Crowley Marine,"Site Location: Tank farm in flood plain; Facility threatened by coastal erosion/avalanche/river erosion/other; Tank Farm within 100-feet of a well. 
Secondary Containment:  No containment; Inadequate containment. 
Foundations:  Belly of tank more than 12i",300,283,AEA,"2015 Assessment",POINT (-168.09100341796875 65.6085205078125)
"6B8D0DD4-3D0D-4B97-8BBD-AB4B3D7333DF",523,ANC-A-009,,"0201200",Alaska Village Electric Cooperative,,117029,,,,,,true,false,false,true,,,,88,AEA,,POINT (-164.66510009765625 62.68487548828125)
"38BA658A-4660-449D-9654-ED0895FECEB6",524,ANC-A-013,,"0201200",Alakanuk Native Corporation,1,150000,,150000,,,,true,false,false,true,,,,700,AEA,Best Practice Assessment,POINT (-164.62188720703125 62.6865234375)
A33F94B4-31AE-48BE-B2E6-07A4BA6B6E4C,525,,,"0201200",State of Alaska Village Safe Water,,40000,,,,,,true,false,false,false,,,,701,AEA,,POINT (-164.66510009765625 62.6846923828125)
D006AEA8-FB4B-4EC8-8B12-A7A3D223249C,527,ANC-A-010,,"0201200",City of Alakanuk,1,40000,,40000,,,,true,false,false,true,,,,703,AEA,Best Practice Assessment,POINT (-164.621826171875 62.68670654296875)
A36D0D2B-DD3E-4F4D-82C7-556B48F7B05E,529,,,"0213230",Chevak Traditional Council,,10000,,,,,,true,false,false,false,,,,870,AEA,,POINT (-165.58599853515625 61.529296875)
"3422CFAB-36FA-4948-819D-BF43C5EBA6EE",530,,,"0213230",City of Chevak,1,27000,,27000,,,,true,false,false,false,,,,29,AEA,,POINT (-165.586181640625 61.528076171875)
"93B0C607-E6A9-4772-80A0-A1CB8F194B6C",530,,,"0213230",City of Chevak,1,27000,,27000,,,,true,false,false,false,,,,29,AEA,,POINT (-165.586181640625 61.528076171875)
"57802F02-1FE2-4D07-A325-DC027155B116",532,ANC-C-005,,"0213230",Chevak Company Corp. Store,1,195840,50000,150000,,,,true,false,false,true,,,,31,AEA,,POINT (-165.5894775390625 61.5277099609375)
C0223FF5-B95B-4CF2-80C4-FB5DCC124ADC,533,,,"0213230",Wayne Hill Company Store,,28000,,,,,,true,false,false,false,,,,540,AEA,,POINT (-165.58538818359375 61.52752685546875)
"485090BC-7E66-492A-A558-7CD6303CC673",535,,,"0213230",Chevak Company Corporation (beach),,46000,,,,,,true,false,false,false,,,,32,AEA,,POINT (-165.584716796875 61.5286865234375)
"7170A605-FFC2-47EF-AEDC-440948DAFE5D",536,,,"0213230",Chevak Traditional Council,,2600,,,,,,true,false,false,false,,,,33,AEA,,POINT (-165.5863037109375 61.529296875)
"08F52340-FE40-4C20-B7D8-2922E0841D71",544,,,"0222250",AK Army National Guard,,4500,,,,,,true,false,false,false,,,,782,AEA,,POINT (-162.26031494140625 64.6182861328125)
C5239287-43F6-4C25-8984-4C975E90503E,545,,,"0222250",ADOT Airport,,3000,,,,,,true,false,false,false,,,,783,AEA,,POINT (-162.2706298828125 64.61907958984375)
"150EB6CF-7262-4ABF-AAA4-E58A6587C34C",548,ANC-E-025,"176-BF-01","0222910",Grant Air Services,,133000,,,,,,true,false,false,true,,,,873,AEA,,POINT (-164.4951171875 62.77691650390625)
AC024D0B-F6A8-4873-A2E6-17A620B1D007,552,ANC-E-020,,"0222910",Alaska Village Electric Cooperative,,172247,,,,,,true,false,false,true,,,,97,AEA,,POINT (-164.531005859375 62.77789306640625)
"748B2C47-6F53-4F18-A713-48B459244BC0",554,ANC-E-021,"176-BF-09","0222910",Emmonak Corporation,,380000,200000,150000,,,,true,false,false,true,,,,100,AEA,Best Practice Assessment,POINT (-164.5177001953125 62.7764892578125)
FC5CF6B6-4F4D-419A-9C9C-AF80A016FA7C,555,ANC-E-023,"176-BF-08","0222910",City of Emmonak,,52200,,,,,,true,false,false,true,,,,99,AEA,Best Practice Assessment,POINT (-164.5181884765625 62.77667236328125)
CF53613F-3E89-446F-98A3-CA1D7E676BA7,556,,,"0222910",AC Company Store,,20000,,,,,,true,false,false,false,,,,871,AEA,,POINT (-164.5457763671875 62.778076171875)
"2EEB9F86-9E52-4DB2-8CFB-F76BC37F6086",560,,,"0227640","7th Day Adventist Church",,2300,,,,,,true,false,false,false,,,,161,AEA,,POINT (-171.73028564453125 63.77752685546875)
"31A503C7-5399-43F7-9BFC-CD3DE731491C",561,ANC-G-004,,"0227640",Bering Straits Schools,,51700,,,,,,true,false,false,true,,,,106,AEA,,POINT (-171.73529052734375 63.7786865234375)
EA99F3E6-95C7-4A2D-B594-6959266E71F9,561,ANC-G-004,,"0227640",Bering Straits Schools,,51700,,,,,,true,false,false,true,,,,106,AEA,,POINT (-171.73529052734375 63.7786865234375)
"66D787F9-17BE-4A5B-8890-8AC36424CD55",563,,,"0227640",ANICA Native Store ,,332400,,,,,,true,false,false,false,,,,109,AEA,,POINT (-171.726806640625 63.778076171875)
ECBCD8D2-3AC3-4138-99A9-100BBD56D4ED,565,,,"0227640",Presbyterian Church,,2700,,,,,,true,false,false,false,,,,92,AEA,,POINT (-171.7340087890625 63.77911376953125)
C8EC9D39-F5C7-4B8E-94A5-4B7BE891EF44,565,,,"0267460",Presbyterian Church,,2700,,,,,,true,false,false,false,,,,92,AEA,,POINT (-171.7340087890625 63.77911376953125)
"449628B5-6B03-41F8-92FA-E931C030D353",569,,"223-BF-04","0233470",Alaska Village Electric Cooperative,,160900,,,,,,true,false,false,false,,,,123,AEA,,POINT (-166.102294921875 61.53070068359375)
"57CBFD5A-B0B9-4C1D-A73B-1CED62471744",570,ANC-H-010,"223-BF-03","0233470",City of Hooper Bay,,20000,,,,,,true,false,false,true,,,,124,AEA,,POINT (-166.10308837890625 61.53009033203125)
A27942C2-FA2F-492A-A3C3-0F16D8FB9618,572,,"224-BF-08","0233470",Yukon Fuel Company (Cemetary North),,126995,,,,,,true,false,false,false,,,,125,AEA,,POINT (-166.10040283203125 61.53411865234375)
"47D2944D-42AD-431F-975F-E10C14A3CAC9",573,,"224-BF-01","0233470",Yukon Fuel Company (Cemetary South),,96208,,,,,,true,false,false,false,,,,126,AEA,,POINT (-166.1029052734375 61.5333251953125)
"88A5A8CE-033C-48C5-B537-5CDF4ED67B25",575,,,"0233470",Little Flower of Jesus Parish,,2519,,,,,,true,false,false,false,,,,127,AEA,,POINT (-166.10418701171875 61.53009033203125)
"97961562-1051-4566-8A91-2EBDE3E2B851",579,,,"0241720",City of Kotlik,,18100,,,,,,true,false,false,false,,,,60,AEA,,POINT (-163.5546875 63.03289794921875)
"2A23D579-10CA-4A9D-BB28-767301C1B066",580,,,"0241720",Alaska Commercial Store,,15000,,,,,,true,false,false,false,,,,713,AEA,,POINT (-163.54229736328125 63.03448486328125)
"29891D9C-5E68-4937-B0ED-CB59B250A0D8",582,ANC-K-044,"278-BF-01","0241940",Alaska Village Electric Cooperative,,71250,,,,,,true,false,false,true,,,,62,AEA,,POINT (-161.1572265625 64.93212890625)
A711DDDE-1999-4493-A3CD-A603CD67B3FF,585,,"278-BF-02","0241940",Beach (unknown),,6500,,,,,,true,false,false,false,,,,784,AEA,,POINT (-161.1572265625 64.93212890625)
"646135BE-4BDA-41E6-BB75-8D7817C4BD00",588,,"278-BF-05","0241940","ADOT, Airport",,3000,,,,,,true,false,false,false,,,,787,AEA,,POINT (-161.1572265625 64.93212890625)
"7E0F11B3-4341-4BBB-BAD4-E3A3F00A110A",590,ANC-M-002,,"0247000",Maserculiq - Retail Sales,7,108400,53000,55400,,,,true,false,false,true,"Ruby Marine, Crowley Marine, Vitus Marine","Site Location: Tank farm in flood plain; Facility threatened by coastal erosion/avalanche/river erosion/other; Tank Farm within 100-feet of a well. 
Secondary Containment:  No containment; Inadequate containment. 
Foundations:  Belly of tank more than 12i",100,191,AEA,"2017 Letter Report & Best Practice Assessment",POINT (-162.08428955078125 61.87811279296875)
"32EC90DB-A78A-4F44-A541-6F8413A60FA1",591,,"291-BF-03","0247000",City of Marshall - WTP,2,15000,,15000,,,,true,false,false,false,,"Site Location: Tank farm in flood plain; Facility threatened by coastal erosion/avalanche/river erosion/other; Tank Farm within 100-feet of a well. 
Secondary Containment:  No containment; Inadequate containment. 
Foundations:  Belly of tank more than 12i",100,192,AEA,"2017 Letter Report & Best Practice Assessment",POINT (-162.0845947265625 61.87811279296875)
"014FC20F-A187-4730-9063-3A6FD183BF0F",594,,"293-BF-04","0247990",Bering Sea Reindeer Products,,15900,,,,,,true,false,false,false,,,,597,AEA,,POINT (-166.21710205078125 60.38067626953125)
F28E3A63-4862-46AA-A43E-F021AEEE73F2,596,,"294-BF-05","0247990",NIMA Corporation,,43800,,,,,,true,false,false,false,,,,640,AEA,,POINT (-166.18780517578125 60.38848876953125)
"65B8CB22-E1DC-48A2-946F-F05ECA9A76F1",597,ANC-M-016,"293-BF-03","0247990",NIMA Corporation,,34700,,,,,,true,false,false,true,,,,194,AEA,,POINT (-166.185302734375 60.38812255859375)
F0A479C4-125F-4C07-90E6-6C5B434E39C3,597,ANC-M-016,"293-BF-03","0247990",NIMA Corporation,,34700,,,,,,true,false,false,true,,,,194,AEA,,POINT (-166.185302734375 60.38812255859375)
DE0B34DB-8C02-4D9D-94E1-A19418FBBABD,602,,,"0247990",Alaska Village Electric Cooperative,,84900,,,,,,true,false,false,false,,,,198,AEA,,POINT (-166.1881103515625 60.388671875)
B5F8918F-A855-4169-9042-2A713EF776E9,609,,,"0251180","Azachorok, Incorporated - Retail Sales",23,286450,106900,139550,,,40000,true,false,false,false,"Ruby Marine, Crowley Marine, Vitus Marine","Site Location: Tank farm in flood plain; Facility threatened by coastal erosion/avalanche/river erosion/other; Tank Farm within 100-feet of a well. 
Secondary Containment:  No containment; Inadequate containment. 
Foundations:  Belly of tank more than 12i",100,206,AEA,"2015 Assessment",POINT (-163.720703125 62.08709716796875)
"8536A199-0B19-4F30-9F38-76088DDD4D1B",612,ANC-N-028,"311-BF-01","0253820",Newtok School (LKSD),4,84700,,84700,,,,true,false,false,true,Delta Western Crowley Marine Vitus Marine,"Site Location: Tank farm in flood plain; Facility threatened by coastal erosion/avalanche/river erosion/other; Tank Farm within 100-feet of a well. 
Secondary Containment:  No containment; Inadequate containment. 
Foundations:  Belly of tank more than 12i",50,221,AEA,"2016 Letter Report",POINT (-164.62860107421875 60.9368896484375)
"1B7ADC5D-27C3-4015-B623-9E74C855045C",614,ANC-N-030,"311-BF-03","0253820",Newtok Native Corporation - Retail Sales,6,45900,21900,24000,,,,true,false,false,true,Delta Western Crowley Marine Vitus Marine,"Site Location: Tank farm in flood plain; Facility threatened by coastal erosion/avalanche/river erosion/other; Tank Farm within 100-feet of a well. 
Secondary Containment:  No containment; Inadequate containment. 
Foundations:  Belly of tank more than 12i",50,223,AEA,"2016 Letter Report & Best Practice Assessment",POINT (-164.63201904296875 60.94091796875)
"892AE18F-C639-4A7B-919E-5536BD309E88",616,ANC-N-033,,"0253820",Ungusraq Power Company,6,61800,,61800,,,,true,false,false,true,Delta Western Crowley Marine Vitus Marine,"Site Location: Tank farm in flood plain; Facility threatened by coastal erosion/avalanche/river erosion/other; Tank Farm within 100-feet of a well. 
Secondary Containment:  No containment; Inadequate containment. 
Foundations:  Belly of tank more than 12i",50,225,AEA,"2016 Letter Report & Best Practice Assessment",POINT (-164.630126953125 60.93988037109375)
"4BB48263-7E3B-4C23-AFB4-7F080EE47448",617,,"311-BF-02","0253820",Newtok Village,1,3000,,3000,,,,true,false,false,false,Delta Western Crowley Marine Vitus Marine,"Site Location: Tank farm in flood plain; Facility threatened by coastal erosion/avalanche/river erosion/other; Tank Farm within 100-feet of a well. 
Secondary Containment:  No containment; Inadequate containment. 
Foundations:  Belly of tank more than 12i",50,226,AEA,"2016 Letter Report",POINT (-164.63427734375 60.94207763671875)
"0B072B69-6A65-4BF2-A67F-BDC7BC3573A5",620,,,"0253930","Chinuruk, Inc. (Store)",,40400,,,,,,true,false,false,false,,,,227,AEA,,POINT (-164.7349853515625 60.480712890625)
"39943186-EB34-4A7C-B510-E1F60F6E5B77",621,,"314-BF-04","0253930",Unknown,,2700,,,,,,true,false,false,false,,,,641,AEA,,POINT (-154.902099609375 59.7554931640625)
"4533136B-B178-4EEB-8F4E-1BBF21C03ABE",621,,"314-BF-04","0260200",Unknown,,2700,,,,,,true,false,false,false,,,,641,AEA,,POINT (-154.902099609375 59.7554931640625)
"3AF5B78A-D633-4C80-AE00-103C435D22D2",622,,"314-BF-02","0253930",Nightmute Power Co. Plant,,42900,,,,,,true,false,false,false,,,,228,AEA,,POINT (-164.72540283203125 60.4794921875)
"51E9D9BB-4D2D-4E8E-8793-49B295C1AA4D",624,ANC-N-037,"314-BF-01","0253930",Nightmute Power Company Plant,,40000,,,,,,true,false,false,true,,,,229,AEA,,POINT (-164.72552490234375 60.47930908203125)
"37AB6F34-681B-4D19-B653-CE206E88FC2C",626,,,"0253930","Our Lady of Perpetual Help Church (Catholic)Nightmute, AK 99690",,1650,,,,,,true,false,false,false,,,,600,AEA,,POINT (-164.72760009765625 60.47930908203125)
"4DE683E4-9661-425B-927E-86B2F7AFB3DF",627,,"314-BF-06","0253930",Nightmute Power Co.,,7000,,,,,,true,false,false,false,,,,240,AEA,,POINT (-164.7255859375 60.4794921875)
"41B1DA99-9DED-42C1-A3BD-E191A86BAEE9",630,,,"0260750",ANCSA Village Corporation/City of Pilot Station,,102800,,,,,,true,false,false,false,,,,258,AEA,Best Practice Assessment,POINT (-162.88360595703125 61.93707275390625)
D2806126-38C8-426E-99E5-86A20E20DD7E,632,ANC-P-007,,"0260750",City of Pilot Station,,5260,,,,,,true,false,false,true,,,,260,AEA,Best Practice Assessment,POINT (-162.881103515625 61.9368896484375)
"4AF313D9-947D-4640-8D44-71F6891E9724",633,ANC-P-008,,"0260750",Village Native Store,,5000,,,,,,true,false,false,true,,,,261,AEA,,POINT (-162.8817138671875 61.936279296875)
D3AB658E-4DCD-4C78-969F-0BA4EA63EC9F,638,,,"0265700",Russian Mission Native Corp. - Retail Sales,7,74750,44750,30000,,,,true,false,false,false,"Crowley Marine, Ruby Marine","Site Location: Tank farm in flood plain; Facility threatened by coastal erosion/avalanche/river erosion/other; Tank Farm within 100-feet of a well. 
Secondary Containment:  No containment; Inadequate containment. 
Foundations:  Belly of tank more than 12i",200,324,AEA,"2015 Assessment & Best Practice Assessment",POINT (-161.3187255859375 61.78448486328125)
"5BFB43F5-855A-4897-8C0E-293579F1C6C9",639,ANC-R-009,"381-BF-02","0265700",Russian Mission Native Store - Retail Gasoline,1,9000,,9000,,,,true,false,false,true,"Ruby Marine, Crowley Marine","Site Location: Tank farm in flood plain; Facility threatened by coastal erosion/avalanche/river erosion/other; Tank Farm within 100-feet of a well. 
Secondary Containment:  No containment; Inadequate containment. 
Foundations:  Belly of tank more than 12i",150,325,AEA,"2015 Assessment & Best Practice Assessment",POINT (-161.322021484375 61.7843017578125)
CD59A84B-EAA2-435A-B68A-251A0FA02239,640,ANC-R-008,"380-BF-04","0265700",City of Russian Mission - WTP,2,8400,,8400,,,,true,false,false,true,"Crowley Marine, Ruby Marine","Site Location: Tank farm in flood plain; Facility threatened by coastal erosion/avalanche/river erosion/other; Tank Farm within 100-feet of a well. 
Secondary Containment:  No containment; Inadequate containment. 
Foundations:  Belly of tank more than 12i",50,326,AEA,"2015 Assessment & Best Practice Assessment",POINT (-161.3240966796875 61.78631591796875)
"97F241AB-0575-407D-896D-47BC5D61389A",644,ANC-S-004,"394-BF-01","0267460",Native Village of Savoonga Store,,279000,,,,,,true,false,false,true,,,,330,AEA,,POINT (-170.47821044921875 63.6962890625)
"177A8782-8C79-44EA-AA37-CDDBE4DD9E40",648,,,"0267460",Water Treatment Plant-New,,12000,,,,,,true,false,false,false,,,,332,AEA,,POINT (-170.47381591796875 63.6962890625)
DFD81F19-5EE9-4C80-BA6F-1449CB0B02E7,649,,"394-BF-06","0267460",City of Savoonga,,9000,,,,,,true,false,false,false,,,,333,AEA,,POINT (-170.48431396484375 63.6956787109375)
DDE35DBE-E122-4919-AC13-F1C44D4FA731,649,,"394-BF-06","0267460",City of Savoonga,,9000,,,,,,true,false,false,false,,,,333,AEA,,POINT (-170.48431396484375 63.6956787109375)
BCB8E82D-3D1A-42BE-80FF-E02EE58FAC8E,651,,"000-BF-02","0267680",Askinuk Corporation - Retail Sales,17,146357,81857,64500,,,,true,false,false,false,Delta Western Crowley Marine Vitus Marine,"Site Location: Tank farm in flood plain; Facility threatened by coastal erosion/avalanche/river erosion/other; Tank Farm within 100-feet of a well. 
Secondary Containment:  No containment; Inadequate containment. 
Foundations:  Belly of tank more than 12i",50,334,AEA,"2017 Letter Report & Best Practice Assessment",POINT (-165.58160400390625 61.84228515625)
"2AA31D47-1FA0-4B12-855A-4442D50FDB7B",653,,,"0267680",City of Scammon Bay - WTP Operated by ARUC,2,12000,,12000,,,,true,false,false,false,Crowley Marine Vitus Marine,"Site Location: Tank farm in flood plain; Facility threatened by coastal erosion/avalanche/river erosion/other; Tank Farm within 100-feet of a well. 
Secondary Containment:  No containment; Inadequate containment. 
Foundations:  Belly of tank more than 12i",,608,AEA,"2017 Letter Report & Best Practice Assessment",POINT (-165.58251953125 61.84088134765625)
"2875753A-54D1-4AC4-9D2F-244B4D37B6ED",654,,"396-BF-01","0267680",City of Scammon Bay - Office,1,3000,,3000,,,,true,false,false,false,Crowley Marine Vitus Marine Delta Western,"Site Location: Tank farm in flood plain; Facility threatened by coastal erosion/avalanche/river erosion/other; Tank Farm within 100-feet of a well. 
Secondary Containment:  No containment; Inadequate containment. 
Foundations:  Belly of tank more than 12i",,613,AEA,"2017 Letter Report & Best Practice Assessment",POINT (-165.5819091796875 61.84130859375)
"2B8CA0EE-A6A3-426A-B347-A135F7B81054",660,,"347-BF-05","0256600",Swan Lake Corporation,,95423,,,,,,true,false,false,false,,,,348,AEA,,POINT (-164.84869384765625 62.52947998046875)
"96591F9F-54A5-4054-B859-E0A7C8852D5A",661,,,"0256600","State of Alaska, DOT",,3000,,,,,,true,false,false,false,,,,349,AEA,,POINT (-164.84808349609375 62.5299072265625)
"2A2F0E07-8AD2-4D14-8DED-80191257F7F4",671,,,"0266140",City of Saint Mary's - Upper Pump House,1,4000,,4000,,,,true,false,false,false,Crowley Marine,"Site Location: Tank farm in flood plain; Facility threatened by coastal erosion/avalanche/river erosion/other; Tank Farm within 100-feet of a well. 
Secondary Containment:  No containment; Inadequate containment. 
Foundations:  Belly of tank more than 12i",0,452,AEA,"2015 Assessment & Best Practice Assessment",POINT (-163.17718505859375 62.0565185546875)
"69EE9C79-67EB-416E-9868-DDF61D587BF5",672,,,"0266140",City of Saint Mary's - Dock Storage,4,6000,,6000,,,,true,false,false,false,"Ruby Marine, Crowley, Vitus Marine","Site Location: Tank farm in flood plain; Facility threatened by coastal erosion/avalanche/river erosion/other; Tank Farm within 100-feet of a well. 
Secondary Containment:  No containment; Inadequate containment. 
Foundations:  Belly of tank more than 12",0,453,AEA,"2015 Assessment & Best Practice Assessment",POINT (-163.17230224609375 62.051513671875)
D9EF5217-BAAC-4EEF-8883-FE240CA4CBDC,673,,"386-BF-03","0266140",City of St. Mary's - Maintenance Building,5,9500,500,9000,,,,true,false,false,false,"Ruby Marine, Crowley, Vitus Marine","Site Location: Tank farm in flood plain; Facility threatened by coastal erosion/avalanche/river erosion/other; Tank Farm within 100-feet of a well. 
Secondary Containment:  No containment; Inadequate containment. 
Foundations:  Belly of tank more than 12i",0,773,AEA,"2015 Assessment & Best Practice Assessment",POINT (-163.171875 62.05169677734375)
"5CD6F72F-BE50-4016-AC72-80DF8A393B12",685,,"386-BF-12","0266140",City of St. Mary's - Lower Pump House,1,3000,,3000,,,,true,false,false,false,Crowley Marine,"Site Location: Tank farm in flood plain; Facility threatened by coastal erosion/avalanche/river erosion/other; Tank Farm within 100-feet of a well. 
Secondary Containment:  No containment; Inadequate containment. 
Foundations:  Belly of tank more than 12i",0,902,AEA,"2015 Assessment & Best Practice Assessment",POINT (-163.19598388671875 62.04852294921875)
"41AA42C0-BF55-4E9B-A88E-0578D52BAF81",691,,"387-BF-12","0266360",Alaska Village electric Cooperative,,76000,,,,,,true,false,false,false,,,,472,AEA,,POINT (-162.0382080078125 63.47808837890625)
"67812973-1F5E-4F2F-9E8E-A8FEDA823FAF",694,ANC-S-056,"387-BF-06","0275930",Bering Straits School District,,52000,,,,,,true,false,false,true,,,,475,AEA,,POINT (-166.48638916015625 65.3328857421875)
"8970B1E0-DE4E-4A98-8A1B-5C858F18F05A",694,ANC-S-056,"387-BF-06","0267460",Bering Straits School District,,52000,,,,,,true,false,false,true,,,,475,AEA,,POINT (-166.48638916015625 65.3328857421875)
E4603DF1-062E-46B4-B972-86EC06249D23,694,ANC-S-056,"387-BF-06","0266360",Bering Straits School District,,52000,,,,,,true,false,false,true,,,,475,AEA,,POINT (-166.48638916015625 65.3328857421875)
"7A206A94-00D4-4121-BA0A-35593A0FADDC",694,ANC-S-056,"387-BF-06","0266360",Bering Straits School District,,52000,,,,,,true,false,false,true,,,,475,AEA,,POINT (-166.48638916015625 65.3328857421875)
FCF5DE13-804A-4060-9FE1-B8560D4A7056,696,,"386-BF-15","0266360",Alaska Commercial Company,,10000,,,,,,true,false,false,false,,,,476,AEA,,POINT (-162.029296875 63.47747802734375)
B5C4A80A-EBE8-43B1-97E5-13DBC3386D74,696,,"386-BF-15","0266360",Alaska Commercial Company,,10000,,,,,,true,false,false,false,,,,476,AEA,,POINT (-162.029296875 63.47747802734375)
EBAB23EE-9C6B-4BD5-A51F-1E23EFD52514,697,,"386-BF-14","0266360",Alaska Army National Guard,,10000,,,,,,true,false,false,false,,,,74,AEA,,POINT (-162.0413818359375 63.478271484375)
A3C09E30-FF98-4742-A0FB-3CBE3697ADBC,698,,"387-BF-13","0266360","Alaska Department of TransportationAirport Heavy Equipment StorageGeneral DeliverySaint Michael, AK  99659",,3000,,,,,,true,false,false,false,,,,75,AEA,,POINT (-162.03338623046875 63.4794921875)
FE63D401-849B-48B1-8FAF-6B046322D185,703,,"418-BF-06","0272960",Ferris General Store,,26800,,,,,,true,false,false,false,,,,790,AEA,,POINT (-162.2864990234375 63.51629638671875)
"2AF943FF-83E3-4FC5-B107-FB1FE63168A0",705,,,"0272960",Charlie Steves (Residence),,3000,,,,,,true,false,false,false,,,,792,AEA,,POINT (-162.28411865234375 63.52032470703125)
"95AE33D6-5B7B-453A-AC8B-95782D829675",706,,"417-BF-02","0272960",ADOT/airport,,3000,,,,,,true,false,false,false,,,,793,AEA,,POINT (-162.28558349609375 63.51568603515625)
"3758A00D-FA89-45EA-85FB-DE30F19E5DBC",706,,"417-BF-02","0284070",ADOT/Airport,,3000,,,,,,true,false,false,false,,,,793,AEA,,POINT (-162.28558349609375 63.51568603515625)
"49BC4240-FDF1-4E25-9410-050D27C154B8",708,,,"0279230",Tununak Elders Council,,15600,,,,,,true,false,false,false,,,,513,AEA,,POINT (-165.260009765625 60.5828857421875)
FFFDF6A3-B357-4C44-B64A-EFF940529D00,709,,"436-BF-05","0279230",Alaska Village Electric Cooperative,,79800,,,,,,true,false,false,false,,,,514,AEA,,POINT (-165.25408935546875 60.585693359375)
"558BB9D2-4F54-4E1C-95C2-9295EBEAC1CD",710,ANC-C-028,"436-BF-04","0279230",Lower Kuskokwim School District,,24700,,,,,,true,false,false,true,,,,515,AEA,,POINT (-162.2764892578125 60.85687255859375)
"72E67206-F008-47E9-AE98-4C85EAD98765",710,ANC-C-028,"436-BF-04","0239740",Lower Kuskokwim School District,,24700,,,,,,true,false,false,true,,,,515,AEA,,POINT (-162.2764892578125 60.85687255859375)
"96705E92-63AB-41A0-B0E8-52639E90CEC8",710,ANC-C-028,"436-BF-04","0279120",Lower Kuskokwim School District,,24700,,,,,,true,false,false,true,,,,515,AEA,,POINT (-162.2764892578125 60.85687255859375)
DACE43E7-3929-4EAF-A8BD-A30101E62AD1,710,ANC-C-028,"436-BF-04","0212680",Lower Kuskokwim School District,,24700,,,,,,true,false,false,true,,,,515,AEA,,POINT (-162.2764892578125 60.85687255859375)
"5C01B036-AAC1-4876-BF5E-30428802A639",710,ANC-C-028,"436-BF-04","0212680",Lower Kuskokwim School District,,24700,,,,,,true,false,false,true,,,,515,AEA,,POINT (-162.2764892578125 60.85687255859375)
AE061686-3F3E-4156-A901-5DDB6E3F0237,710,ANC-C-028,"436-BF-04","0253930",Lower Kuskokwim School District,,24700,,,,,,true,false,false,true,,,,515,AEA,,POINT (-162.2764892578125 60.85687255859375)
D32639C4-3E15-4313-904F-B53FE9C4C207,710,ANC-C-028,"436-BF-04","0279230",Lower Kuskokwim School District,,24700,,,,,,true,false,false,true,,,,515,AEA,,POINT (-162.2764892578125 60.85687255859375)
BC9605CA-082C-4019-9976-F61BE9C2BEA8,711,ANC-T-028,"436-BF-03","0279230",Tununrmiut Rinit Corp Store,,61800,,,,,,true,false,false,true,,,,516,AEA,,POINT (-165.2554931640625 60.58612060546875)
AE4C81AC-F533-4FFF-B91D-80DD9CF22EF2,711,ANC-T-028,"436-BF-03","0279230",Tununrmiut Rinit Corp Store,,61800,,,,,,true,false,false,true,,,,516,AEA,,POINT (-165.2554931640625 60.58612060546875)
"15BF1AC8-F89B-48D5-B561-12A84722E9E9",717,ANC-T-016,"432-BF-05","0278240",Nunakauiak Yupik Corporation,,120020,,,,,,true,false,false,true,,,,501,AEA,,POINT (-165.106689453125 60.52947998046875)
AAF0C489-CFA4-4B3D-8225-E3A86442EBED,720,ANC-T-013,"432-BF-02","0278240",City of Toksook Bay,,5300,,,,,,true,false,false,true,,,,644,AEA,,POINT (-165.105712890625 60.5286865234375)
"98D06281-B559-477C-9060-B1774E8EB752",720,ANC-T-013,"432-BF-02","0278240",City of Toksook Bay,,5300,,,,,,true,false,false,true,,,,644,AEA,,POINT (-165.105712890625 60.5286865234375)
"81AB3B0A-7A03-4F69-B4A1-6572E396792D",720,ANC-T-013,"432-BF-02","0278240",City of Toksook Bay,,5300,,,,,,true,false,false,true,,,,644,AEA,,POINT (-165.105712890625 60.5286865234375)
CC640165-0D81-487D-A9C2-561FACFE5085,721,,,"0280660",Alaska Department of Transportation,,2700,,,,,,true,false,false,false,,,,525,AEA,,POINT (-160.79718017578125 63.8795166015625)
"44725B4B-BE85-44D7-B855-A2B0FAE8A4A2",722,,,"0280660",City of Unalakleet,,23000,,,,,,true,false,false,false,,,,523,AEA,,POINT (-160.79107666015625 63.87652587890625)
A958F4D2-051D-4E8F-AF6E-9B74D92FE917,724,,,"0280660",Peninsula Airline and ATS,,1900,,,,,,true,false,false,false,,,,524,AEA,,POINT (-160.79888916015625 63.88189697265625)
ED965264-815C-46DB-A2C0-252D0EDEEB45,725,ANC-U-005,"447-BF-04","0280660",West Coast Aviation Service,,7200,,,,,,true,false,false,true,,,,77,AEA,,POINT (-160.7991943359375 63.882080078125)
E98F3A3E-E585-4EEE-80D1-92ED1E2D5F56,726,,,"0280660","Alaska Commercial CompanyUnalakleet, AK 99684",,24300,,,,,,true,false,false,false,,,,526,AEA,,POINT (-160.785888671875 63.8720703125)
"783EBD25-B5D8-4056-9E13-9080E10AD0E8",728,,,"0280660",Covenant Church,,1500,,,,,,true,false,false,false,,,,527,AEA,,POINT (-160.78729248046875 63.872314453125)
B7C1513A-81D7-4D29-B32B-B54EF5E38F76,729,,,"0280660",City of Unalakleet,,43300,,,,,,true,false,false,false,,,,551,AEA,,POINT (-160.79107666015625 63.87652587890625)
"16F606AE-A8A1-4DC1-A796-D156260875C4",736,,"463-BF-01","0284070",White Mountain Lodge,,2000,,,,,,true,false,false,false,,,,794,AEA,,POINT (-163.41119384765625 64.68231201171875)
"34A3BF09-BB74-4346-A4B0-FC8B8ADC229C",738,,,"0284070","Tom Gray Reindeer FarmGeneral DeliveryWhite Mountain, AK 99784",,4900,,,,,,true,false,false,false,,,,796,AEA,,POINT (-163.41351318359375 64.68389892578125)
B00C34E3-78CF-4E85-BB72-D9C79AF1A27A,749,,,"0200870",Kokarmiut Corpation,,58000,,,,,,true,false,false,false,,,,982,AEA,,POINT (-161.220703125 60.91412353515625)
"079DDBF2-3AC1-4CAF-A2E7-355251502294",750,,,"0200870",City of Akiak Electric Utility,,24000,,,,,,true,false,false,false,,,,983,AEA,,POINT (-161.21868896484375 60.9102783203125)
"00A49923-D74F-435D-B25E-CB942DD684FB",751,,,"0200870","City of Akiak Electric Utility General Delivery, Akiak 99552",,2000,,,,,,true,false,false,false,,,,984,AEA,,POINT (-161.21917724609375 60.90972900390625)
"169427EF-CD53-4AE7-800C-C4BD422D33B0",752,,,"0200870",Alaska Army National Guard,,5500,,,,,,true,false,false,false,,,,985,AEA,,POINT (-161.21728515625 60.91229248046875)
B07EB472-F08E-4523-850D-3B55EC1020B6,753,ANC-A-007,,"0200870",Kokamiut Corporation,,258000,,,,,,true,false,false,true,,,,986,AEA,,POINT (-161.22052001953125 60.91412353515625)
F12EDD5E-D488-4E3E-9514-878127D92029,754,,,"0201420",Moody's Marina & Sea Lighterage,,44700,,,,,,true,false,false,false,,,,836,AEA,,POINT (-158.62451171875 59.27587890625)
"402FC105-DF52-4DB7-A9F7-FED492CD2892",755,,,"0201420",City of Aleknagik,,10300,,,,,,true,false,false,false,,,,837,AEA,,POINT (-158.62158203125 59.2786865234375)
"49C03361-C246-451F-A9B7-E62E298F2BF3",756,,,"0201420",Mission Lodge,,18000,,,,,,true,false,false,false,,,,838,AEA,,POINT (-158.59930419921875 59.27587890625)
AD0AB2B7-65FB-40CB-A1A9-2316C82F20FA,762,,,"0212680",City of Chefornak,,44900,,,,,,true,false,false,false,,,,16,AEA,,POINT (-164.28009033203125 60.1580810546875)
"874475C1-7248-408E-B0F1-2E36A1CA3F6A",763,,,"0212680",Chefarnmute Inc.,,84300,,,,,,true,false,false,false,,,,17,AEA,,POINT (-164.28070068359375 60.1583251953125)
"55769367-D290-4411-8FA6-01549B3A022A",767,,,"0212680",Avugiak's Store,,8200,,,,,,true,false,false,false,,,,27,AEA,,POINT (-164.27630615234375 60.15887451171875)
DC7AB0D0-85E7-4037-A97D-5136255831FA,769,,"139-BF-02","0215430",Trident Seafoods,,10000,,,,,,true,false,false,false,,,,840,AEA,,POINT (-158.5537109375 58.84130859375)
"3707DA78-C7C9-42D7-9BDF-DD0CEB68CBCF",769,,"139-BF-02","0215430",Trident Seafoods,,10000,,,,,,true,false,false,false,,,,840,AEA,,POINT (-158.5537109375 58.84130859375)
"563BB483-9F52-411F-98B6-114988EB26AF",770,ANC-C-018,"139-BF-07","0215430",City of Clarks Point,,1000,,,,,,true,false,false,true,,,,841,AEA,,POINT (-158.547607421875 58.83489990234375)
"1F61F1E2-FC70-4128-846D-130BFA2DBDF4",771,,,"0215430",City of Clark's Point,2,22600,16000,20000,,,,true,false,false,false,,,,842,AEA,,POINT (-158.556396484375 58.83587646484375)
"9BA9AAC2-A297-4D86-BA33-73597A255D86",771,,,"0215430",City of Clark's Point,2,22600,16000,20000,,,,true,false,false,false,,,,842,AEA,,POINT (-158.556396484375 58.83587646484375)
"33FD53A5-78B9-4370-85C6-63EDE4FE8184",774,,"139-BF-04","0215430",City of Clark's Point,,10200,,,,,,true,false,false,false,,,,845,AEA,,POINT (-158.555908203125 58.8353271484375)
E01A6243-BF36-4B61-A01B-F4A0F8AEA260,778,ANC-E-003,"165-BF-03","0221040",Iqfijouaq Company - Retail Sales,11,95900,44200,51700,,,,true,false,false,true,Delta Western Crowley Marine Vitus Marine,"Site Location: History of Flooding;  Facility threatened by coastal erosion/avalanche/river erosion/other; Tank Farm within 100-feet of a well.
Secondary Containment: No containment;  Inadequate containment.
Foundations: Belly of tank more than 12€ above",150,149,AEA,"2015 Assessment",POINT (-162.0255126953125 60.217529296875)
"24A96028-6719-465B-9311-C7FBFF278384",779,ANC-E-004,,"0221040","Eek School, Lower Kuskokwim School District",2,34000,,34000,,,,true,false,false,true,Delta Western Crowley Marine Vitus Marine,"Site Location:  History of Flooding;  Facility threatened by coastal erosion/avalanche/river erosion/other;  Tank Farm within 100-feet of a well.
Secondary Containment: No containment;  Inadequate containment.
Foundations: Belly of tank more than 12in ab",50,150,AEA,"2015 Assessment",POINT (-162.02508544921875 60.21588134765625)
"56278046-41C5-406E-AC92-1B6A785FE9A1",785,,,"0229290",Goodnews Bay School LKSD,2,43000,,43000,,,,true,false,false,false,Delta Western Crowley Marine Vitus Marine,"Site Location: Tank farm in flood plain; Facility threatened by coastal erosion/avalanche/river erosion/other; Tank Farm within 100-feet of a well. 
Secondary Containment:  No containment; Inadequate containment. 
Foundations:  Belly of tank more than 12i",0,111,AEA,"2017 Letter Report",POINT (-161.59130859375 59.122314453125)
D528E31C-2076-4981-8108-ACAE1377AAB6,789,ANC-G-010,,"0229290",Mumtram Pikkai - Retail Sales,6,111000,51000,60000,,,,true,false,false,true,Delta Western Crowley Marine Vitus Marine,"Site Location: Tank farm in flood plain; Facility threatened by coastal erosion/avalanche/river erosion/other; Tank Farm within 100-feet of a well. 
Secondary Containment:  No containment; Inadequate containment. 
Foundations:  Belly of tank more than 12i",100,847,AEA,"2017 Letter Report & Best Practice Assessment",POINT (-161.58270263671875 59.1185302734375)
"4E912B7F-3F82-42E3-94E4-B403A00103B9",792,ANC-K-013,"257-BF-03","0237975","Kasigluk, Inc.",,136500,,,,,,true,false,false,true,,,,36,AEA,,POINT (-162.5181884765625 60.87469482421875)
"775F9BF3-A84A-4D16-99F8-0FD90EB06CE5",795,,"257-BF-02","0237975",Kasigluk Traditional Council,,2500,,,,,,true,false,false,false,,,,78,AEA,,POINT (-162.51641845703125 60.87408447265625)
"82DB30CE-DB64-49B3-872D-4EB71DD98B99",796,,"257-BF-06","0237975",Alaska Army National Guard,,2000,,,,,,true,false,false,false,,,,79,AEA,,POINT (-162.51959228515625 60.89410400390625)
"1C4C49F2-17CB-4764-9E37-D5AA272237CB",799,ANC-K-025,,"0239740",Kugkaktlik Limited,,324500,,,,,,true,false,false,true,,,,903,AEA,Best Practice Assessment,POINT (-164.03997802734375 59.93768310546875)
B9A277E6-8FA2-412D-B000-F529103122C0,800,,"264-BF-11","0239740",Kashatok Brothers Store,,13800,,,,,,true,false,false,false,,,,904,AEA,,POINT (-164.037109375 59.93829345703125)
"353A5042-21AD-4457-BA26-5213430A7E03",804,,,"0241610",Moravian Church (Bluff),,2200,,,,,,true,false,false,false,,,,53,AEA,,POINT (-162.8892822265625 59.95892333984375)
"4CEE5FA2-FBE0-425C-A4B0-4AF20625DC4C",806,,,"0241610",Moravian Church,,800,,,,,,true,false,false,false,,,,588,AEA,,POINT (-162.8892822265625 59.95892333984375)
A1715C2D-0EE2-43E1-A0EE-B1F07DFECCB7,807,,,"0241610",Puvurnq Power Company,,2000,,,,,,true,false,false,false,,,,589,AEA,,POINT (-162.88739013671875 59.95892333984375)
CEBF6A18-6725-4A8C-8A3A-A21D32473D23,808,,,"0241610",A&L Variety Shop,,8900,,,,,,true,false,false,false,,,,592,AEA,,POINT (-162.89080810546875 59.959716796875)
"1F3E5119-0B67-402E-BCC6-A6FB3D649C1A",809,,,"0241610",Puvurnaq Power Company,1,74500,,60000,,,,true,false,false,false,,,,54,AEA,,POINT (-162.8876953125 59.95892333984375)
"3B823603-BB28-48C8-93C3-8622DFC647EC",812,,"281-BF-03","0242380",City of Kwethluk ,,17000,,,,,,true,false,false,false,,,,175,AEA,,POINT (-161.43389892578125 60.811279296875)
"123EF56C-C6EF-4645-B929-EF11B578B022",815,ANC-K-050,"281-BF-01","0242380",Kwethluk Electric Utility ,,25000,,,,,,true,false,false,true,,,,71,AEA,,POINT (-161.43389892578125 60.8115234375)
FAD572FC-11B2-4DE4-B16A-D59A71D55896,823,,,"0246890",Manokotak Natives Limited Corp.,,1000,,,,,,true,true,false,false,,,,593,AEA,,POINT (-159.05810546875 58.9810791015625)
"7E6C2D97-3C25-41C7-B19B-3BBDB82F582A",823,,,"0246890",Manokotak Natives Limited Corp.,,1000,,,,,,true,true,false,false,,,,593,AEA,,POINT (-159.05810546875 58.9810791015625)
"91083E3A-19D1-4D6F-B057-A329E9283F1F",825,ANC-M-001,,"0246890",Manokotak Power Company,,21400,,,,,,true,true,false,true,,,,189,AEA,,POINT (-159.05780029296875 58.9810791015625)
"2884A5C2-BA00-4DBF-BC7C-C793B3D0CBD7",826,,,"0246890",Manokotak Natives Ltd.,,89100,,,,,,true,true,false,false,,,,188,AEA,,POINT (-159.05792236328125 58.9810791015625)
D9FE15B2-31C8-46BC-9A6D-F66958E9E233,827,,,"0246890",Alaska Army National Guard,,1500,,,,,,true,true,false,false,,,,595,AEA,,POINT (-159.052490234375 58.98468017578125)
"558AB51A-7628-4CB4-B3E5-7A6B1532B027",828,,,"0246890",Moravian Church,,2700,,,,,,true,true,false,false,,,,659,AEA,,POINT (-159.0546875 58.98291015625)
"5080792E-6BE2-4D7A-BD57-AF8BF71FFF30",829,,,"0246890",Manukutaag Trading Co. Store,,1450,,,,,,true,true,false,false,,,,660,AEA,,POINT (-159.056884765625 58.98028564453125)
E8C7FE98-2833-47DB-A566-8D25750D48D2,830,ANC-N-013,"299-BF-02","0252390",Lower Kuskokwim Schools,,76156,,,,,,true,false,false,true,,,,209,AEA,,POINT (-161.4224853515625 60.8109130859375)
"83F3B425-DC65-4A0B-94B5-14D3D08E5901",830,ANC-N-013,"299-BF-02","0278240",Lower Kuskokwim Schools,,76156,,,,,,true,false,false,true,,,,209,AEA,,POINT (-161.4224853515625 60.8109130859375)
"894DF206-B8E9-48C1-BD2E-EAC89B6ED56F",831,ANC-N-014,"300-BF-04","0252390",Napakiak Corporation,,59000,,,,,,true,false,false,true,,,,210,AEA,,POINT (-161.98199462890625 60.6962890625)
E4EE10B6-0678-4598-BDAB-CF65C3FE1ABD,831,ANC-N-014,"300-BF-04","0252390",Napakiak Corporation,,59000,,,,,,true,false,false,true,,,,210,AEA,,POINT (-161.98199462890625 60.6962890625)
E91F0640-EE24-434F-B8AD-A970E303F630,831,ANC-N-014,"300-BF-04","0252390",Napakiak Corporation,,59000,,,,,,true,false,false,true,,,,210,AEA,,POINT (-161.98199462890625 60.6962890625)
"3C1D37EC-8ACF-4B66-9712-5053F5C05C7A",833,,,"0252390",Napakiak Marina,,3200,,,,,,true,false,false,false,,,,212,AEA,,POINT (-161.97869873046875 60.69610595703125)
D33E9F72-38F5-4436-A633-27A623F29032,834,,"299-BF-04","0252390",Jung's Trading Post,,1530,,,,,,true,false,false,false,,,,213,AEA,,POINT (-161.97259521484375 60.6934814453125)
"11278BDC-1003-43CC-AC1A-EF01CB28FBE5",840,,,"0252720",Alaska Army National Guard,,1500,,,,,,true,false,false,false,,,,81,AEA,,POINT (-161.763427734375 60.707275390625)
"5071DA87-0E0C-4F44-A6F1-39C4A054DAC1",841,,,"0256680",City of Nunapitchuk - WTP,2,15750,,15750,,,,true,false,false,false,Delta Western Crowley Marine Vitus Marine,"Site Location: Tank farm in flood plain; Facility threatened by coastal erosion/avalanche/river erosion/other; Tank Farm within 100-feet of a well. 
Secondary Containment:  No containment; Inadequate containment. 
Foundations:  Belly of tank more than 12i",50,249,AEA,"2015 Assessment",POINT (-162.46478271484375 60.90087890625)
D8ACD98E-7DEB-42E9-A3B7-80BBD2D3E1C8,842,ANC-N-062,,"0256680",Nunapitchuk Limited - Retail Sales,14,167000,57500,109500,,,,true,false,false,true,regional fuel provider,"Site Location: Tank farm in flood plain; Facility threatened by coastal erosion/avalanche/river erosion/other; Tank Farm within 100-feet of a well. 
Secondary Containment:  No containment; Inadequate containment. 
Foundations:  Belly of tank more than 12i",20,250,AEA,"2015 Assessment & Best Practice Assessment",POINT (-162.4501953125 60.90228271484375)
"09FFCC6F-D44E-4B62-B7B4-EEA2D70056F3",845,,"350-BF-01","0256680",Teacher Housing & AVEC Backup Power (LKSD ),1,27000,,27000,,,,true,false,false,false,Delta Western Crowley Marine Vitus Marine,"Site Location: Tank farm in flood plain; Facility threatened by coastal erosion/avalanche/river erosion/other; Tank Farm within 100-feet of a well. 
Secondary Containment:  No containment; Inadequate containment. 
Foundations:  Belly of tank more than 12i",50,253,AEA,"2015 Assessment",POINT (-162.460205078125 60.896484375)
CBB7DC3E-0AF5-41C6-A7B3-5C65F6397177,846,ANC-O-001,"351-BF-04","0258330",Oscarville School (LKSD),5,27800,,27800,,,,true,false,false,true,regional fuel provider,"Site Location: Tank farm in flood plain; Facility threatened by coastal erosion/avalanche/river erosion/other; Tank Farm within 100-feet of a well. 
Secondary Containment:  No containment; Inadequate containment. 
Foundations:  Belly of tank more than 12i",150,72,AEA,"2015 Assessment",POINT (-161.77252197265625 60.722900390625)
DCB13A71-B53D-45F9-928A-929F2BF933C1,847,ANC-O-002,"351-BF-03","0258330",Oscarville Native Corporation - Retail Sales,2,17300,7300,10000,,,,true,false,false,true,Delta Western Crowley Marine Vitus Marine,"Site Location: Tank farm in flood plain; Facility threatened by coastal erosion/avalanche/river erosion/other; Tank Farm within 100-feet of a well. 
Secondary Containment:  No containment; Inadequate containment. 
Foundations:  Belly of tank more than 12i",150,73,AEA,"2015 Assessment",POINT (-161.76959228515625 60.722900390625)
"20037641-A51B-4BDC-8495-1E81F40E75A4",848,,,"0261080",Platinum Traditional Village - Retail Sales,1,10000,,10000,,,,true,false,false,false,"Delta Western, Crowley, Vitus Marine","Site Location: Tank farm in flood plain; Facility threatened by coastal erosion/avalanche/river erosion/other; Tank Farm within 100-feet of a well. 
Secondary Containment:  No containment; Inadequate containment. 
Foundations:  Belly of tank more than 12i",0,104,AEA,"2015 Assessment",POINT (-161.818603515625 59.0120849609375)
C4C5D0B6-E282-4658-B458-82DFF089E607,849,,,"0261080",Arviq Incorporated - Retail Sales,2,20000,10000,10000,,,,true,false,false,false,"Delta Western, Crowley, Vitus Marine","Site Location: Tank farm in flood plain; Facility threatened by coastal erosion/avalanche/river erosion/other; Tank Farm within 100-feet of a well. 
Secondary Containment:  No containment; Inadequate containment. 
Foundations:  Belly of tank more than 12i",0,662,AEA,"2015 Assessment",POINT (-161.82012939453125 59.013671875)
C3238FD9-9D5F-4558-AB66-9F0E37FF8191,850,,,"0261080",City of Platinum - Power Plant,2,22000,,22000,,,,true,false,false,false,"Delta Western, Crowley, Vitus Marine","Site Location: Tank farm in flood plain; Facility threatened by coastal erosion/avalanche/river erosion/other; Tank Farm within 100-feet of a well. 
Secondary Containment:  No containment; Inadequate containment. 
Foundations:  Belly of tank more than 12i",0,832,AEA,"2015 Assessment",POINT (-161.8184814453125 59.01251220703125)
"6EB566C2-0246-4043-B2DA-4488096CC6C6",851,,,"0261080",Platinum School (LKSD),5,26700,,26700,,,,true,false,false,false,"Delta Western, Crowley, Vitus Marine","Site Location: Tank farm in flood plain; Facility threatened by coastal erosion/avalanche/river erosion/other; Tank Farm within 100-feet of a well. 
Secondary Containment:  No containment; Inadequate containment. 
Foundations:  Belly of tank more than 12i",0,833,AEA,"2015 Assessment",POINT (-161.81689453125 59.0120849609375)
D4587BF4-E139-47DD-BC30-428544F2F8A8,852,ANC-Q-005,"376-BF-01","0264600","Qanirtuuq, Inc - Retail Sales",17,221500,110300,111200,,,,true,false,false,true,Vitus Marine,"Site Location: Tank farm in flood plain; Facility threatened by coastal erosion/avalanche/river erosion/other; Tank Farm within 100-feet of a well. 
Secondary Containment:  No containment; Inadequate containment. 
Foundations:  Belly of tank more than 12i",150,267,AEA,"2015 Assessment",POINT (-161.90338134765625 59.74969482421875)
"5456D64C-D158-422D-A371-B6F74124189E",856,ANC-Q-002,"375-BF-04","0264600",City & Native Village of Quinhagak,6,48700,7300,41400,,,,true,false,false,true,Vitus Marine,"Site Location: Tank farm in flood plain; Facility threatened by coastal erosion/avalanche/river erosion/other; Tank Farm within 100-feet of a well. 
Secondary Containment:  No containment; Inadequate containment. 
Foundations:  Belly of tank more than 12i",250,566,AEA,"2015 Assessment",POINT (-161.91790771484375 59.74530029296875)
"2017458D-BB37-4241-8770-3494EBE5EE60",860,,,"0264600",City of Quinhagak - WTP,1,12000,,12000,,,,true,false,false,false,Vitus Marine,"Site Location: Tank farm in flood plain; Facility threatened by coastal erosion/avalanche/river erosion/other; Tank Farm within 100-feet of a well. 
Secondary Containment:  No containment; Inadequate containment. 
Foundations:  Belly of tank more than 12i",,270,AEA,"2015 Assessment",POINT (-161.906494140625 59.74688720703125)
B8D4BCC5-2A6C-4A5F-A0E1-F1F3FDE9F2B4,862,,"376-BF-02","0264600",Lower Kuskokwim School District,4,65000,,65000,,,,true,false,false,false,Vitus Marine,"Site Location: Tank farm in flood plain; Facility threatened by coastal erosion/avalanche/river erosion/other; Tank Farm within 100-feet of a well. 
Secondary Containment:  No containment; Inadequate containment. 
Foundations:  Belly of tank more than 12i",0,561,AEA,"2015 Assessment",POINT (-161.89581298828125 59.75189208984375)
"5E94939C-C4FF-4F31-8656-D1955C13B0F2",865,,,"0277690",City of Togiak - Gasoline,3,4500,4500,0,,,,true,false,false,false,"Vitus Marine,Crowley Marine, Delta Western  ","Site Location: Tank farm in flood plain; Facility threatened by coastal erosion/avalanche/river erosion/other; Tank Farm within 100-feet of a well. 
Secondary Containment:  No containment; Inadequate containment. 
Foundations:  Belly of tank more than 12i",0,493,AEA,"2015 Assessment & Best Practice Assessment",POINT (-160.37921142578125 59.05987548828125)
"8BD0D6E7-2B7D-4848-9B1D-A309ACA94679",868,ANC-T-008,,"0277690",City of Togiak - Diesel,4,26803,,26803,,,,true,false,false,true,"Vitus Marine, Crowley Marine, Delta Western  ","Site Location: Tank farm in flood plain; Facility threatened by coastal erosion/avalanche/river erosion/other; Tank Farm within 100-feet of a well. 
Secondary Containment:  No containment; Inadequate containment. 
Foundations:  Belly of tank more than 12i",80,494,AEA,"2015 Assessment & Best Practice Assessment",POINT (-160.37939453125 59.05987548828125)
"40B65273-A8C5-4017-AF78-8A65C850D928",870,,,"0277690",SWRSD (Barge Temporary Storage),6,43000,,43000,,,,true,false,false,false,"Vitus Marine, Crowley Marine, Delta Western  ",Site Location: Tank farm in flood plain; Facility threatened by coastal erosion/avalanche/river erosion/other; Tank Farm within 100-feet of a well. Secondary Containment:  No containment; Inadequate containment. Foundations:  Belly of tank more than 12in,80,496,AEA,"2015 Assessment",POINT (-160.36920166015625 59.0634765625)
"1565B7EF-19B4-4703-A9F8-62D9D2AC6885",871,ANC-T-029,,"0277690",Togiak Natives Limited (TNL),20,245000,100000,145000,,,,true,false,false,true,"Vitus Marine, Crowley Marine, Delta Western","Site Location: Tank farm in flood plain; Facility threatened by coastal erosion/avalanche/river erosion/other; Tank Farm within 100-feet of a well. 
Secondary Containment:  No containment; Inadequate containment. 
Foundations:  Belly of tank more than 12i",50,497,AEA,"2015 Assessment & Best Practice Assessment",POINT (-160.38250732421875 59.0574951171875)
"5D7BBA2A-8BB6-4CCF-920E-3E1B47AC85EE",876,ANC-T-023,"435-BF-01","0279120",Tuntutuliak Community Services Assoc.,,70500,,,,,,true,false,false,true,,,,508,AEA,,POINT (-162.66680908203125 60.34307861328125)
A28261CE-B417-46F6-A18A-F59D145A763C,876,ANC-T-023,"435-BF-01","0279120",Tuntutuliak Community Services Assoc.,,70500,,,,,,true,false,false,true,,,,508,AEA,,POINT (-162.66680908203125 60.34307861328125)
A933ED2A-778A-45EB-8CF9-59AB7F424859,878,ANC-T-022,"435-BF-02","0279120",Qinarmiut Corporation,,71700,,,,,,true,false,false,true,,,,510,AEA,,POINT (-162.665283203125 60.33868408203125)
B2287974-A30A-4154-B089-CD95A7185409,882,,"439-BF-01","0279780",Twin Hills Village,,9200,,,,,,true,false,false,false,,,,520,AEA,,POINT (-160.28448486328125 59.073486328125)
"674C725E-2B1C-40D2-8808-6B7D43627B33",882,,"439-BF-01","0279780",Twin Hills Village,,9200,,,,,,true,false,false,false,,,,520,AEA,,POINT (-160.28448486328125 59.073486328125)
F0DAA8B9-C1E9-4BD4-95C4-640F84ECCF64,886,,,"0201090",Trident Seafoods,,1786590,,,,,,true,false,false,false,,,,406,AEA,,POINT (-165.78631591796875 54.1326904296875)
CAAE0ACC-7057-49EF-8361-8E6DB054D284,887,,,"0204210",Atka Native Store,,67300,,,,,,true,false,false,false,,,,407,AEA,,POINT (-174.19500732421875 52.2012939453125)
EA679999-727C-4A29-8C51-BD75D33F8B4C,888,,,"0204210",Atka Native Store,,39300,,,,,,true,false,false,false,,,,408,AEA,,POINT (-174.198486328125 52.1978759765625)
"1888FF7D-A817-4439-8206-FB12949AC6F9",889,,,"0204210",Andreanof Electric Corporation,,43700,,,,,,true,false,false,false,,,,409,AEA,,POINT (-174.19500732421875 52.2012939453125)
B2CB3063-B2FF-4B00-8451-105642A700DD,890,,,"0213550",NorQuest Seafoods Inc.,,185500,,,,,,true,false,false,false,,,,505,AEA,,POINT (-158.40228271484375 56.29412841796875)
C5F4D4C2-7256-4841-A844-75F247DB7AEB,891,,,"0213550",Chignik Bay Village Council ,,43000,,,,,,true,false,false,false,,,,601,AEA,,POINT (-158.40679931640625 56.29229736328125)
"9232BC22-0B6C-423A-B37B-CD4B2A279126",895,,"130-BF-01","0213550",Native Village of Chignik Power Plant,,5000,,,,,,true,false,false,false,,,,798,AEA,,POINT (-158.406982421875 56.29248046875)
C1777E18-0538-46D5-9FD1-1AB070AA933F,897,,,"0213670",Algot Anderson's residence,,4000,,,,,,true,false,false,false,,,,802,AEA,,POINT (-158.53558349609375 56.31048583984375)
"0D44C3AF-5DC1-4518-BBEA-FB3F0C68D860",898,,,"0213670",Viola Grunette's residence,,1600,,,,,,true,false,false,false,,,,803,AEA,,POINT (-158.53558349609375 56.31048583984375)
"2B1BB9DC-F56A-461B-A9C9-0BD7DCA2E0E5",899,,,"0213670",Alfred Aboud's residence,,2500,,,,,,true,false,false,false,,,,804,AEA,,POINT (-158.53558349609375 56.31048583984375)
"1E6B3861-0BB7-44C5-B50C-1F7046320EAE",900,,,"0213670",Unknown Private tank farm.,,2750,,,,,,true,false,false,false,,,,805,AEA,,POINT (-158.53558349609375 56.31048583984375)
C1CE1A5B-F613-4687-9FF3-B36494EFC3AC,906,,,"0213670",Al Anderson,,7250,,,,,,true,false,false,false,,,,799,AEA,,POINT (-158.53558349609375 56.31048583984375)
"72CC1CF3-EBE3-4E3B-9B08-97203635FA45",907,,,"0213670",Al Anderson's residence,,5600,,,,,,true,false,false,false,,,,800,AEA,,POINT (-158.53558349609375 56.31048583984375)
"71B2729A-1D1D-4425-A8C9-0B2EE92A5A23",908,,,"0213670",Jeff Moore's residence,,3700,,,,,,true,false,false,false,,,,801,AEA,,POINT (-158.53558349609375 56.31048583984375)
ED80EB74-DD45-4CF1-AF10-93AF97EA137C,909,,,"0213780",Chignik Lake Village Council,,42300,,,,,,true,false,false,false,,,,140,AEA,,POINT (-158.763427734375 56.2529296875)
"7AF7AC03-1C8F-4EA7-A2B6-1BE55DC35FA9",909,,,"0213780",Chignik Lake Village Council,,42300,,,,,,true,false,false,false,,,,140,AEA,,POINT (-158.763427734375 56.2529296875)
"3A7D8FB2-40D2-426B-B2CA-0708168B90C1",911,,"134-BF-02","0213780",Tide Mark Company,,14500,,,,,,true,false,false,false,,,,604,AEA,,POINT (-158.763427734375 56.2529296875)
"919294F2-5937-4637-AEAB-851700C75F7A",924,,,"0216530",G & K Electric Inc.,1,12500,,12500,,,,false,false,true,false,Frosty Fuels,"Site Location: History of flooding;  Facility threatened by coastal erosion/avalanche/river erosion/other; Tank Farm within 100-feet of a well.
Secondary Containment: No containment;  Inadequate containment.
Foundations: Belly of tank more than 12in above",0,683,AEA,"2015 Assessment",POINT (-162.71630859375 55.20587158203125)
DCEA69CC-0392-4D6B-83AF-6DF819F9F130,932,,,"0221150",Egegik Fuel Company,,44400,,,,,,true,false,false,false,,,,816,AEA,,POINT (-157.37091064453125 58.214111328125)
D60C23D0-11CC-4BD4-ACD0-86109EA5F37A,934,,,"0221150",Woodbine Alaska Fish Company,,98000,,,,,,true,false,false,false,,,,818,AEA,,POINT (-157.3765869140625 58.21429443359375)
"0143D47A-7E82-4EB8-866B-68F9FCC0626C",935,ANC-E-012,"165-BF-04","0221150",City of Egegik,,68000,,,,,,true,false,false,true,,,,819,AEA,,POINT (-157.3756103515625 58.2091064453125)
E96D8287-193E-47D7-B6ED-C714E62819BD,936,,,"0221150",Nelbro Packing Company,,52000,,,,,,true,false,false,false,,,,820,AEA,,POINT (-157.3773193359375 58.2144775390625)
A3070A39-1285-484C-AA8A-075CF281AD63,937,,"167-BF-01","0221150",Egegik Trading company,,2000,,,,,,true,false,false,false,,,,821,AEA,,POINT (-157.3594970703125 58.210693359375)
E2CFD171-4F72-4EE8-AA24-C3C8C233BAA9,938,,"165-BF-02","0221150",Dick Deigh,,14400,,,,,,true,false,false,false,,,,822,AEA,,POINT (-157.3765869140625 58.21429443359375)
ED76EDD9-CFFA-446D-983F-B066C8D335BD,939,,,"0221810",Southwest Region School District,4,43700,,43700,,,,true,false,false,false,"Vitus Marine, Crowley Marine","Site Location: History of flooding;  Facility threatened by coastal erosion/avalanche/river erosion/other;  Tank Farm within 100-feet of a well.
Secondary Containment:  No containment;  Inadequate containment.
Foundations:  Belly of tank more than 12i",40,153,AEA,"2017 Letter Report",POINT (-157.4766845703125 59.34967041015625)
"811E6ABE-AD0B-4DE5-BC2B-46B69105F5EF",944,,"196-BF-08","0224660",City of False Pass Power Plant,,34000,,,,,,true,false,false,false,,,,725,AEA,,POINT (-163.41192626953125 54.85491943359375)
"279DD612-28E0-4868-B801-AFCF16AE85B6",947,ANC-I-002,,"0235890",Ivanof Bay Village Council,,22600,,,,,,true,false,false,true,,,,808,AEA,,POINT (-159.48651123046875 55.9014892578125)
"32EFC37E-347F-4AB4-B724-D1533B96A091",948,,,"0235890",PTI Communications,,4500,,,,,,true,false,false,false,,,,809,AEA,,POINT (-159.48651123046875 55.9014892578125)
"7B159976-97D0-498B-8D9A-99A0BDC3D898",949,ANC-K-999,"264-BF-16","0239410",Peter Pan Seafoods,,522515,,,,,,true,false,false,true,,,,410,AEA,,POINT (-162.31988525390625 55.061279296875)
"87CD167B-6282-4F43-A82E-3D0636CC1156",950,ANC-K-021,"264-BF-02","0239410",City of King Cove Power Plant,,127800,,,,,,true,false,false,true,,,,411,AEA,,POINT (-162.3289794921875 55.06048583984375)
"8BF97F0B-2103-496C-8E65-620939823407",952,,,"0239410","Gould & Sons, Inc.",,2800,,,,,,true,false,false,false,,,,413,AEA,,POINT (-162.314697265625 55.060302734375)
"6C1A4CF5-8F39-4798-9B02-FF6DDAE8AD0A",953,,,"0239410",King Cove Corporation,,5000,,,,,,true,false,false,false,,,,414,AEA,,POINT (-162.31378173828125 55.05950927734375)
"4EA87B2D-C068-44CC-970C-0D53111ACA7E",955,ANC-K-099,,"0241500",New Koliganek Village Council,2,20000,35000,140000,,,,true,false,false,true,,,,50,AEA,,POINT (-157.2841796875 59.72607421875)
E6F89934-850D-4A9A-ACEE-2DD093C349F2,956,,,"0241500","Original owner: Alaska Power Systems8300 King StreetAnchorage, AK 99518",,60000,,,,,,true,false,false,false,,,,712,AEA,,POINT (-157.2841796875 59.7266845703125)
"342E2DC7-A23D-4143-B110-051E807F6FB9",957,ANC-L-001,"283-BF-02","0243810",Levelock Village Council,1,124900,,120000,,,,true,false,false,true,,,,823,AEA,,POINT (-156.86090087890625 59.11090087890625)
"268070AA-D83E-449C-BB0D-3A25985D3464",957,ANC-L-001,"283-BF-02","0243810",Levelock Village Council,1,124900,,120000,,,,true,false,false,true,,,,823,AEA,,POINT (-156.86090087890625 59.11090087890625)
C09FA922-353B-4A69-BCF8-F07352EAB55B,957,ANC-L-001,"283-BF-02","0243810",Levelock Village Council,1,124900,,120000,,,,true,false,false,true,,,,823,AEA,,POINT (-156.86090087890625 59.11090087890625)
"5552FD2D-2175-4D63-B47E-37AD4AFE647F",965,,"299-BF-05","0252060",Peninsula Automotive (Currently Closed),1,4000,4000,0,,,,true,false,false,false,Delta Western,"Tank Farm 6 - Deficiencies & Recommendations:
Site Location: Tank farm in flood plain; Facility threatened by coastal erosion/avalanche/river erosion/other; Tank Farm within 100-feet of a well. 
Secondary Containment:  No containment; Inadequate containm",,829,AEA,"2015 Assessment",POINT (-157.00518798828125 58.73309326171875)
"5EFE5B88-520E-45A1-A234-AB53C41E434B",970,,"307-BF-03","0252940",Aleutians East Borough Schools,,1500,,,,,,true,false,false,false,,,,545,AEA,,POINT (-161.2017822265625 56.00128173828125)
"9989BDD2-2643-43C7-ADC1-42F7C69E5601",971,,"307-BF-04","0252940",Harold Thompson,,3000,,,,,,true,false,false,false,,,,991,AEA,,POINT (-161.20501708984375 56.00091552734375)
"7F2075CE-6833-4592-BBDB-EDAFAFC5045D",973,,"308-BF-01","0253710",Alaska Village Electric Cooperative,,84400,,,,,,true,false,false,false,,,,219,AEA,,POINT (-157.314208984375 59.44970703125)
"01C203B4-DBFF-4226-80A5-9FC0219681DA",974,,"308-BF-05","0253710","Stuyahok, Ltd.",,41000,,,,,,true,false,false,false,,,,220,AEA,,POINT (-157.31451416015625 59.44952392578125)
"7D5A2F92-603F-4A0C-A125-C4F4103E475E",975,,"315-BF-01","0254260",Nikolski Native Store,,24900,,,,,,true,false,false,false,,,,89,AEA,,POINT (-168.8599853515625 52.9403076171875)
"4999327D-B23E-4564-B1CE-95ED4317DEBD",976,,"319-BF-03","0254260",Umnak Power Company,,29000,,,,,,true,false,false,false,,,,90,AEA,,POINT (-168.85809326171875 52.93988037109375)
B4946844-727D-478C-B06B-3C7EC55D583C,977,,,"0254260",Aleutian School District,,6000,,,,,,true,false,false,false,,,,24,AEA,,POINT (-168.86151123046875 52.938720703125)
DB8F47BD-14D1-4503-BECA-6523E2C003B7,978,,"315-BF-03","0254260",Chaluka Corporation Ranch,,6300,,,,,,true,false,false,false,,,,56,AEA,,POINT (-168.86981201171875 52.93487548828125)
"3B87C0C1-1E1C-4249-B3A5-9446F600ABB9",984,ANC-P-003,"355-BF-04","0260200",Native Village of Perryville,,72500,,,,,,true,false,false,true,,,,255,AEA,,POINT (-159.1461181640625 55.9105224609375)
"92DB6096-0C49-4293-A3C3-2ECC7F9E5B6E",986,ANC-P-005,"266-BF-07","0260640",City of Pilot Point,,18400,,,,,,true,false,false,true,,,,535,AEA,,POINT (-157.57781982421875 57.56427001953125)
"7EA59D7C-879D-4AD7-BC92-953B56AC58C1",986,ANC-P-005,"266-BF-07","0260640",City of Pilot Point,,18400,,,,,,true,false,false,true,,,,535,AEA,,POINT (-157.57781982421875 57.56427001953125)
EA86287E-89C1-4D51-A6EE-5259CB05739B,986,ANC-P-005,"266-BF-07","0260640",City of Pilot Point,,18400,,,,,,true,false,false,true,,,,535,AEA,,POINT (-157.57781982421875 57.56427001953125)
"976F2E20-F026-4FD3-B367-2A1F851B7A83",992,ANC-P-015,"368-BF-01","0263390",City of Port Heiden,,4500,,,,,,true,false,false,true,,,,266,AEA,Best Practice Assessment,POINT (-158.6630859375 56.92352294921875)
"6A12D0A8-816C-47B5-9A9D-934875250393",992,ANC-P-015,"368-BF-01","0263390",City of Port Heiden,,4500,,,,,,true,false,false,true,,,,266,AEA,Best Practice Assessment,POINT (-158.6630859375 56.92352294921875)
"7692F760-DB39-414B-A120-D92730979BCC",992,ANC-P-015,"368-BF-01","0263390",City of Port Heiden,,4500,,,,,,true,false,false,true,,,,266,AEA,Best Practice Assessment,POINT (-158.6630859375 56.92352294921875)
C3F7371E-FD52-4FA5-BEF2-1E1AAA9C2F2D,993,,,"0263390",Native Village of Port Heiden,,55000,,,,,,true,false,false,false,,,,811,AEA,,POINT (-158.66351318359375 56.92327880859375)
"8EB3E76F-E364-4F3B-B0D5-75669BA8658E",994,,,"0263390",Reeve Aleutian Airways Inc.,,45600,,,,,,true,false,false,false,,,,812,AEA,,POINT (-158.63568115234375 56.95147705078125)
B5A77B3F-AAE4-4D2E-B070-88205D10B320,996,,"366-BF-04","0263390",AK Department of Transportation,,5000,,,,,,true,false,false,false,,,,814,AEA,,POINT (-158.6353759765625 56.95147705078125)
"1D71BA09-6508-45A9-9D77-00122CE95EE9",997,,"370-BF-02","0263390",Unknown at Airport,,3000,,,,,,true,false,false,false,,,,815,AEA,,POINT (-158.6392822265625 56.95928955078125)
"81330027-5DF1-4FFC-9D97-F8CAFFAA18BB",999,,,"0267020","Sand Point Generating, LLC - TDX Power",2,40000,,40000,,,,true,false,false,false,Trident Seafood€™s (in Sand Point) 	,"Site Location: Tank farm in flood plain; Facility threatened by coastal erosion/avalanche/river erosion/other; Tank Farm within 100-feet of a well. 
Secondary Containment:  No containment; Inadequate containment. 
Foundations:  Belly of tank more than 12i",0,416,AEA,"2015 Assessment",POINT (-160.48919677734375 55.345703125)
"5F071BE6-B2D3-4258-BB7E-50DE04BBB504",1003,,"391-BF-02","0267020",City of Sand Point - Maintenance Building,7,10800,,0,,,10800,true,false,false,false,supplied by the fishing industry and the powerhouse,"Site Location: Tank farm in flood plain; Facility threatened by coastal erosion/avalanche/river erosion/other; Tank Farm within 100-feet of a well. 
Secondary Containment:  No containment; Inadequate containment. 
Foundations:  Belly of tank more than 12i",0,419,AEA,"2015 Assessment",POINT (-160.4901123046875 55.3353271484375)
A2EC8460-8ABE-4893-B4D3-7CEEDDC03597,1006,,"417-BF-05","0272190",Bristol Bay Borough ,3,30000,,30000,,,,true,false,false,false,Crowley Marine Barge and World Wide Fuel Trucks,"Site Location: Tank farm in flood plain; Facility threatened by coastal erosion/avalanche/river erosion/other; Tank Farm within 100-feet of a well. 
Secondary Containment:  No containment; Inadequate containment. 
Foundations:  Belly of tank more than 12i",0,636,AEA,"2015 Assessment",POINT (-157.00958251953125 58.71209716796875)
"0A1579D5-A92D-4837-B2EC-95B2608B962B",1007,,"417-BF-04","0272190",Trident Seafoods (Retail Sales),4,31000,10500,20500,,,,true,false,false,false,Crowley Marine Barge and World Wide Fuel Trucks,"Site Location: Tank farm in flood plain; Facility threatened by coastal erosion/avalanche/river erosion/other; Tank Farm within 100-feet of a well. 
Secondary Containment:  No containment; Inadequate containment. 
Foundations:  Belly of tank more than 12i",0,637,AEA,"2015 Assessment",POINT (-156.99859619140625 58.7166748046875)
"8C87980B-33BC-4627-AFBC-6427DFE0F128",1010,ANC-S-079,"381-BF-01","0265800",City of St. George,,4000,,,,,,true,false,false,true,,,,607,AEA,,POINT (-169.54608154296875 56.60272216796875)
"852A9253-8E7F-4AE9-B965-550A2EBFA180",1011,,,"0265800",St. George Delta Fuel Co.,,1066200,,,,,,true,false,false,false,,,,481,AEA,Best Practice Assessment,POINT (-169.5457763671875 56.60247802734375)
"60BD1DF4-D095-4F2B-A8BE-5B989A77E9D6",1012,,"383-BF-01","0265800",St. George Tanaq Corporation,,5200,,,,,,true,false,false,false,,,,482,AEA,,POINT (-169.54620361328125 56.603271484375)
"4A687B18-56BC-47EE-AE19-F5B59F929D13",1013,,,"0265800",Pribilof School District,,1000,,,,,,true,false,false,false,,,,546,AEA,,POINT (-169.543212890625 56.6029052734375)
"5AA9BCDF-259D-4BC9-81C5-9630A137311C",1014,,,"0265800","Peninsula Airways, Inc.",,2000,,,,,,true,false,false,false,,,,990,AEA,,POINT (-169.54559326171875 56.60247802734375)
EF318649-1C9B-45B9-8616-DCC8F7FB4907,1015,ANC-S-048,,"0266470",City of St. Paul (Dispensing Facility Only),2,8000,4000,4000,,,,true,false,false,true,Petro Star Inc (Dutch Harbor),"Site Location: Tank farm in flood plain; Facility threatened by coastal erosion/avalanche/river erosion/other; Tank Farm within 100-feet of a well. 
Secondary Containment:  No containment; Inadequate containment. 
Foundations:  Belly of tank more than 12i",50,477,AEA,"2015 Assessment",POINT (-170.26629638671875 57.13372802734375)
"787EC87D-7389-4E27-A739-748992563E44",1016,ANC-S-057,,"0266470",City of St Paul - Powerhouse Tank Farm,2,12000,,12000,,,,true,false,false,true,City Bulk Fuel Tank Farm 1,"Site Location: Tank farm in flood plain; Facility threatened by coastal erosion/avalanche/river erosion/other; Tank Farm within 100-feet of a well. 
Secondary Containment:  No containment; Inadequate containment. 
Foundations:  Belly of tank more than 12i",0,547,AEA,"2015 Assessment",POINT (-170.2672119140625 57.13409423828125)
"2C5EE7B4-B6FD-490D-A50C-76C7122A724C",1017,,,"0266470",City of St. Paul - Motor Pool Building,1,4000,,4000,,,,true,false,false,false,City Bulk Fuel Tank Farm 1,"Site Location: Tank farm in flood plain; Facility threatened by coastal erosion/avalanche/river erosion/other; Tank Farm within 100-feet of a well. 
Secondary Containment:  No containment; Inadequate containment. 
Foundations:  Belly of tank more than 12i",0,548,AEA,"2015 Assessment",POINT (-170.26708984375 57.13348388671875)
E52F8BF1-0669-4629-8E08-E889F6CF8435,1020,,"390-BF-02","0266470",Tanadgusix Corporation - Power Plant,1,3000,,3000,,,,true,false,false,false,TDX Bulk Fuel Tank Farm 14,"Site Location: Tank farm in flood plain; Facility threatened by coastal erosion/avalanche/river erosion/other; Tank Farm within 100-feet of a well. 
Secondary Containment:  No containment; Inadequate containment. 
Foundations:  Belly of tank more than 12i",0,609,AEA,"2015 Assessment",POINT (-170.22088623046875 57.15771484375)
E239BC24-44CF-4882-8407-56CAEAEE0463,1025,,,"0266470",Tanadgusix (TDX) Corporation - Airport Facility,1,2700,,2700,,,,true,false,false,false,TDX Bulk Fuel Tank Farm 14,"Site Location: Tank farm in flood plain; Facility threatened by coastal erosion/avalanche/river erosion/other; Tank Farm within 100-feet of a well. 
Secondary Containment:  No containment; Inadequate containment. 
Foundations:  Belly of tank more than 12i",0,543,AEA,"2015 Assessment",POINT (-170.2205810546875 57.157470703125)
"39ED9F42-2893-4AB7-B3C0-318A6CD5E318",1029,,"248-BF-04","0236770",SOS Value-Mart,,5000,,,,,,true,false,false,false,,,,881,AEA,,POINT (-133.91400146484375 56.9603271484375)
"21A977B8-BC7C-4CEF-BB22-B9EE62F3B91B",1030,,"248-BF-02","0236770",Tlingit-Haida Senior Center,,1000,,,,,,true,false,false,false,,,,882,AEA,,POINT (-133.94769287109375 56.97650146484375)
E762FF48-E51C-4FF1-BB99-94DA3D5D0CB4,1031,,,"0236770",City of Kake,,3563,,,,,,true,false,false,false,,,,883,AEA,,POINT (-133.94500732421875 56.9744873046875)
A8BBF513-E14C-4B7B-82CC-147958FFDAD0,1032,,"248-BF-09","0236770",Kake Hatchery,,2200,,,,,,true,false,false,false,,,,884,AEA,,POINT (-133.931884765625 56.973876953125)
C668154A-D1ED-4408-B774-186E91D7BC7E,1033,,"248-BF-08","0236770",Temsco Helicopters,,1000,,,,,,true,false,false,false,,,,885,AEA,,POINT (-133.9130859375 56.96429443359375)
"569DF6D7-2D48-451A-B7D9-BF65E546D40F",1035,,"114-BF-06","0203440",Tlingit-Haida Regional Electric Association,,62468,,,,,,true,false,false,false,,,,788,AEA,,POINT (-134.585693359375 57.49908447265625)
"6BA7F264-7B69-4DB3-9C00-22810922225F",1036,,"114-BF-05","0203440",City of Angoon - Public Water,,3000,,,,,,true,false,false,false,,,,789,AEA,,POINT (-134.56719970703125 57.4935302734375)
"0A8E46F6-85F9-461E-9D8A-7B10FBCC5F4A",1042,,,"0276260",Snyder Merchantile,,71869,,,,,,true,false,false,false,,,,627,AEA,,POINT (-135.21942138671875 57.78009033203125)
"0088E9DC-A0A4-44B1-8A01-BD8C0F5EF8E1",1043,,,"0276260",Tenakee Springs Electric Utility,,700,,,,,,true,false,false,false,,,,853,AEA,,POINT (-135.21929931640625 57.780517578125)
F4B4F5F1-E086-430C-BAC8-81ED0B39F112,1056,,,"0262510",Port Alexander School ,5,12070,,12070,,,,true,false,false,false,Cascade Towing - Petersburg,"Site Location: Tank farm in flood plain; Facility threatened by coastal erosion/avalanche/river erosion/other; Tank Farm within 100-feet of a well. 
Secondary Containment:  No containment; Inadequate containment. 
Foundations:  Belly of tank more than 12i",,875,AEA,"2015 Assessment",POINT (-134.6466064453125 56.24951171875)
C1A959C4-95BB-47A3-8681-6A5776CDD88D,1057,,"363-BF-12","0262510",Main Street Electric Power,4,7100,,7100,,,,true,false,false,false,Cascade Towing - Petersburg,"Site Location: Tank farm in flood plain; Facility threatened by coastal erosion/avalanche/river erosion/other; Tank Farm within 100-feet of a well. 
Secondary Containment:  No containment; Inadequate containment. 
Foundations:  Belly of tank more than 12i",,876,AEA,"2015 Assessment",POINT (-134.6475830078125 56.24627685546875)
CB3D1D62-2E1D-4B0D-94E5-48A58F4CFBBF,1058,,,"0262510",Pelican Cold Storage,,25000,,,,,,true,false,false,false,,,,877,AEA,"2015 Assessment",POINT (-134.648681640625 56.24908447265625)
"6C27264B-0B0D-4D54-8E6E-15F1518AAFC9",1061,,,"0229290",ANTHC - WTP,1,8000,,8000,,,,true,false,false,false,Delta Western Crowley Marine Vitus Marine,"Site Location: Tank farm in flood plain; Facility threatened by coastal erosion/avalanche/river erosion/other; Tank Farm within 100-feet of a well. 
Secondary Containment:  No containment; Inadequate containment. 
Foundations:  Belly of tank more than 12i",0,995,AEA,"2017 Letter Report & Best Practice Assessment",POINT (-161.58209228515625 59.11871337890625)
"4A8981F9-BC70-4F6B-8692-1C3091AC9F2A",1064,,"141-BF-03","0216530",Aleutians East Borough,1,3500,,3500,,,,false,false,true,false,Frosty Fuels,"Site Location: History of flooding; Facility threatened by coastal erosion/avalanche/river erosion/other; Tank Farm within 100-feet of a well.
Secondary Containment: No containment;  Inadequate containment.
Foundations: Belly of tank more than 12in above ",0,997,AEA,"2015 Assessment",POINT (-162.71990966796875 55.2025146484375)
"531FCE13-5F37-4206-ABD6-E479328F3B28",1065,,,"0272190",South Naknek Village,2,6000,,6000,,,,true,false,false,false,Crowley Marine Barge and World Wide Fuel Trucks,"Site Location: Tank farm in flood plain; Facility threatened by coastal erosion/avalanche/river erosion/other; Tank Farm within 100-feet of a well. 
Secondary Containment:  No containment; Inadequate containment. 
Foundations:  Belly of tank more than 12i",0,999,AEA,"2015 Assessment & Best Practice Assessment",POINT (-157.0078125 58.71392822265625)
A8982EF5-33DF-4199-A007-78C5331E926A,1069,,,"0277690",Togiak Natives Limited - Gasoline Sales,1,2000,2000,0,,,,true,false,false,false,Tank Farm 5,"Site Location: Tank farm in flood plain; Facility threatened by coastal erosion/avalanche/river erosion/other; Tank Farm within 100-feet of a well. 
Secondary Containment:  No containment; Inadequate containment. 
Foundations:  Belly of tank more than 12i",0,1000,AEA,"2015 Assessment & Best Practice Assessment",POINT (-160.36871337890625 59.0634765625)
"7BB86274-5C89-4083-9160-7B35466B0C5B",1071,,,"0266470",Health Center - Aleut Community of St Paul Island ,1,2500,,2500,,,,true,false,false,false,TDX or City Bulk Fuel Tank Farms 1 or 14,"Site Location: Tank farm in flood plain; Facility threatened by coastal erosion/avalanche/river erosion/other; Tank Farm within 100-feet of a well. 
Secondary Containment:  No containment; Inadequate containment. 
Foundations:  Belly of tank more than 12i",0,1002,AEA,"2015 Assessment",POINT (-170.27410888671875 57.1226806640625)
"8D426044-9314-4A84-8C3E-53D7A8E8EF82",1073,,"391-BF-04","0267020",Aleutian East Borough School District ,1,8000,,8000,,,,true,false,false,false,Trident Seafoods (Tank farm 1),"Site Location: Tank farm in flood plain; Facility threatened by coastal erosion/avalanche/river erosion/other; Tank Farm within 100-feet of a well. 
Secondary Containment:  No containment; Inadequate containment. 
Foundations:  Belly of tank more than 12i",0,1003,AEA,"2015 Assessment",POINT (-160.47509765625 55.3519287109375)
"01FC2D37-9430-4C4C-8FB2-A70260C93481",1075,,,"0267020",Sand Point Health Clinic,1,1500,,1500,,,,true,false,false,false,purchased from tank farm 1,"Site Location: Tank farm in flood plain; Facility threatened by coastal erosion/avalanche/river erosion/other; Tank Farm within 100-feet of a well. 
Secondary Containment:  No containment; Inadequate containment. 
Foundations:  Belly of tank more than 12i",0,1004,AEA,"2015 Assessment",POINT (-160.4993896484375 55.3394775390625)
"83E88E4B-2856-41B9-B5D4-97F9A4C21BC1",1076,,,"0201860",City of Allakaket,10,50000,10000,40000,,,,false,true,false,false,Everts Air Cargo,"Site Location: Tank farm in flood plain; Facility threatened by coastal erosion/avalanche/river erosion/other; Tank Farm within 100-feet of a well
Secondary Containment: No containment; Inadequate containment
Foundations: Belly of tank more than ",,1009,AEA,"2015 Assessment & Best Practice Assessment",POINT (-152.63702392578125 66.54730224609375)
"242DF498-1FE8-4CF2-9961-E0B7533A4355",1083,,,"0227530",Russ Sweetsir,2,9000,6000,3000,,,,true,false,false,false,Ruby Marine,"Site Location: Tank farm in flood plain; Facility threatened by coastal erosion/avalanche/river erosion/other; Tank Farm within 100-feet of a well. 
Secondary Containment:  No containment; Inadequate containment. 
Foundations:  Belly of tank more than 12i",,1037,AEA,"2015 Assessment",POINT (-156.875 64.74127197265625)
"1FC36070-6859-4383-9040-51DA754947F1",1084,,,"0227530",Patrick Lumba - Galena Liquor Store,1,4000,4000,0,,,,true,false,false,false,Crowley,"Site Location: Tank farm in flood plain; Facility threatened by coastal erosion/avalanche/river erosion/other; Tank Farm within 100-feet of a well. 
Secondary Containment:  No containment; Inadequate containment. 
Foundations:  Belly of tank more than 12i",,1038,AEA,"2015 Assessment",POINT (-156.951904296875 64.742919921875)
C39D8402-2AA1-4195-A7AF-F5576A67671A,1086,,"249-BF-09","0236990",North Slope Borough - Sewage Treatment Plant,1,2000,,2000,,,,true,false,false,false,Kaktovik Inupiat Corporation,"Site Location: Tank farm in flood plain; Facility threatened by coastal erosion/avalanche/river erosion/other; Tank Farm within 100-feet of a well. 
Secondary Containment:  No containment; Inadequate containment. 
Foundations:  Belly of tank more than 12i",,1049,AEA,"2015 Assessment",POINT (-143.6077880859375 70.12890625)
"29A9858B-A138-476A-942F-BA787BE7179B",1087,,"249-BF-10","0236990",North Slope Borough - Vacuum Building,1,2000,,2000,,,,true,false,false,false,Kaktovik Inupiat Corporation,"Site Location: Tank farm in flood plain; Facility threatened by coastal erosion/avalanche/river erosion/other; Tank Farm within 100-feet of a well. 
Secondary Containment:  No containment; Inadequate containment. 
Foundations:  Belly of tank more than 12i",,1050,AEA,"2015 Assessment",POINT (-157.42510986328125 70.48150634765625)
"46B7841A-6BC9-41E3-A253-23EF7D0D8FC9",1087,,"249-BF-10","0204500",North Slope Borough - Vacuum Building,1,2000,,2000,,,,true,false,false,false,Kaktovik Inupiat Corporation,"Site Location: Tank farm in flood plain; Facility threatened by coastal erosion/avalanche/river erosion/other; Tank Farm within 100-feet of a well. 
Secondary Containment:  No containment; Inadequate containment. 
Foundations:  Belly of tank more than 12i",,1050,AEA,"2015 Assessment",POINT (-157.42510986328125 70.48150634765625)
"32E46B3B-A68A-4AED-A995-44AABFBA609D",1087,,"249-BF-10","0256320",North Slope Borough - Vacuum Building,1,2000,,2000,,,,true,false,false,false,Kaktovik Inupiat Corporation,"Site Location: Tank farm in flood plain; Facility threatened by coastal erosion/avalanche/river erosion/other; Tank Farm within 100-feet of a well. 
Secondary Containment:  No containment; Inadequate containment. 
Foundations:  Belly of tank more than 12i",,1050,AEA,"2015 Assessment",POINT (-157.42510986328125 70.48150634765625)
B764FB91-117D-48DF-94E6-BD2A0C3925B6,1089,,,"0226760",City of Fort Yukon,1,5000,,5000,,,,true,true,false,false,Crowley,"Site Location
: Tank farm in flood plain; Facility threatened by coastal erosion/avalanche/river erosion/other; Tank Farm within 100-feet of a well. 
Secondary Containment:  No containment; Inadequate containment. 
Foundations:  Belly of tank more than 12",,1054,AEA,"2015 Assessment",POINT (-145.24560546875 66.56268310546875)
"56FA3AE0-76F4-46DF-84EB-F201D2D15CD8",1090,,,"0226760",Council of Athabascan Tribal Governments,1,2000,,2000,,,,true,true,false,false,Crowley,"Site Location
: Tank farm in flood plain; Facility threatened by coastal erosion/avalanche/river erosion/other; Tank Farm within 100-feet of a well. 
Secondary Containment:  No containment; Inadequate containment. 
Foundations:  Belly of tank more than 12",,1055,AEA,"2015 Assessment",POINT (-145.24359130859375 66.5687255859375)
"47AEF73D-6FD9-41C6-AA25-FEB3B53DFC9A",1091,,"202-BF-06","0226760",University of Alaska Fairbanks,1,3000,,3000,,,,true,true,false,false,Crowley,"Site Location: Tank farm in flood plain; Facility threatened by coastal erosion/avalanche/river erosion/other; Tank Farm within 100-feet of a well. 
Secondary Containment:  No containment; Inadequate containment. 
Foundations:  Belly of tank more than 12i",,1056,AEA,"2015 Assessment",POINT (-145.2412109375 66.5662841796875)
FB4DD9E6-3392-4E3E-A574-C2E4FF9A0CE0,1092,,,"0249530",Seth-De-Ya-Ah Corporation,3,20000,10000,10000,,,,false,false,true,false,Alaska Petroleum,"Site Location: Tank farm in flood plain; Facility threatened by coastal erosion/avalanche/river erosion/other; Tank Farm within 100-feet of a well. 
Secondary Containment:  No containment; Inadequate containment. 
Foundations:  Belly of tank more than 12i",,1059,AEA,"2017 Letter Report & Best Practice Assessment",POINT (-149.33837890625 65.1533203125)
EBE4B52C-8327-4736-B32F-36B795B4C16F,1094,,"344-BF-01","0204500",North Slope Borough - Water Treatment Plant,1,2000,,2000,,,,false,true,false,false,Colville,"Site Location: Tank farm in flood plain; Facility threatened by coastal erosion/avalanche/river erosion/other; Tank Farm within 100-feet of a well. 
Secondary Containment:  No containment; Inadequate containment. 
Foundations:  Belly of tank more than 12i",,1066,AEA,"2015 Assessment",POINT (-157.426025390625 70.4832763671875)
AC7AE947-7B03-4A9E-ADDF-90A993019617,1094,,"344-BF-01","0261700",North Slope Borough - Water Treatment Plant,1,2000,,2000,,,,false,true,false,false,Colville,"Site Location: Tank farm in flood plain; Facility threatened by coastal erosion/avalanche/river erosion/other; Tank Farm within 100-feet of a well. 
Secondary Containment:  No containment; Inadequate containment. 
Foundations:  Belly of tank more than 12i",,1066,AEA,"2015 Assessment",POINT (-157.426025390625 70.4832763671875)
F5682527-F6B3-4629-A821-3EEFC8B9A7F1,1094,,"344-BF-01","0256320",North Slope Borough - Water Treatment Plant,1,2000,,2000,,,,false,true,false,false,Colville,"Site Location: Tank farm in flood plain; Facility threatened by coastal erosion/avalanche/river erosion/other; Tank Farm within 100-feet of a well. 
Secondary Containment:  No containment; Inadequate containment. 
Foundations:  Belly of tank more than 12i",,1066,AEA,"2015 Assessment",POINT (-157.426025390625 70.4832763671875)
CC2BF2C6-ADA9-481E-9BD6-76C5A72A34F4,1094,,"344-BF-01","0236990",North Slope Borough - Water Treatment Plant,1,2000,,2000,,,,false,true,false,false,Colville,"Site Location: Tank farm in flood plain; Facility threatened by coastal erosion/avalanche/river erosion/other; Tank Farm within 100-feet of a well. 
Secondary Containment:  No containment; Inadequate containment. 
Foundations:  Belly of tank more than 12i",,1066,AEA,"2015 Assessment",POINT (-157.426025390625 70.4832763671875)
"7C70AEC7-1C3A-4867-92DF-B24C9EED18CF",1094,,"344-BF-01","0261630",North Slope Borough - Water Treatment Plant,1,2000,,2000,,,,false,true,false,false,Colville,"Site Location: Tank farm in flood plain; Facility threatened by coastal erosion/avalanche/river erosion/other; Tank Farm within 100-feet of a well. 
Secondary Containment:  No containment; Inadequate containment. 
Foundations:  Belly of tank more than 12i",,1066,AEA,"2015 Assessment",POINT (-157.426025390625 70.4832763671875)
D45BE12C-652A-4463-9CA9-3542B3E29AC2,1095,,"344-BF-03","0204500",North Slope Borough - Wastewater Treatment Plant,1,2000,,2000,,,,false,true,false,false,Colville,"Site Location: Tank farm in flood plain; Facility threatened by coastal erosion/avalanche/river erosion/other; Tank Farm within 100-feet of a well. 
Secondary Containment:  No containment; Inadequate containment. 
Foundations:  Belly of tank more than 12i",,1067,AEA,"2015 Assessment",POINT (-157.42529296875 70.48248291015625)
EE035FC2-70D9-42A6-B940-D1F97F642616,1095,,"344-BF-03","0256320",North Slope Borough - Wastewater Treatment Plant,1,2000,,2000,,,,false,true,false,false,Colville,"Site Location: Tank farm in flood plain; Facility threatened by coastal erosion/avalanche/river erosion/other; Tank Farm within 100-feet of a well. 
Secondary Containment:  No containment; Inadequate containment. 
Foundations:  Belly of tank more than 12i",,1067,AEA,"2015 Assessment",POINT (-157.42529296875 70.48248291015625)
"678A81B7-2420-44FE-AABF-C45E6E48CC82",1095,,"344-BF-03","0261700",North Slope Borough - Wastewater Treatment Plant,1,2000,,2000,,,,false,true,false,false,Colville,"Site Location: Tank farm in flood plain; Facility threatened by coastal erosion/avalanche/river erosion/other; Tank Farm within 100-feet of a well. 
Secondary Containment:  No containment; Inadequate containment. 
Foundations:  Belly of tank more than 12i",,1067,AEA,"2015 Assessment",POINT (-157.42529296875 70.48248291015625)
"4D256757-A50A-438F-B0F5-270751D24162",1096,,,"0256320",North Slope Borough - Power Plant Intermediate Tank,1,3000,,3000,,,,false,true,false,false,Colville,"Site Location: Tank farm in flood plain; Facility threatened by coastal erosion/avalanche/river erosion/other; Tank Farm within 100-feet of a well. 
Secondary Containment:  No containment; Inadequate containment. 
Foundations:  Belly of tank more than 12i",,1068,AEA,"2015 Assessment",POINT (-150.994384765625 70.22027587890625)
"8A108F8E-4CF4-4400-BB47-FDB696592362",1097,,,"0261630",Tikigag Corp. Native Store,1,2000,,2000,,,,true,false,false,false,Tikigaq Corporation,"Site Location: Tank farm in flood plain; Facility threatened by coastal erosion/avalanche/river erosion/other; Tank Farm within 100-feet of a well. 
Secondary Containment:  No containment; Inadequate containment. 
Foundations:  Belly of tank more than 12i",,1077,AEA,"2015 Assessment",POINT (-166.718505859375 68.34991455078125)
F207D927-3A36-41F6-8394-36D45D4847EC,1099,,"363-BF-14","0261700",Cully Corporation,1,1900,,1900,,,,true,false,false,false,North Slope Borough,"Site Location: Tank farm in flood plain; Facility threatened by coastal erosion/avalanche/river erosion/other; Tank Farm within 100-feet of a well. 
Secondary Containment:  No containment; Inadequate containment. 
Foundations:  Belly of tank more than 12i",,1082,AEA,"2015 Assessment",POINT (-163.01300048828125 69.74127197265625)
A84D01CD-5627-44BC-ADBD-1E3AF860E970,1106,,,"0201970",City WTP and Diesel Storage,4,14200,,14200,,,,true,true,false,false,Everts Air Cargo,"Site Location: History of flooding; Facility threatened by coastal erosion/avalanche/river erosion/other; Tank Farm within 100-feet of a well
Secondary Containment: No containment; Inadequate containment
Foundations: Belly of tank more than 12in above ",,1097,AEA,"2015 Assessment",POINT (-157.85870361328125 67.0863037109375)
"62115B99-42C5-489F-B5A0-22C9EC99DAB0",1107,,,"0201970",City Gasoline Dispensing,1,2000,2000,0,,,,false,true,false,false,Everts Air Cargo,"Site Location: History of flooding; Facility threatened by coastal erosion/avalanche/river erosion/other; Tank Farm within 100-feet of a well
Secondary Containment: No containment;  Inadequate containment
Foundations: Belly of tank more than 12in above",,1098,AEA,"2015 Assessment",POINT (-157.85650634765625 67.08648681640625)
C60251DB-41AE-4DAB-AC00-F999EA235D54,1109,ANC-S-022,"407-BF-01","0268890",Old Armory  - Shaktoolik Native Corporation,1,2000,,2000,,,,true,false,false,true,Tank Farm 1,"Site Location: Tank farm in flood plain; Facility threatened by coastal erosion/avalanche/river erosion/other; Tank Farm within 100-feet of a well. 
Secondary Containment:  No containment; Inadequate containment. 
Foundations:  Belly of tank more than 12i",,1100,AEA,"2015 Assessment & Best Practice Assessment",POINT (-161.1881103515625 64.35052490234375)
"6D4B4A33-4BA6-4F24-B682-8F598BC19947",1110,,,"0240400",Alaska Power and Telephone,4,15600,,15600,,,,true,false,false,false,Petro Marine,"Site Location: Tank farm in flood plain; Facility threatened by coastal erosion/avalanche/river erosion/other; Tank Farm within 100-feet of a well. 
Secondary Containment:  No containment; Inadequate containment. 
Foundations:  Belly of tank more than 12i",,1101,AEA,"2015 Assessment",POINT (-152.6326904296875 66.54931640625)
"23971D5E-A473-4A82-921B-EA3545F06790",1111,,"266-BF-04","0240400",Klawock City School District,3,3000,,3000,,,,true,false,false,false,Petro Marine,"Site Location
: Tank farm in flood plain; Facility threatened by coastal erosion/avalanche/river erosion/other; Tank Farm within 100-feet of a well. 
Secondary Containment:  No containment; Inadequate containment. 
Foundations:  Belly of tank more than 12",,1106,AEA,"2015 Assessment",POINT (-133.0989990234375 55.55352783203125)
B8B70286-B51A-4677-91C7-E04F9EB3A1E5,1114,,"232-BF-05","0234460",Hydaburg Cooperative Association,2,14000,7000,7000,,,,true,false,false,false,Petro Marine,"Site Location: Tank farm in flood plain; Facility threatened by coastal erosion/avalanche/river erosion/other; Tank Farm within 100-feet of a well. 
Secondary Containment:  No containment; Inadequate containment. 
Foundations:  Belly of tank more than 12i",,1107,AEA,"2015 Assessment",POINT (-132.81878662109375 55.20550537109375)
"5D38C80C-477A-42F1-83C9-E26877DCD969",1117,,,"0217740",City of Craig Public Works,2,1275,500,775,,,,true,false,false,false,Petro Marine,"Site Location: Tank farm in flood plain;  Facility threatened by coastal erosion/avalanche/river erosion/other;  Tank Farm within 100-feet of a well.
Secondary Containment:  No containment;  Inadequate containment.
Foundations:  Belly of tank more than 12",,1105,AEA,"2015 Assessment",POINT (-133.140625 55.47808837890625)
"81F15798-5642-47BA-92D1-9D31759AF769",,,,"0220380",Alaska Power & Telephone - Eagle Power Generation Plant,3,36000,,36000,,,,false,false,true,false,,,,,DEC,,POINT (-141.21270751953125 64.788330078125)
F4A5FE3C-02D9-4F5F-98A3-E675FC30C462,,,,"0270540",City of Sitka - Diesel Plant,3,81500,,81500,,,,false,false,true,false,,,,,DEC,,POINT (-135.30889892578125 57.0521240234375)
C0345116-F30E-40B5-946D-4AFBF9F8D648,,,"411-BF-02","0270540",USCG Air Station Sitka,11,65503,,14003,,51500,,false,false,true,false,,,,,DEC,,POINT (-135.36810302734375 57.0552978515625)
B4EEB435-F160-4956-A029-E65744F94C5E,,,,"0270540",Alaska Army National Guard -  Sitka Readiness Center,1,1300,,1300,,,,,,,false,,,,,DEC,,POINT (-135.30010986328125 57.04632568359375)
"4A1D0B54-5FB4-4582-A44A-565444B59487",,,"410-BF-04","0270540",Delta Western - Sitka - Samson Tug and Barge,3,407826,90726,158550,,158550,,true,false,false,false,,,,,DEC,,POINT (-135.37939453125 57.12847900390625)
"162AE5D4-A7E5-48AC-8614-E3F989299E8B",,,,"0270540",Delta Western - Sitka - Halibut Point,3,30000,10000,20000,,,,true,false,false,false,,,,,DEC,,POINT (-135.393310546875 57.1160888671875)
"374E3A5B-88DE-4DF8-B3B6-FFEDF42E51E4",,,"411-BF-06","0270540",Sitka Airport DOT&PF ARFF/SREB,1,2000,,2000,,,,false,false,true,false,,,,,DEC,,POINT (-135.364990234375 57.05267333984375)
AC8E871E-2494-46AF-8BF8-376AC70ECDB4,,,"411-BF-01","0270540",Silver Bay Seafoods - Sitka,1,8000,,8000,,,,false,false,true,false,,,,,DEC,,POINT (-135.2313232421875 57.044921875)
"0979B703-23BD-4E4D-B3BF-D97B57BD01FB",,,,"0270540",Delta Western - Sitka - GPIP,1,10000,,10000,,,,false,false,true,false,,,,,DEC,,POINT (-135.22967529296875 57.0465087890625)
C739225D-BEFB-4FFE-9018-AAA89364833B,,,,"0270540",Air Medical Group Holdings - Sitka,1,8000,,,,8000,,false,false,true,false,,,,,DEC,,POINT (-135.36798095703125 57.0552978515625)
FC8F1A13-5A59-478C-BC2A-D235F70BF4CC,,,"410-BF-09","0270540",Colaska - Secon - Sitka,2,4000,,4000,,,,false,false,true,false,,,,,DEC,,POINT (-135.39410400390625 57.10247802734375)
A7652739-61F7-4745-8408-50A3C13A48AA,,,"410-BF-02","0270540",City of Sitka - Wastewater Treatment Plant,1,3000,,3000,,,,false,false,true,false,,,,,DEC,,POINT (-135.3555908203125 57.04730224609375)
"0B438119-212C-4295-A54F-72F4641CCA57",,,"410-BF-05","0270540",Alaska Commercial Company - Sitka,1,1000,,1000,,,,false,false,true,false,,,,,DEC,,POINT (-135.3466796875 57.056884765625)
A83D391D-29F1-4CE6-A8B5-E111EC571EA4,,,,"0270540",National Park Service - Sitka,1,2000,,2000,,,,false,false,true,false,,,,,DEC,,POINT (-135.31890869140625 57.04852294921875)
F4A0B42D-9258-4292-977E-751F0E59A70C,,ANC-C-011,,"0213550","Trident Seafoods, Chignik (support)",,,,,,,,,,,true,,,,,,,POINT (-158.4141845703125 56.30133056640625)
E28836DE-2C57-40A3-B75C-FB7EB08D38C3,,,"130-BF-04","0213550",Lake and Peninsula School District - Chignik Bay,2,20000,,20000,,,,true,false,false,false,,,,,DEC,,POINT (-158.40582275390625 56.2930908203125)
B5E90817-D98F-4DBE-8C24-C42163277CEA,,ANC-C-012,,"0213550",Trident - Chignik Bay,7,181500,32000,149500,,,,true,false,false,true,,,,,DEC,,POINT (-158.40338134765625 56.29449462890625)
"559D9A9C-9221-48BD-8906-31B25B07DCD5",,,"296-BF-01","0250190",Trail Lakes Hatchery,2,20000,,20000,,,,false,false,true,false,,,,,DEC,,POINT (-149.14288330078125 60.50189208984375)
D7037064-2B6C-4EB3-8145-FF0C714AEA24,,ANC-K-040,,"0241720",Kotlik Tank Farm - Kotlik Yupik Corporation,5,198000,6000,192000,,,,true,false,false,true,,,,,DEC,,POINT (-163.5281982421875 63.03692626953125)
"4B38321E-ED50-4C94-A6BF-B66BFE86FB86",,ANC-K-066,,"0241720",Kotlik Tank Farm - Alaska Village Electric Cooperative,6,252000,,252000,,,,true,false,false,true,,,,,DEC,,POINT (-163.5281982421875 63.03692626953125)
"398E44E8-E70B-4752-9C5D-72E9B35CFE48",,,"277-BF-07","0241720",Lower Yukon School District - Kotlik,2,9000,,9000,,,,true,false,false,false,,,,,DEC,,POINT (-163.55499267578125 63.03167724609375)
"4D4F9FAC-94B3-4589-A30B-47466C3D493F",,,,"0236990",North Slope Borough School District - Kaktovik,2,5000,,5000,,,,false,false,true,false,,,,,DEC,,POINT (-143.6162109375 70.127685546875)
"1B9700AB-35C9-4023-A262-4A95B4E49C8F",,,"387-BF-05","0266360",Bering Strait School District - Saint Michael,4,92000,,92000,,,,true,false,false,false,,,,,DEC,,POINT (-162.02947998046875 63.48272705078125)
"8F116362-8543-41B1-84DF-46B0EC78C58B",,ANC-S-109,"387-BF-07","0266360",City of Saint Michael,9,71000,10000,61000,,,,true,false,false,true,,,,,DEC,,POINT (-162.03851318359375 63.4788818359375)
BF76F338-B8AA-4609-AA28-F3921F9695DC,,ANC-S-055,"387-BF-01","0266360",Vitus Terminal - Saint Michael,2,26000,26000,,,,,true,false,false,true,,,,,DEC,,POINT (-162.0469970703125 63.47808837890625)
"2C29BFFD-EE44-4623-AB67-8AD4B8047DCD",,,"386-BF-07","0266360",Alaska Army National Guard -  St. Michael Readiness Center,1,1500,,1500,,,,false,false,true,false,,,,,DEC,,POINT (-162.0413818359375 63.478271484375)
"03E0A6E1-F1C0-4A3F-9A95-E04ED50EB2CD",,ANC-S-041,,"0266360",Crater Fuel Services LLC,,,,,,,,,,,true,,,,,,,POINT (-162.0399169921875 63.478271484375)
"142D8A26-7B1C-468A-9C61-A1395DAFB343",,,"134-BF-03","0213860",Kodiak Island Borough School District - Chiniak,1,3000,,3000,,,,false,false,true,false,,,,,DEC,,POINT (-152.234375 57.613525390625)
"59B6F627-42C1-487F-9A00-76D9F63FA010",,,,"0227530",Federal Aviation Administration - Galena - GAL VOR,1,1000,,1000,,,,false,false,true,false,,,,,DEC,,POINT (-156.7769775390625 64.73809814453125)
F0FFCC8F-A5B7-4ADC-8C28-C7FC319FCDDB,,ANC-F-006,"203-BF-02","0227530",Crowley Marine Services,,,,,,,,true,false,false,true,,,,,USCG,"2015 Assessment",POINT (-145.25762939453125 66.56427001953125)
A6931EBC-3E8A-4E86-827E-9214C8482A3B,,ANC-G-003,,"0227530",City of Galena,5,63000,31000,32000,,,,true,false,false,true,,,,,DEC,,POINT (-156.8765869140625 64.743896484375)
"1FE614D9-633B-49DC-A233-193E56910FE3",,,"203-BF-01","0227530",AT&T - Galena,1,1000,,1000,,,,false,false,true,false,,,,,DEC,,POINT (-156.86077880859375 64.74249267578125)
A8127B68-83B7-4431-8F66-D91552206E5C,,,"203-BF-09","0227530",DOT&PF Galena APT,1,8000,,8000,,,,false,false,true,false,,,,,DEC,,POINT (-156.95550537109375 64.73931884765625)
"7A15F83D-F6C9-40A8-ACC1-4D1B644A5224",,,,"0233910",DOT&PF Hughes APT,1,1000,,1000,,,,false,true,false,false,,,,,DEC,,POINT (-154.25872802734375 66.0452880859375)
"88AED113-8FB3-4795-8643-8390D01668AE",,ANC-H-014,,"0233910",Yukon Koyukuk School District - Hughes,2,12000,,12000,,,,false,true,false,true,,,,,DEC,,POINT (-154.25750732421875 66.04547119140625)
"8BE7431D-D7DE-4CE3-9A08-EF985487928F",,ANC-D-016,,"0219060",Diomede Tank Farm,6,157900,7900,150000,,,,true,false,false,true,,,,,DEC,,POINT (-168.95050048828125 65.75927734375)
F9070B81-4310-41C8-A97D-D03C967F42A9,,ANC-N-012,"347-BF-07","0256600",City of Nunam Iqua,11,217000,36000,181000,,,,true,false,false,true,,,,,DEC,,POINT (-164.8507080078125 62.532470703125)
FDD95CA1-7593-453A-B389-E07884735185,,ANC-N-069,"347-BF-08","0256600",Lower Yukon School District - Nunam Iqua,5,45000,,45000,,,,true,false,false,true,,,,,DEC,,POINT (-164.85150146484375 62.526123046875)
"31AFC5F9-52E9-4580-9502-B9A75D6096CC",,,"283-BF-05","0243040",Kodiak Island Borough School District - Larsen Bay,1,1000,,1000,,,,false,false,true,false,,,,,DEC,,POINT (-153.981201171875 57.5377197265625)
"6FFCF56E-AE3D-44CF-A8C6-62083A75AD34",,,,"0243040",City of Larsen Bay,7,121500,41500,80000,,,,true,false,false,false,,,,,DEC,,POINT (-154.00048828125 57.530517578125)
"05940B17-A438-4A05-A779-1DA030BFADD7",,,"283-BF-03","0243040",Icicle - Larsen Bay,10,122500,20000,102500,,,,true,false,false,false,,,,,DEC,,POINT (-153.99090576171875 57.5377197265625)
A5155750-38EC-47C7-B827-7975F4A90D3E,,,,"0239300",GCI Communication Corp. - Three Rivers Microwave Repeater,2,9000,,9000,,,,false,true,false,false,,,,,DEC,,POINT (-160.49090576171875 66.96087646484375)
"8165CCA3-56E8-47A2-8CFE-A8EAD7AB657B",,,,"0239300",Kiana Tank Farm - Alaska Village Electric Cooperative,7,144000,,144000,,,,true,false,false,false,,,,,DEC,,POINT (-160.4425048828125 66.96990966796875)
"6A6FAD87-D981-43FB-B310-DD4E6D7E5005",,,"263-BF-05","0239300",Kiana Tank Farm - Northwest Arctic Borough School District,9,87000,,87000,,,,true,false,false,false,,,,,DEC,,POINT (-160.44281005859375 66.9700927734375)
DC804955-7654-4EBB-AC92-0A0266163C08,,,,"0239300",Kiana Tank Farm - City of Kiana,13,204600,81700,122900,,,,,,,false,,,,,DEC,,POINT (-160.4429931640625 66.97027587890625)
"434E09F8-0BC0-4400-9C37-090E2AC9AC89",,,,"0239300",CRUZ Construction - Kiana Airport Improvement,6,85000,5000,80000,,,,true,false,false,false,,,,,DEC,,POINT (-160.44097900390625 66.97509765625)
F3E0843B-7A8E-4A0B-A1D2-E8B831675754,,ANC-D-007,,"0218510",Deering Tank Farm - Northwest Arctic Borough School District,2,46000,,46000,,,,true,false,false,true,,,,,DEC,,POINT (-162.73809814453125 66.080078125)
"262CA1C1-4C87-44F2-AE72-4AF7E944AF9C",,,,"0218510",Deering Tank Farm - Native Village of Deering,5,96000,27000,69000,,,,true,false,false,false,,,,,DEC,,POINT (-162.73828125 66.080078125)
"77B9E568-6D73-4FF3-B12F-9E3ED9120891",,,,"0218510",Deering Tank Farm - Ipnatchiaqec Electric Company,4,74000,,74000,,,,false,false,true,false,,,,,DEC,,POINT (-162.73822021484375 66.080078125)
DD445EE1-3F10-4146-A63C-843325C1AEA0,,,,"0218510",Deering Tank Farm - City of Deering,2,25500,,25500,,,,true,false,false,false,,,,,DEC,,POINT (-162.73822021484375 66.080078125)
F89CBAB9-8EE3-4852-BC80-4FC7BC0CB3EF,,,"456-BF-06","0282420",Yukon Flats School District - Venetie,3,18900,,18900,,,,false,true,false,false,,,,,DEC,,POINT (-146.41571044921875 67.0155029296875)
E2EF0E5B-287E-4122-A175-2E0B85FD9D17,,,"456-BF-05","0282420",Native Village of Venetie,6,12500,3500,9000,,,,false,true,false,false,,,,,DEC,,POINT (-146.42529296875 67.01727294921875)
"699323F4-730E-4B7A-9FCE-3485E983A725",,,,"0275480",DOT&PF Tazlina MS,3,5500,2500,3000,,,,false,false,true,false,,,,,DEC,,POINT (-145.42620849609375 62.04412841796875)
F8C85392-830A-4255-ABF8-BD69EBAAEBF7,,,,"0280100",AK DOT&PF Ugashik,1,2000,,2000,,,,,,,false,,,,,DEC,,POINT (-157.40081787109375 57.5220947265625)
D6E3DB89-1C97-4D38-98FF-7A9988BCDCFE,,ANC-C-029,"125-BF-02","0212680",Chefornak Airport Maintenance Station,2,2000,,2000,,,,,,,true,,,,,DEC,,POINT (-164.28289794921875 60.13812255859375)
"39BED115-6EC9-4598-8396-F20395351B98",,ANC-C-003,"126-BF-01","0212680","Naterkaq Light Plant, Chefornak",1,76840,,76840,,,,true,false,false,true,,,,,USCG,,POINT (-164.28240966796875 60.15771484375)
B111E91E-EB87-4AAA-8E4E-8BE0A7677641,,,"423-BF-04","0275380",Chugach School District - Tatitlek,2,10000,,10000,,,,true,false,false,false,,,,,DEC,,POINT (-146.68182373046875 60.86871337890625)
C9E914FB-038D-497D-9C7E-7920E1429211,,,,"0221370",Eielson Airforce Base - Oklahoma Range,12,32075,,32075,,,,false,true,false,false,,,,,DEC,,POINT (-145.82208251953125 63.83331298828125)
CB4253E4-9DE9-4D95-AF37-62AF93235BC4,,,,"0221370",Eielson Airforce Base - South Remote 7,1,1000,,1000,,,,false,true,false,false,,,,,DEC,,POINT (-141.76531982421875 64.74029541015625)
A4BAA2CF-A008-4738-A346-372CD20F7805,,,,"0221370",Eielson Airforce Base - Yukon Range,22,53500,,53500,,,,false,true,false,false,,,,,DEC,,POINT (-145.7777099609375 65.080322265625)
F9922F7E-63F1-4190-A7B0-695BCB54A77F,,,,"0221370",Eielson Airforce Base - Taylor Mountain,4,40000,,40000,,,,false,true,false,false,,,,,DEC,,POINT (-142.314208984375 64.0264892578125)
"86F201C8-8EC4-4EC4-8A63-3339D2F4DC72",,,"167-BF-02","0221370",Eielson Airforce Base - Fox Relay,1,1000,,1000,,,,false,true,false,false,,,,,DEC,,POINT (-146.81439208984375 62.9744873046875)
A82B5A6A-FC3F-4B18-8C71-C5DD4E03ECC4,,,,"0221370",Eielson Airforce Base - Fox Remote 2,1,1000,,1000,,,,false,true,false,false,,,,,DEC,,POINT (-148.3358154296875 62.5634765625)
AB04C3B7-730E-44F4-AD27-ADC5B4B13493,,,,"0221370",Eielson Airforce Base - North Remote 1,1,1000,,1000,,,,false,true,false,false,,,,,DEC,,POINT (-143.83001708984375 65.2025146484375)
B15A52C6-6F30-470D-9BA8-5037E9F1F1EC,,,"167-BF-03","0221370",Doyon Utilities JBER-R,6,69000,,69000,,,,false,false,true,false,,,,,DEC,,POINT (-149.710693359375 61.24591064453125)
"925D5799-A54B-41FD-8583-D7981B826986",,,,"0204500",North Slope Borough School District - Atqasuk,1,5000,,5000,,,,false,false,true,false,,,,,DEC,,POINT (-157.4163818359375 70.48187255859375)
"31104A83-0BBA-42BB-B0F4-8CC33DD2DF06",,ANC-N-005,,"0253930","City of Nightmute, Nightmute",,,,,,,,,,,true,,,,,,,POINT (-164.72998046875 60.4801025390625)
B121A7B4-DF9E-473A-AA2E-5B54FF74D1E3,,,,"0253930",Nightmute Airport Maintenance Station,2,2000,,2000,,,,false,false,true,false,,,,,DEC,,POINT (-164.6995849609375 60.47271728515625)
D2C96C71-BCAE-424D-9393-241DF0F42EE0,,,,"0264380",Halliburton - Prudhoe Bay,1,2000,,2000,,,,false,false,true,false,,,,,DEC,,POINT (-148.41278076171875 70.22607421875)
"894AC954-4844-4F69-B96A-3ED58FAA4D88",,,,"0264380",CH2M North Slope Field Services,2,3000,,3000,,,,false,false,true,false,,,,,DEC,,POINT (-148.41412353515625 70.22491455078125)
F5EA86DC-3AD5-4EBB-9B32-1E3296DE10A4,,,,"0264380",AT&T - Prudhoe Bay - Tea Lake,1,1250,,1250,,,,false,false,true,false,,,,,DEC,,POINT (-150.65362548828125 60.42730712890625)
"81AEF4E4-2C4F-49CA-B2D7-9DB10F63C153",,ANC-P-027,,"0264380","Northern Oilfield Services (Mobile), Prudhoe Bay",,,,,,,,,,,true,,,,,,,POINT (-148.33721923828125 70.25531005859375)
CB76F2D9-3BE8-4FBD-AA72-19659BA88B47,,ANC-P-025,,"0264380",Colville - Prudhoe Bay,6,60000,,10000,,50000,,false,false,true,true,,,,,DEC,,POINT (-148.4486083984375 70.19952392578125)
"51417ED5-3E1D-4A90-98BE-EE63632631CB",,,,"0264380",Halliburton - Prudhoe Bay - Baroid Mud Plant,1,7100,,7100,,,,false,false,true,false,,,,,DEC,,POINT (-149.06390380859375 70.33392333984375)
"00CFB075-110B-4FAE-AD61-956F3ABCF6D8",,,,"0264380",Prudhoe Bay Mud Plant,1,2000,,2000,,,,false,false,true,false,,,,,DEC,,POINT (-148.393310546875 70.22772216796875)
"9FF07A4A-E872-482A-AE33-1D74601D306C",,,,"0264380",Peak Oilfield Service Co. LLC,3,52000,12000,40000,,,,false,false,true,false,,,,,DEC,,POINT (-148.37939453125 70.2310791015625)
"6326F4C4-82C0-47FA-8A97-704CCB99399C",,,,"0264380",DOT&PF Deadhorse MS,1,3000,3000,,,,,false,false,true,false,,,,,DEC,,POINT (-148.470703125 70.197509765625)
"70972937-9205-4869-88C9-F47DBC3ADEA7",,,,"0264380",Sag River Camp,3,21800,,21800,,,,false,false,true,false,,,,,DEC,,POINT (-148.40289306640625 70.21392822265625)
"4669A088-FDE7-4974-9B95-0EEA23C33FC4",,,,"0264380",AT&T - Prudhoe Bay - Franklin Bluff,3,3750,,3750,,,,false,true,false,false,,,,,DEC,,POINT (-148.49249267578125 69.789306640625)
"653555F4-0E48-4EEC-B326-6042DDD62DC0",,,"401-BF-02","0268340",Seldovia Maintenance Station,2,3000,,3000,,,,true,false,false,false,,,,,DEC,,POINT (-151.7017822265625 59.4415283203125)
"0F656157-B21E-40D4-8524-2319155AFBB3",,,"401-BF-01","0268340",Kenai Peninsula Borough - Seldovia Susan B. Anthony School,3,5000,,5000,,,,false,false,true,false,,,,,DEC,,POINT (-151.7139892578125 59.44232177734375)
"045934AD-2BCF-44F0-84B9-C7E3EBDD9156",,,"401-BF-03","0268340",Seldovia Bulk Fuel,10,352500,148500,204000,,,,true,false,false,false,,,,,DEC,,POINT (-151.71612548828125 59.44049072265625)
EB324C93-9396-4768-B372-5073A1FBE274,,,"315-BF-02","0254150",Iditarod Area School District - Nikolai,1,1500,,1500,,,,false,true,false,false,,,,,DEC,,POINT (-154.373291015625 63.013671875)
FA9A470E-A5C1-4191-BB0D-7B2A1FC6454C,,,"363-BF-13","0261700",North Slope Borough School District - Point Lay,1,6000,,6000,,,,false,false,true,false,,,,,DEC,,POINT (-163.0081787109375 69.742919921875)
"335EECA0-37D6-4DD3-A497-BB0FB0CDB44B",,,,"0261700",North Slope Borough,,,,,,,,,,,false,,,,,,,POINT (-163.00909423828125 69.74072265625)
"198362A5-508C-4395-8391-42808AB5823A",,,,"0276590",DOT&PF Tetlin APT,1,3000,,3000,,,,false,false,true,false,,,,,DEC,,POINT (-142.521728515625 63.12811279296875)
"415F06AF-2D4C-4C1A-879F-FCF2BE8760AF",,,,"0276590",Alaska Gateway School District - Tetlin,1,10000,,10000,,,,false,false,true,false,,,,,DEC,,POINT (-142.519775390625 63.1383056640625)
"77612800-0D07-46EF-A3BD-AF20E41D610E",,ANC-A-030,"115-BF-13","0203880",Alaska Village Electric Cooperative - Anvik,3,78000,,78000,,,,,,,true,,,,,DEC,,POINT (-160.193603515625 62.64990234375)
"7FC94AF0-E66C-48D3-8197-1854A8ADE01F",,,,"0203880",DOT&PF Anvik APT,1,3000,,3000,,,,false,true,false,false,,,,,DEC,,POINT (-160.1923828125 62.6492919921875)
"721D7D28-9E11-4A58-A705-BE3CBA892C42",,,"115-BF-17","0203880",Iditarod Area School District - Anvik,1,1500,,1500,,,,true,false,false,false,,,,,DEC,,POINT (-160.19427490234375 62.64910888671875)
"7D8DADC6-63EA-4BF0-A33B-AF25CB5B3CBF",,,,"0252940",Nelson Lagoon Enterprises,10,201000,58000,143000,,,,true,false,false,false,,,,,DEC,,POINT (-161.17718505859375 56.00531005859375)
E77A942D-7D0A-45CD-8F29-13F7F85F71A3,,,,"0261080",Platinum Airport Maintenance Station,2,2000,,2000,,,,,,,false,,,,,DEC,,POINT (-161.822998046875 59.01690673828125)
"4597868B-DAB9-43AA-A082-D0652EF78EEC",,,,"0261080",GCI Communication Corp. - Platinum TERRA SW,1,1000,,1000,,,,false,true,false,false,,,,,DEC,,POINT (-161.81689453125 59.00848388671875)
"09049BF3-80A1-449D-8DD9-F6F3D988870D",,,,"0261080",Platinum Traditional Village Council,1,10000,,10000,,,,true,false,false,false,,,,,DEC,,POINT (-161.818603515625 59.0120849609375)
F7542599-C08C-4AC9-B79E-0886B80A0C3F,,ANC-P-033,,"0261080","Goodnews Bay Mining Co, Platinum",,,,,,,,,,,true,,,,,,,POINT (-161.814697265625 59.00848388671875)
D10571D4-A159-4D6B-8CEB-92361739EC24,,ANC-P-102,,"0261080",Hanson Platinum Mobile,,,,,,,,,,,true,,,,,,,POINT (-161.814697265625 59.00848388671875)
"9EE26DD2-4A76-4497-A338-80454B55D00E",,,,"0264600",Alaska Village Electric Cooperative - Quinhagak,17,179100,,179100,,,,,,,false,,,,,DEC,,POINT (-161.91082763671875 59.74749755859375)
B41C346B-C17B-4154-A14C-3B28B36C4C1D,,,"375-BF-01","0264600",Alaska Army National Guard -  Quinhagak Readiness Center,1,1500,,1500,,,,false,false,true,false,,,,,DEC,,POINT (-161.89532470703125 59.7532958984375)
F82686D1-FA4A-47B8-84CD-E00DB30C843C,,ANC-S-045,,"0266470","Delta Western Fixed, St. Paul",,,,,,,,,,,true,,,,,,,POINT (-170.28228759765625 57.1204833984375)
FA1F5BF7-9E47-47F2-97D1-CC25786A50B2,,ANC-S-058,,"0266470","St. Paul Fuel LLC (Mobile), St. Paul",,,,,,,,,,,true,,,,,,,POINT (-170.28228759765625 57.1204833984375)
"66E08F69-68FD-40AD-99B3-7A2007C0697D",,,"391-BF-07","0266470",Forward Operating Location St. Paul,1,12000,,,,12000,,,,,false,,,,,DEC,,POINT (-170.22979736328125 57.1580810546875)
"569725C5-F6E9-4B28-96C7-8BDF5BCB6C06",,,"391-BF-08","0266470",LORAN Station St. Paul,2,10000,,10000,,,,false,false,true,false,,,,,DEC,,POINT (-170.2506103515625 57.1505126953125)
"31BBFA6C-90AD-4ACF-B8A0-A25868373F07",,ANC-S-107,,"0266470","Trident Seafoods, St. Paul",,,,,,,,,,,true,,,,,,,POINT (-170.28228759765625 57.1204833984375)
C2EE3D68-85C8-4D15-8DCF-735AE274FD08,,,"390-BF-03","0266470",Federal Aviation Administration - Saint Paul - SNP ATCBI,1,1000,,1000,,,,false,false,true,false,,,,,DEC,,POINT (-170.21942138671875 57.17071533203125)
"52B7BAA3-AC93-4AF7-8E9A-0DEEE954C6EE",,,"391-BF-06","0266470",Pribilof School District - Saint Paul,1,3000,,3000,,,,true,false,false,false,,,,,DEC,,POINT (-170.27947998046875 57.12109375)
"8D19934A-76B9-4669-B600-BFECB43DCCF3",,,"391-BF-05","0266470",Trident - Saint Paul,1,12000,,12000,,,,false,false,true,false,,,,,DEC,,POINT (-170.28387451171875 57.12469482421875)
"7AFEC631-2122-4F7A-AA44-2584FAFBC1D0",,,"390-BF-01","0266470",AK DOT&PF Saint Paul Island,2,2000,,2000,,,,,,,false,,,,,DEC,,POINT (-170.2205810546875 57.15789794921875)
"646C9FA3-4B5F-4C6C-ABE9-8F27FA0B7280",,,,"0203440",Inside Passage Electric Cooperative - Angoon,4,62000,,62000,,,,true,false,false,false,,,,,DEC,,POINT (-134.5858154296875 57.49908447265625)
A13608F5-7F72-484F-9ABF-102B38FF6875,,,,"0203440",Chatham School District - Angoon High School,1,1100,,1100,,,,false,false,true,false,,,,,DEC,,POINT (-134.5845947265625 57.49810791015625)
"38E82315-8B3C-44A8-8C51-723335301BFB",,,,"0233580",AK DOT&PF Silvertip Maintenance Station,3,7000,1000,6000,,,,false,false,true,false,,,,,DEC,,POINT (-149.43017578125 60.78509521484375)
"131A1E41-6632-44F1-9501-ABA1E95CE7E8",,,,"0200870",Akiak Airport Maintenance Station,2,2000,,2000,,,,false,false,true,false,,,,,DEC,,POINT (-161.2274169921875 60.9058837890625)
"26138EA6-C276-480E-BD37-260733B682D2",,ANC-A-008,,"0200870",Yupiit School District - Akiak,6,103800,5000,98800,,,,true,false,false,true,,,,,DEC,,POINT (-161.2283935546875 60.907470703125)
"1DFE0049-CD5E-4363-8E45-9C1BD35E298B",,,"356-BF-04","0260310",Petersburg School District - Stedman Elementary,1,1100,,1100,,,,false,false,true,false,,,,,DEC,,POINT (-132.9517822265625 56.8140869140625)
"43B781A0-2BFF-47EF-A784-555A71603EA7",,,"356-BF-06","0260310",GSA - Petersburg,1,1500,,1500,,,,false,false,true,false,,,,,DEC,,POINT (-132.9569091796875 56.8115234375)
"0F01BB32-5A29-4652-976C-10E724180102",,,"355-BF-03","0260310",AT&T - Petersburg - Kashevarof,1,6000,,6000,,,,false,true,false,false,,,,,DEC,,POINT (-132.98138427734375 56.236083984375)
"855FBE7C-9B33-45BC-8C4D-2394A0C95208",,,"355-BF-02","0260310",AT&T - Petersburg - Duncan Canal,1,6000,,6000,,,,false,true,false,false,,,,,DEC,,POINT (-133.17950439453125 56.75653076171875)
"0C8FE23A-EFDE-4FF0-8A74-D3F9F8D2A0F7",,,"356-BF-05","0260310",State of Alaska Department of Fish and Game - Petersburg,1,1000,1000,,,,,false,false,true,false,,,,,DEC,,POINT (-132.8218994140625 56.6126708984375)
"38E7CF68-F312-4AC0-8AC0-8200B684215A",,,"356-BF-02","0260310",Icicle - Petersburg,1,15000,,15000,,,,false,false,true,false,,,,,DEC,,POINT (-132.95819091796875 56.81451416015625)
EF7B6BA1-2FF6-404A-9A5F-01A83B09D969,,,"391-BF-03","0267020",AK DOT&PF Sand Point,2,2000,,2000,,,,,,,false,,,,,DEC,,POINT (-166.53997802734375 53.8970947265625)
"96BB9651-60E8-4357-9DC1-C24D1519AF25",,,,"0267020",TDX - Sand Point,3,41000,,41000,,,,false,false,true,false,,,,,DEC,,POINT (-160.4896240234375 55.34527587890625)
E1693C3D-F6A9-432D-8B18-315BB5BCFB77,,,"393-BF-01","0267020",Ravn Air - Sand Point,1,5000,,,,5000,,true,false,false,false,,,,,DEC,,POINT (-160.52178955078125 55.318115234375)
"952659E7-1F6B-458C-B0BD-64F21D2CB9C8",,,"391-BF-01","0267020",Aleutians East Borough School District- Sand Point,1,8000,,8000,,,,false,false,true,false,,,,,DEC,,POINT (-160.47540283203125 55.3519287109375)
A7EBAE89-F17F-40AC-8D9F-B0C83C6758D0,,,"232-BF-04","0234460",Alaska Power & Telephone - Hydaburg Power Generation Station,2,11000,,11000,,,,false,false,true,false,,,,,DEC,,POINT (-132.82501220703125 55.2144775390625)
C9BC00FA-491A-4D02-BFB8-B40977DA2016,,,"451-BF-07","0282200",AT&T - Valdez - Keystone,4,5000,,5000,,,,false,true,false,false,,,,,DEC,,POINT (-145.8291015625 61.06451416015625)
"15F42230-AEBD-4A55-B59D-170175A8B3BE",,,"452-BF-01","0282200",Copper Valley Electric Association - Valdez - Hydro Plant,1,1000,,1000,,,,false,false,true,false,,,,,DEC,,POINT (-146.30291748046875 61.08331298828125)
E440AFDF-429C-43EF-97E7-E99BC8872AF7,,,"452-BF-02","0282200",Copper Valley Electric Association - Valdez - Diesel Plant,3,41000,,41000,,,,false,false,true,false,,,,,DEC,,POINT (-146.36468505859375 61.13067626953125)
F19B2D16-1835-43FE-9850-72DF8B05E016,,,"451-BF-04","0282200",Copper Valley Electric Association - Valdez - Cogeneration Plant,1,1000,,,,1000,,false,false,true,false,,,,,DEC,,POINT (-146.2493896484375 61.08428955078125)
"1DF623E1-B266-4C31-BB2D-2ABE4B807661",,,,"0282200",USCG SFO Valdez,1,1000,,1000,,,,false,false,true,false,,,,,DEC,,POINT (-146.37139892578125 61.1373291015625)
"316442FE-F21C-4BAD-B4A4-700329BA1914",,,"451-BF-08","0282200",Alaska Army National Guard -  Valdez Readiness Center,1,1500,,1500,,,,false,false,true,false,,,,,DEC,,POINT (-146.24749755859375 61.1279296875)
"5D6DD34B-DAEE-49F9-988E-21E080CB537A",,,"455-BF-06","0282200",DOT&PF Thompson Pass MS,2,4000,,4000,,,,false,false,true,false,,,,,DEC,,POINT (-145.74908447265625 61.14093017578125)
"3E126E10-1FB3-4698-B4A2-1CE1635F721D",,,"451-BF-01","0282200",AT&T - Tiekel,4,5000,,5000,,,,false,true,false,false,,,,,DEC,,POINT (-145.268310546875 61.3441162109375)
"96237B31-0C4F-486F-99F1-B7F39326C8FA",,,"455-BF-03","0282200",DOT&PF Valdez MS,2,8000,,8000,,,,false,false,true,false,,,,,DEC,,POINT (-146.34130859375 61.135498046875)
"464FE024-2A99-4A73-956B-AFDC49328212",,,,"0282200",DOT&PF APT / MS,5,14000,2500,11500,,,,false,false,true,false,,,,,DEC,,POINT (-145.4796142578125 60.49951171875)
D90B5B01-B43C-47E6-AFBE-60E05BEBF7DC,,,"455-BF-04","0282200",Silver Bay Seafoods - Valdez,6,23300,,23300,,,,false,false,true,false,,,,,DEC,,POINT (-146.34600830078125 61.12371826171875)
C70F025D-17AF-456C-8E48-D5735931DDB5,,,,"0282200",Crowley - Valdez,1,10000,,10000,,,,false,false,true,false,,,,,DEC,,POINT (-146.26318359375 61.12451171875)
E9721470-3863-4DF0-8FA9-DEE71E0F717F,,,,"0282200",AT&T - Valdez,1,1000,,1000,,,,false,false,true,false,,,,,DEC,,POINT (-146.33758544921875 61.1317138671875)
"9BD1E836-06B9-4EAA-A631-8CCC69261C22",,,"455-BF-05","0282200",GCI Communication Corp. - Valdez Landing,2,2000,,2000,,,,false,false,true,false,,,,,DEC,,POINT (-146.3477783203125 61.127685546875)
"18A0F761-6B93-4198-82BD-6BEAA7405909",,,"455-BF-07","0282200",DOT&PF Valdez APT (Pioneer Field),2,3000,,3000,,,,false,false,true,false,,,,,DEC,,POINT (-146.24700927734375 61.131103515625)
"71EF2656-042E-4F42-A78D-E48CD254C0EB",,,"451-BF-06","0282200",AT&T - Valdez - Ptarmigan,4,5000,,5000,,,,false,true,false,false,,,,,DEC,,POINT (-145.63031005859375 61.20452880859375)
C1ADC4CF-10B4-46CB-869B-B99E2F70453E,,,"455-BF-01","0282200",Valdez City Schools,3,14000,,14000,,,,false,false,true,false,,,,,DEC,,POINT (-146.35888671875 61.138671875)
"10C293FA-932B-464D-A923-2CE29D264905",,,"451-BF-09","0282200",City of Valdez,9,43000,,43000,,,,false,false,true,false,,,,,DEC,,POINT (-146.3668212890625 61.13067626953125)
A9C92D12-FAE6-4509-996E-95FCD6FDAEA8,,,,"0252060",Alaska General Seafoods - Naknek Main Plant,4,20000,,20000,,,,false,false,true,false,,,,,DEC,,POINT (-156.99658203125 58.7301025390625)
E2BF956B-CE4D-4E04-954E-9B2D99151089,,,,"0252060",AK DOT&PF Naknek,1,1000,,1000,,,,,,,false,,,,,DEC,,POINT (-157.00469970703125 58.7310791015625)
F23482A5-67DC-4289-8D90-2F5BB44CD164,,,,"0252060","North Pacific Seafoods, Inc. - Naknek - Pederson Point",8,263300,9700,253600,,,,true,false,false,false,,,,,DEC,,POINT (-157.0623779296875 58.761474609375)
AFF28455-DC30-427A-8DD4-AEA794FA40B2,,ANC-N-008,,"0252060","North Pacific Seafoods, Inc. - Naknek - Red Salmon",12,38220,1000,37220,,,,false,false,true,true,,,,,DEC,,POINT (-156.97802734375 58.7376708984375)
F454630A-16D4-4DA7-8F38-7F966AF61A9F,,,"297-BF-05","0252060",Bristol Bay Express - Naknek,1,3000,3000,,,,,true,false,false,false,,,,,DEC,,POINT (-156.9578857421875 58.7454833984375)
"90C4118D-4186-4481-B51A-59065E6E841C",,,"299-BF-06","0252060",Ocean Beauty Seafoods LLC - Naknek,2,4000,1000,3000,,,,false,false,true,false,,,,,DEC,,POINT (-157.0010986328125 58.7291259765625)
F86D1C30-E88A-4241-900F-40D7DF2C4CD5,,ANC-N-003,,"0252060","L&M Equipment, Inc. (Mobile), Naknek",,,,,,,,,,,true,,,,,,,POINT (-157.0198974609375 58.728271484375)
A4E517D5-660D-44FF-8062-76DD31080D64,,ANC-N-002,,"0252060","Bristol Alliance Fuels, Naknek",,,,,,,,,,,true,,,,,,,POINT (-157.0198974609375 58.728271484375)
B1DC4322-ACA2-4952-8441-A4D3090B3A4B,,ANC-N-007,,"0252060","OBI, Seafoods",,,,,,,,,,,true,,,,,,,POINT (-157.0198974609375 58.728271484375)
A4713C99-5157-4572-A54F-A37EA3C662B9,,ANC-N-010,"299-BF-03","0252060",Trident - Naknek,7,57000,1000,56000,,,,false,false,true,true,,,,,DEC,,POINT (-157.0089111328125 58.72869873046875)
B247D73E-FA98-4ADA-B5A2-DF5D34CAB83B,,,,"0252060",Naknek Engine Sales & SRV,3,7000,6000,1000,,,,,,,false,,,,,DEC,,POINT (-157.013427734375 58.728271484375)
"295FD225-B6F2-4408-B6BB-01783A2C272A",,,"299-BF-01","0252060",Leader Creek Fisheries Inc.,3,22000,1000,21000,,,,false,false,true,false,,,,,DEC,,POINT (-156.94879150390625 58.74627685546875)
"0411680E-36BE-42E5-838F-43ACC390DB99",,,,"0252060",D & D Restaurant,1,1000,,1000,,,,false,false,true,false,,,,,DEC,,POINT (-157.019287109375 58.727294921875)
"1C2508B3-735C-43E0-9062-C168E05E150F",,,"296-BF-02","0252060",Alaska General Seafoods - Naknek Freezer Plant,1,1100,,1100,,,,false,false,true,false,,,,,DEC,,POINT (-156.99359130859375 58.73187255859375)
"5CE63EE1-AE92-409F-8DF0-21A5339183C7",,,"297-BF-01","0252060",Delta Western - Naknek,1,5000,5000,,,,,true,false,false,false,,,,,DEC,,POINT (-157.0142822265625 58.72747802734375)
AA7002E5-8CA3-4134-810A-4979F830E599,,,,"0237540",Alutiiq Power Co.,1,50000,,50000,,,,true,false,false,false,,,,,DEC,,POINT (-154.45379638671875 57.56787109375)
E01B3F6B-7D46-4185-BC28-80C76DB7851D,,,"256-BF-02","0237540",Kodiak Island Borough School District - Karluk,1,8000,,8000,,,,false,false,true,false,,,,,DEC,,POINT (-154.43658447265625 57.56268310546875)
"13B3E9E9-88BD-4D8B-9BCC-BF79E45636FE",,,,"0286490",Delta Western - Yakutat Airport Facility,1,9000,,,,9000,,false,false,true,false,,,,,DEC,,POINT (-139.669677734375 59.50830078125)
"81F57A32-C25E-45ED-8E5B-08EB3D597D66",,,"465-BF-02","0286490",Yakutat ARFF,1,1000,,1000,,,,,,,false,,,,,DEC,,POINT (-139.67041015625 59.50732421875)
"38F563B1-7DA1-41FB-8710-987CB4E1C088",,,,"0286490",Alaska Village Electric Cooperative - Yakutat,2,23300,,23300,,,,,,,false,,,,,DEC,,POINT (-139.724609375 59.5452880859375)
"04C5B487-CBD8-4D4D-AAC8-176B1871C27C",,,"465-BF-01","0286490",Yakutat DOT&PF SREB,3,14000,1000,13000,,,,false,false,true,false,,,,,DEC,,POINT (-139.67291259765625 59.50732421875)
"7D5A8BD8-2EC3-4F0D-B29C-8A0C58165A4B",,,,"0241500",Koliganek Airport Maintenance Station,2,2000,,2000,,,,true,false,false,false,,,,,DEC,,POINT (-157.26702880859375 59.726318359375)
"95DF95A0-6956-4D5C-9D73-51AD61ADE160",,,,"0241500",Southwest Region School District - Koliganek,4,50000,,50000,,,,true,false,false,false,,,,,DEC,,POINT (-157.28582763671875 59.7269287109375)
"4E2499EB-5842-459B-B3A2-CB4C6798626A",,ANC-S-016,"407-BF-05","0268670",Iditarod School District - Shageluk,7,36000,,36000,,,,true,false,false,true,,,,,DEC,,POINT (-159.5343017578125 62.65472412109375)
BFADDBCA-BBE5-4380-8B00-E203145EC46E,,,"406-BF-04","0268670",Alaska Village Electric Cooperative - Shageluk,6,52700,,52700,,,,,,,false,,,,,DEC,,POINT (-159.53277587890625 62.6580810546875)
"7EEB830F-716D-4B7E-B1AA-0E90DA5C1C9A",,,,"0203110",Petro 49 - Anchor Point,5,40100,18500,10800,,10800,,false,false,true,false,,,,,DEC,,POINT (-151.8330078125 59.78369140625)
"4EE59B93-7660-4A46-98B0-D8E8DCE49350",,,,"0203110",North Fork Unit,1,5000,,5000,,,,false,false,true,false,,,,,DEC,,POINT (-151.63031005859375 59.79730224609375)
D9A44F25-7BD5-452C-B8EC-E436366772FE,,,"447-BF-02","0280660","West Coast Aviation Services, Inc. apron",2,4000,,,,4000,,true,false,false,false,,,,,DEC,,POINT (-160.7991943359375 63.88189697265625)
"233BA067-6BF5-4221-8448-2A6DD3131467",,,,"0280660","Unalakleet Bulk Tank Farm - West Coast Aviation Services, Inc.",8,415200,46600,93200,,275400,,true,false,false,false,,,,,DEC,,POINT (-160.7742919921875 63.88568115234375)
C0078B6F-6E82-4228-8A2C-24B01CE556CE,,ANC-U-001,"443-BF-01","0280660",Bering Strait School District - Unalakleet,8,197400,,,,197400,,true,false,false,true,,,,,DEC,,POINT (-160.79510498046875 63.87652587890625)
A2A6565E-0AB3-4959-BD55-0557CA9A3A1E,,,,"0280660",Unalakleet Bulk Tank Farm - Unalakleet Native Corporation,8,411000,138000,273000,,,,true,false,false,false,,,,,DEC,,POINT (-160.7742919921875 63.88568115234375)
BB305CE8-F6DD-43BD-84C8-0B5E833AF5C6,,,,"0280660",Unalakleet Bulk Tank Farm - Unalakleet Valley Electric Coop,7,410400,,410400,,,,true,false,false,false,,,,,DEC,,POINT (-160.7742919921875 63.88568115234375)
"5724C91B-F6B4-4EF2-B050-67E266B4E600",,ANC-U-003,"443-BF-02","0280660",City of Unalakleet,9,56500,9000,47500,,,,true,false,false,true,,,,,DEC,,POINT (-160.79571533203125 63.87591552734375)
D56D7018-E852-420A-B32D-D20B5B07A893,,,,"0280660",DOT&PF Unalakleet APT,3,9000,,9000,,,,false,true,false,false,,,,,DEC,,POINT (-160.79730224609375 63.8792724609375)
"621FCC2F-3A90-426E-A211-00250864F71E",,,,"0280660",Ounalashka Corporation,1,1500,,1500,,,,false,false,true,false,,,,,DEC,,POINT (-166.55072021484375 53.88287353515625)
"0348C10F-900C-4DEE-B116-5841EADCA147",,,,"0280660",GCI Communication Corp. - Unalakleet/Blueberry Repeater,2,9000,,9000,,,,false,true,false,false,,,,,DEC,,POINT (-160.8834228515625 63.98870849609375)
CD097E8A-4E3A-4726-A8A1-A9E1F06AE093,,,,"0255030",AK DOT&PF Nondalton,2,2000,,2000,,,,,,,false,,,,,DEC,,POINT (-154.83721923828125 59.97930908203125)
"7811C706-626D-4B66-9F85-1F802EFF04D4",,,"332-BF-02","0255030",Lake and Peninsula School District - Nondalton,3,13400,,13400,,,,false,true,false,false,,,,,DEC,,POINT (-154.857421875 59.9669189453125)
"9FE4EA49-0ACD-4C6A-89BF-F196359859F6",,,,"0206630",National Park Service - Gates of the Arctic,2,2500,,1000,,1500,,false,true,true,false,,,,,DEC,,POINT (-151.5137939453125 66.9180908203125)
ACFDB0DB-4CB5-4622-965E-BDE30178DF29,,,,"0206630","Wild Lake Exploration Drilling and Mining, LLC",1,19000,,19000,,,,false,false,true,false,,,,,DEC,,POINT (-151.5819091796875 67.47607421875)
DA9AE6EB-3E04-4550-A71C-981B511781C4,,,,"0206630",DOT&PF Bettles APT,1,3000,,3000,,,,false,true,false,false,,,,,DEC,,POINT (-151.51568603515625 66.9171142578125)
CD1EA217-9CF2-47B5-94D1-728942BB55A6,,,,"0206630",Alaska Power & Telephone - Bettles Power Generation Plant,4,85000,,85000,,,,,,,false,,,,,DEC,,POINT (-151.56927490234375 66.885498046875)
D99442DA-9542-41C2-88DE-A2C473548FDD,,,,"0206630",AT&T - Bettles - Kaaruck,2,5000,,5000,,,,false,true,false,false,,,,,DEC,,POINT (-149.82489013671875 67.66748046875)
ADDAB7A9-008D-4294-A74F-B722E49B32DC,,,,"0206630",AT&T - Bettles - Fish,4,5000,,5000,,,,false,true,false,false,,,,,DEC,,POINT (-150.4232177734375 66.52728271484375)
"683F0B16-0349-48D4-94B5-27C2D5DCB65B",,,"258-BF-01","0238420",Hilcorp - Kenai Hanger,1,4000,,,,4000,,false,false,true,false,,,,,DEC,,POINT (-151.24188232421875 60.5684814453125)
"1C49E7B5-4A11-4F71-8688-C1B006050B00",,,"258-BF-03","0238420",Hilcorp - Kenai Gas Field - Pad 41-18,1,1000,,1000,,,,false,false,true,false,,,,,DEC,,POINT (-151.2744140625 60.47467041015625)
"3AE11B7A-9B95-4700-8C9A-FA09FF447888",,,,"0238420","North Pacific Seafoods, Inc. - Kenai",2,6000,2000,4000,,,,false,false,true,false,,,,,DEC,,POINT (-151.25677490234375 60.53631591796875)
"3D2816B2-1E4C-4829-8327-9D3E324174AF",,,"257-BF-08","0238420",Crowley - Kenai Terminal,2,16000,6000,,,10000,,false,false,true,false,,,,,DEC,,POINT (-151.24407958984375 60.56671142578125)
"3A004E0D-AF41-4BAE-8AC7-D2B77DBE62FD",,,,"0238420","Weaver Bros., Inc. Kenai Terminal",4,53600,10000,16800,,26800,,false,false,true,false,,,,,DEC,,POINT (-151.3184814453125 60.5775146484375)
C42E7D33-D740-4F3C-88CE-CDCB54F1E1C1,,,,"0238420",NRC Alaska - Kenai,1,2500,,2500,,,,false,false,true,false,,,,,DEC,,POINT (-151.3280029296875 60.61932373046875)
"835A9532-B50F-4307-8766-44E644F988D9",,,"257-BF-11","0238420",Andeavor Kenai LNG Facility,1,1000,1000,,,,,false,false,true,false,,,,,DEC,,POINT (-147.8026123046875 64.8560791015625)
C253B60F-62F5-4774-B931-D13375BD8265,,,,"0238420",Kenai Peninsula Borough - Nikiski Fire Station 2,1,2010,,2010,,,,false,false,true,false,,,,,DEC,,POINT (-151.302978515625 60.7288818359375)
F93EBEDC-66D5-4E8B-82A0-9F5BDB091DD5,,,,"0238420",Kenai Peninsula Borough - Nikiski Fire Station 1,1,1000,,1000,,,,false,false,true,false,,,,,DEC,,POINT (-151.3416748046875 60.6292724609375)
AE3A12BF-C938-4998-B176-94765EAE7B73,,,,"0238420",State of Alaska Department of Corrections - Wildwood Correctional Complex,2,2000,1000,1000,,,,false,false,true,false,,,,,DEC,,POINT (-151.30279541015625 60.58331298828125)
"9D2D53BE-A6BE-4C90-B542-326627B0F06A",,,"257-BF-05","0238420",ConocoPhillips Kenai LNG Facility,4,7624,1000,6624,,,,false,false,true,false,,,,,DEC,,POINT (-151.3831787109375 60.67852783203125)
DEB163BB-3EFE-46BC-8642-B72714A3D58C,,,,"0238420",North Kenai Highway Station,1,2000,,2000,,,,false,false,true,false,,,,,DEC,,POINT (-151.31939697265625 60.71429443359375)
A2AD11A6-2429-4E57-BB30-097D389AED9F,,,"257-BF-19","0238420",City of Kenai,2,15000,7500,7500,,,,false,false,true,false,,,,,DEC,,POINT (-151.2196044921875 60.54412841796875)
"7ADDFF04-A12F-4F20-9F36-FAD9B1F27C15",,,,"0238420",Homer Electric Association - Kenai Service Center,2,10000,5000,5000,,,,false,false,true,false,,,,,DEC,,POINT (-151.2373046875 60.5634765625)
D5BCC064-B7B2-4BA0-8911-B9BB258591BB,,,"257-BF-14","0238420",Federal Aviation Administration - Kenai - ENA ARSR,1,3000,,3000,,,,false,false,true,false,,,,,DEC,,POINT (-151.28302001953125 60.615478515625)
"697E1F9D-6660-4785-A1A5-3883D9ED9847",,,"258-BF-02","0238420",Federal Aviation Administration - Kenai - ENA NXRAD,1,2000,,2000,,,,false,false,true,false,,,,,DEC,,POINT (-151.351318359375 60.72589111328125)
"9ADD91D4-F447-462A-9EFB-96369EBC0BD7",,,,"0200065",TDX Power - Adak,3,41080,,41080,,,,false,false,true,false,,,,,DEC,,POINT (-176.6239013671875 51.89849853515625)
"0B9968B0-1FAB-46A8-A897-B09A7BE54763",,ANC-A-017,,"0200065","Adak Petroleum Bulk Fuel (Mobile), Adak",,,,,,,,,,,true,,,,,,,POINT (-176.64031982421875 51.8682861328125)
"7B5BCFD2-7BED-41D4-9BC8-06B061D0765A",,ANC-A-042,,"0200065",AK DOT&PF Adak,1,1000,,1000,,,,,,,true,,,,,DEC,,POINT (-176.64251708984375 51.8751220703125)
"992B0451-5B75-4FCC-A203-B62B2E651A00",,ANC-A-001,,"0200065",Adak Petroleum Bulk Fuel Facility,4,71100,51100,,,20000,,true,false,false,true,,,,,DEC,,POINT (-176.65460205078125 51.853515625)
"6121CAE2-E172-4CC6-AB99-275B9172EB71",,ANC-A-049,,"0204210","City of Atka, Atka",,,,,,,,,,,true,,,,,,,POINT (-174.2001953125 52.1978759765625)
"2B9BCCF0-A8EA-4A79-A9A5-E5459C1CB96E",,,,"0204210",AK DOT&PF Atka,2,2000,,2000,,,,,,,false,,,,,DEC,,POINT (-174.206298828125 52.21612548828125)
"995EFEC8-6A75-4544-A383-B1F0A2AB57A7",,,,"0202080",North Slope Borough School District - Anaktuvuk Pass,3,4000,,4000,,,,false,true,false,false,,,,,DEC,,POINT (-151.73919677734375 68.139892578125)
B809753A-7350-4257-8302-029E3DAC7A41,,,"283-BF-04","0243810",AK DOT&PF Levelock,2,2000,,2000,,,,,,,false,,,,,DEC,,POINT (-156.86297607421875 59.126708984375)
"3DF22722-8282-47E1-8E71-78EB77A66857",,,"112-BF-02","0243810",Lake and Peninsula School District - Levelock,1,12000,,12000,,,,false,false,true,false,,,,,DEC,,POINT (-156.8577880859375 59.1129150390625)
"2454F76D-02D9-4ABB-9E2C-9AE77AE9E9E7",,,,"0217740",Alaska Power & Telephone - Craig False Island Power Generation Station,2,11000,,11000,,,,false,false,true,false,,,,,DEC,,POINT (-133.13409423828125 55.48931884765625)
"68CEEBF4-3767-4E8A-8301-6323FA775299",,,,"0217740",Silver Bay Seafoods - Craig,1,10000,,10000,,,,false,false,true,false,,,,,DEC,,POINT (-133.14080810546875 55.4876708984375)
"9AF54278-0AC3-48DB-83EF-B042D108462E",,,,"0217740",Alaska Power & Telephone - Craig Power Generation Station,1,10000,,10000,,,,false,false,true,false,,,,,DEC,,POINT (-133.148681640625 55.4769287109375)
C27C9D60-E59E-4014-ADA0-9D09317C648F,,,"149-BF-01","0217740",Craig High School,1,6000,,6000,,,,false,false,true,false,,,,,DEC,,POINT (-133.127685546875 55.48870849609375)
CC464040-DC6C-40F1-8945-651DE5EAB4F4,,,"257-BF-04","0238090","North Pacific Seafoods, Inc. - Kasilof",2,8000,4000,4000,,,,false,false,true,false,,,,,DEC,,POINT (-151.28460693359375 60.38409423828125)
"8DD95CDF-8767-4EB6-B07F-09F075FC7FEB",,,"257-BF-07","0238090",Icicle - Kasilof,3,7000,1050,5950,,,,false,false,true,false,,,,,DEC,,POINT (-151.28350830078125 60.38348388671875)
"9D76FA1D-AF1E-40E9-8EA2-47C4C9B0D071",,,,"0217190",Quartz Creek Highway Station,2,6000,,6000,,,,false,false,true,false,,,,,DEC,,POINT (-149.72369384765625 60.481689453125)
AA03A04C-1699-4D6B-9606-784F5118684C,,,"334-BF-01","0255910",GCI Communication Corp. - North OTN Fairbanks (North Pole Hub),1,3000,,3000,,,,false,false,true,false,,,,,DEC,,POINT (-147.56109619140625 64.81988525390625)
"9FCB9E11-BCB9-4736-AB12-985E5D526459",,,,"0255910",Badger Gas,1,2000,,2000,,,,false,false,true,false,,,,,DEC,,POINT (-147.4415283203125 64.8206787109375)
AAB281BB-64C6-44DD-AE7A-FBCC90EE0783,,,,"0255910",Colaska - North Pole - Twin Rich,4,13500,5000,8500,,,,false,false,true,false,,,,,DEC,,POINT (-147.536376953125 64.7977294921875)
"18E12583-BE85-4409-BB78-FE88AF66E31D",,,,"0255910",Colaska - North Pole - Southside,3,5000,,5000,,,,false,false,true,false,,,,,DEC,,POINT (-147.5692138671875 64.79412841796875)
D4480803-987D-48DA-80DF-D4C7F0E68FE3,,,,"0255910",Chena River Lakes Flood Control Project,2,7000,,7000,,,,false,false,true,false,,,,,DEC,,POINT (-147.2667236328125 64.73431396484375)
"06020A2C-EF28-4F96-B0C9-5E1ACFDCCE87",,,,"0255910",Golden Valley Electric Association - North Pole,3,53500,,51000,,2500,,false,false,true,false,,,,,DEC,,POINT (-147.34271240234375 64.73712158203125)
"011468FB-129F-4341-B443-F20118579BB5",,ANC-S-020,"407-BF-02","0268890",Bering Strait School District - Shaktoolik,1,3500,,3500,,,,true,false,false,true,,,,,DEC,,POINT (-161.194091796875 64.3538818359375)
B18E95A5-0733-4D86-A729-454A57417F73,,,"408-BF-01","0268890",Shaktoolik Tank Farm - Shaktoolik Native Corporation,11,106900,53000,53900,,,,true,false,false,false,,,,,DEC,,POINT (-161.18408203125 64.34832763671875)
C89DCAD2-C6AE-44E9-A966-0697EE252D72,,ANC-S-021,"408-BF-04","0268890",Shaktoolik Tank Farm - City of Shaktoolik,2,21600,,21600,,,,true,false,false,true,,,,,DEC,,POINT (-161.18408203125 64.34832763671875)
"2953E0F0-E16B-4151-819A-C5B384689FB0",,,"408-BF-05","0268890",Shaktoolik Tank Farm - Bering Strait School District,8,60100,,60100,,,,true,false,false,false,,,,,DEC,,POINT (-161.18408203125 64.34832763671875)
"17693B2B-AB4E-40C5-94D9-81021DD4C37F",,,"407-BF-03","0268890",Alaska Village Electric Cooperative - Shaktoolik,11,97800,,97800,,,,,,,false,,,,,DEC,,POINT (-161.1890869140625 64.35089111328125)
"17167C82-B94D-4D95-9821-759B8F922368",,,,"0229180",Golovin Tank Farm - Bering Strait School District,3,51400,,51400,,,,true,false,false,false,,,,,DEC,,POINT (-163.03509521484375 64.54290771484375)
"931CEEFB-1FB9-4F9D-8D10-D18DBC4CC1DF",,ANC-G-008,,"0229180",Golovin Tank Farm - City of Golovin,10,356404,28700,327704,,,,true,false,false,true,,,,,DEC,,POINT (-163.0364990234375 64.54290771484375)
"35BBA554-D208-4C21-B288-1FC24B34B9A2",,ANC-S-029,,"0269770","Native Store, Shishmaref",,,,,,,,,,,true,,,,,,,POINT (-166.0706787109375 66.255126953125)
"01A9966D-C1DC-47AA-949A-89D610D1E56E",,ANC-S-027,"408-BF-03","0269770",Alaska Village Electric Cooperative - Shishmaref,20,159800,,159800,,,,,,,true,,,,,DEC,,POINT (-166.07269287109375 66.2548828125)
"5B0C866F-F775-4190-B09B-985A2B276D31",,,"408-BF-02","0269770",Bering Strait School District - Shishmaref,3,52600,,52600,,,,true,false,false,false,,,,,DEC,,POINT (-166.07330322265625 66.255126953125)
"59E906D7-37C0-4DDE-A16A-8B52C5FE2DF3",,ANC-S-080,,"0269770",Nayokpuk General Store Tank Farm,3,81000,27000,54000,,,,true,false,false,true,,,,,DEC,,POINT (-166.0601806640625 66.2576904296875)
BEDF4DA1-CE41-487E-97C9-7DD236954746,,,,"0269770",City of Shishmaref,1,12000,,12000,,,,true,false,false,false,,,,,DEC,,POINT (-166.0609130859375 66.2576904296875)
F75EDA26-FB7A-4212-9A92-1EFC1B431DCE,,,"409-BF-05","0269770",Shishmaref Tank Farm,6,147500,60500,87000,,,,true,false,false,false,,,,,DEC,,POINT (-166.072998046875 66.2542724609375)
"5E39BCC6-8EBB-4E87-8E24-53576A9C08B3",,ANC-A-003,,"0200760",Akiachak Tank Farm - Akiachak Limited,10,400000,150000,250000,,,,true,false,false,true,,,,,DEC,,POINT (-161.4569091796875 60.9114990234375)
"0DD524A1-60B5-4049-833A-BCD12122BD6A",,,,"0200760",Akiachak Airport Maintenance Station,2,2000,,2000,,,,false,false,true,false,,,,,DEC,,POINT (-161.4857177734375 60.9171142578125)
"50B0DA07-CC55-4458-825A-5EAD7328F878",,,,"0200760",Yupiit School District - Akiachak,6,137000,9000,128000,,,,true,false,false,false,,,,,DEC,,POINT (-161.4569091796875 60.9114990234375)
ED065D32-B350-4A2B-A53C-282E4A15376A,,,,"0200760",Akiachak Tank Farm - Native Village of Akiachak,3,62000,,62000,,,,true,false,false,false,,,,,DEC,,POINT (-161.4569091796875 60.9114990234375)
C34CCB22-D514-4F25-9E87-638161362114,,,,"0249530",DOT&PF Minto APT,1,3000,,3000,,,,false,true,false,false,,,,,DEC,,POINT (-149.3662109375 65.14630126953125)
"1E4F5A63-4728-4AB5-B065-D3C091AC8E28",,,"295-BF-03","0249530",Minto Northfork Store,3,20000,10000,10000,,,,false,false,true,false,,,,,DEC,,POINT (-149.33837890625 65.1533203125)
E2861BD3-C905-4D5D-B58F-B62EF99C0B2D,,,,"0249530",Yukon Koyukuk School District - Minto,5,19000,,19000,,,,false,false,true,false,,,,,DEC,,POINT (-149.3477783203125 65.152099609375)
"366F32F8-C6B1-4774-BC82-2D10FA4CDEA5",,,,"0249530",Alaska Village Electric Cooperative - Minto,7,42000,,42000,,,,,,,false,,,,,DEC,,POINT (-149.35400390625 65.14788818359375)
D09AC76A-E60F-4EFE-915F-BDE854349BA0,,,,"0249530",Native Village of Minto,2,12000,,12000,,,,false,false,true,false,,,,,DEC,,POINT (-149.35400390625 65.14788818359375)
D60CDEBF-4FAB-4440-A647-D4CC1187D243,,,,"0201090",Aleutians East Borough School District - Akutan,2,2400,,2400,,,,,,,false,,,,,DEC,,POINT (-165.772216796875 54.1348876953125)
"67A427B8-24AF-46E3-82E0-0740A89A2760",,,,"0201090",City of Akutan,5,92000,,92000,,,,false,false,true,false,,,,,DEC,,POINT (-165.777587890625 54.13409423828125)
"3DC23E6C-2C08-4283-9119-F36339ABBD1A",,,,"0201090",AK DOT&PF Akutan,2,7500,,7500,,,,,,,false,,,,,DEC,,POINT (-165.6038818359375 54.14447021484375)
"7194E7D0-61E4-4529-9365-D335C386020F",,,,"0271640",Petro 49 - Soldotna - Alaska Oil Sales,5,104000,40000,44000,,20000,,false,false,true,false,,,,,DEC,,POINT (-151.1583251953125 60.4910888671875)
EFB8BB07-4BF6-42EF-8860-505B1E26AE40,,,"415-BF-02","0271640",Kenai Peninsula Borough - Central Landill - Soldotna,1,1100,,1100,,,,false,false,true,false,,,,,DEC,,POINT (-151.10968017578125 60.4459228515625)
C1258475-1FC1-491C-9142-9658BFEEF0FB,,,,"0271640",University of Alaska - Soldotna,1,1700,,1700,,,,false,false,true,false,,,,,DEC,,POINT (-151.1328125 60.48687744140625)
EEF98AEC-B3D9-49F8-B68D-1051218EE404,,,,"0271640",Kenai Peninsula Borough - Soldotna High School,1,1000,,1000,,,,false,false,true,false,,,,,DEC,,POINT (-151.09698486328125 60.4935302734375)
"3282A734-D7C0-4BDC-988C-4806E34D3B0F",,,"415-BF-09","0271640",Kenai Peninsula Borough - Soldotna Maintenance Shop,1,2000,2000,,,,,false,false,true,false,,,,,DEC,,POINT (-151.14959716796875 60.48828125)
B9036553-889F-4AA5-B39F-08B8BACE8D3F,,,"415-BF-07","0271640",Kenai Peninsula Borough - Administration Building - Soldotna,1,1500,,1500,,,,false,false,true,false,,,,,DEC,,POINT (-151.0709228515625 60.48907470703125)
"80AD0D72-EDDF-414A-AB9A-6958587FD3E6",,,"415-BF-06","0271640",Kenai Peninsula Borough - Soldotna Warehouse,1,1000,,1000,,,,false,false,true,false,,,,,DEC,,POINT (-151.06817626953125 60.49090576171875)
"01CC0E0C-B1D0-4ACE-BB8C-7D124D55C13C",,,,"0271640",Alaska Waste - Kenai Peninsula,1,8000,,8000,,,,false,false,true,false,,,,,DEC,,POINT (-151.14599609375 60.4932861328125)
F838A24B-74C8-4827-BDA2-B393AB91F423,,,,"0271640",Soldotna Highway Station,1,4000,,4000,,,,false,false,true,false,,,,,DEC,,POINT (-151.097412109375 60.453125)
A530462C-BE7E-4917-B358-72FCC00AFB68,,,"305-BF-03","0252845",Southeast Island School District - Naukati,1,2000,,2000,,,,false,false,true,false,,,,,DEC,,POINT (-133.20257568359375 55.868896484375)
FDBC58AD-8866-43BC-880C-54DBF59C43F6,,,"297-BF-03","0252845",Alaska Power & Telephone - Naukati Power Generation Station,1,4000,,4000,,,,false,false,true,false,,,,,DEC,,POINT (-133.215576171875 55.86871337890625)
F729F6FD-CA95-4695-B3B0-6992D56CFD1B,,,,"0201860",DOT&PF Allakaket APT,1,1000,,1000,,,,false,true,false,false,,,,,DEC,,POINT (-152.62939453125 66.54949951171875)
FACB07C6-BCA3-48B2-85F6-AC60C6860B65,,,,"0201860",Allakaket Tank Farm - City of Allakaket,4,20000,10000,10000,,,,false,true,false,false,,,,,DEC,,POINT (-152.63671875 66.54730224609375)
"5FAA65FF-9E91-4893-ADFF-78AC5B432EE0",,,,"0201860",Alatna Village Tank Farm,2,15000,5000,10000,,,,false,true,false,false,,,,,DEC,,POINT (-152.6326904296875 66.54931640625)
"72D561CA-BBAD-4D27-A4F4-0FC17DF9CAD6",,,,"0201860",Allakaket Tank Farm - Yukon Koyukuk School District,7,29000,,29000,,,,false,true,false,false,,,,,DEC,,POINT (-152.64410400390625 66.5634765625)
A7EA9E25-E914-4577-97C7-9D9E1A63BD1C,,,,"0201860",Allakaket Tank Farm - Alaska Power & Telephone,3,16000,,16000,,,,false,true,false,false,,,,,DEC,,POINT (-152.6444091796875 66.54608154296875)
"0CA1F24C-70BD-456D-A855-67322ADA7ECC",,,,"0201420",Southwest Region School District - Aleknagik,2,22000,,22000,,,,false,false,true,false,,,,,DEC,,POINT (-158.6243896484375 59.27947998046875)
"2987CCEB-7A5C-41D0-A9DE-C028E4D0605D",,,,"0201420",GCI Communication Corp. - Agulowak Lodge,5,5000,,5000,,,,false,false,true,false,,,,,DEC,,POINT (-158.84222412109375 59.43048095703125)
A8B50C02-94E9-4108-AA7E-7EE23CC1EEF2,,,,"0230060",Grayling Fuel Co.,,,,,,,,true,false,false,false,,,,,USCG,,POINT (-160.06451416015625 62.90667724609375)
"3ACCCEC3-494E-4C62-BEDC-7721843C1601",,,,"0230060",Alaska Village Electric Cooperative - Grayling,8,66300,,66300,,,,,,,false,,,,,DEC,,POINT (-160.06439208984375 62.9071044921875)
ABAD2EE2-9E85-4C4A-B842-A3C00F4B54B7,,,,"0230060",Iditarod Area School District - Grayling,2,3300,,3300,,,,true,false,false,false,,,,,DEC,,POINT (-160.06549072265625 62.90570068359375)
CAAC5221-829D-4B94-872F-BF7B98979A46,,,,"0230060",GCI Communication Corp. - Elliott Microwave Repeater,2,9000,,9000,,,,false,true,false,false,,,,,DEC,,POINT (-152.74078369140625 65.2542724609375)
AF0B22FA-9863-4EEB-8301-672C0FE42AEB,,,,"0230060",GCI Communication Corp. - Grayling Repeater,2,9000,,9000,,,,false,true,false,false,,,,,DEC,,POINT (-160.17437744140625 62.9581298828125)
"369BD22E-80EC-4EA0-89F9-C6FFE57A172E",,,,"0263610",Kodiak Island Borough School District - Port Lions,1,2000,,2000,,,,false,false,true,false,,,,,DEC,,POINT (-152.87908935546875 57.868896484375)
"1E92352C-691A-49A5-B8E8-782773562097",,,"370-BF-01","0263610","Kizhuyak Oil Sales, Inc.",6,96000,32000,64000,,,,true,false,false,false,,,,,DEC,,POINT (-152.8563232421875 57.86248779296875)
"7468E915-540F-4DD3-9191-E29646D8AD4F",,,"264-BF-18","0239630",Federal Aviation Administration - King Salmon - AKN NXRAD,1,2000,,2000,,,,false,false,true,false,,,,,DEC,,POINT (-156.62939453125 58.67950439453125)
"4BAF775A-D866-4D12-81DE-CE93DE008CF2",,,"264-BF-01","0239630",State of Alaska Department of Fish and Game - King Salmon,4,11000,2000,9000,,,,false,false,true,false,,,,,DEC,,POINT (-156.661376953125 58.6884765625)
"1973D7CD-DCB2-4263-84C7-FC0656D1FEEE",,,"264-BF-17","0239630",AK DOT&PF King Salmon,2,7000,,7000,,,,,,,false,,,,,DEC,,POINT (-156.65582275390625 58.6759033203125)
"902FD68A-9632-42F4-9216-EA07E1A8598E",,,"264-BF-20","0239630",Katmailand/Katmai Air Docking and Re-Fueling Facility,1,2000,,2000,,,,false,false,true,false,,,,,DEC,,POINT (-156.65972900390625 58.6727294921875)
"2252CEB0-6807-417D-BB44-607C323ACE41",,,,"0239630",National Park Service - Katmai - King Salmon Facilities,3,9500,,9500,,,,false,false,true,false,,,,,DEC,,POINT (-156.6680908203125 58.68170166015625)
"9D8422E9-699D-4E93-870C-660389356C64",,,"264-BF-19","0239630",Bristol Bay Express - King Salmon,1,4000,4000,,,,,true,false,false,false,,,,,DEC,,POINT (-156.6702880859375 58.6837158203125)
E1382C04-8BCB-4CB3-8640-A3678801E8F8,,,"264-BF-21","0239630",AT&T - King Salmon,1,1000,,1000,,,,false,false,true,false,,,,,DEC,,POINT (-156.548583984375 58.755126953125)
B5C82EF4-79DB-417C-9A44-A90C8CBCF6EC,,,"278-BF-04","0241940",Alaska Army National Guard -  Koyuk Readiness Center,1,1500,,1500,,,,false,false,true,false,,,,,DEC,,POINT (-161.1588134765625 64.9312744140625)
D4FB8AB8-618F-4FBA-BDDC-292B669758E6,,ANC-K-045,,"0241940",Koyuk Tank Farm - Bering Strait School District,4,83000,,83000,,,,true,false,false,true,,,,,DEC,,POINT (-161.1571044921875 64.93212890625)
"63F62819-A90B-4541-A5A3-05D54AEF64DC",,ANC-K-046,,"0241940",Koyuk Tank Farm - City of Koyuk,5,120000,,120000,,,,,,,true,,,,,DEC,,POINT (-161.1680908203125 64.931884765625)
"2D4608DF-39F1-4BF7-A6E8-1204529443BC",,,,"0241940",Koyuk Tank Farm - Koyuk Native Corporation,5,94500,94500,,,,,,,,false,,,,,DEC,,POINT (-161.16778564453125 64.931884765625)
B70644C4-0854-45E2-B80A-F541CEB000BF,,,,"0241940",Koyuk Tank Farm - Alaska Village Electric Cooperative,5,135000,,135000,,,,,,,false,,,,,DEC,,POINT (-161.16748046875 64.93212890625)
"27B88589-90C2-450B-9FDE-9781E9220650",,,,"0246780",DOT&PF Manley APT ,1,3000,,3000,,,,false,false,true,false,,,,,DEC,,POINT (-150.63800048828125 64.99847412109375)
"18521C94-5BEA-4B54-9043-F330F2BBC359",,,,"0246780",TDX Power - Manley,1,10000,,10000,,,,false,false,true,false,,,,,DEC,,POINT (-150.63360595703125 64.9945068359375)
"553EA5B8-F7A2-4B10-AC7C-2CE7F6E2B7DD",,,,"0246780",Yukon Koyukuk School District - Manley,1,8000,,8000,,,,false,false,true,false,,,,,DEC,,POINT (-150.63690185546875 64.99591064453125)
ACE4A6F5-F863-43EC-A3D7-F3D44ED62F64,,,,"0246780",DOT&PF Manley MS,3,9000,1000,8000,,,,false,false,true,false,,,,,DEC,,POINT (-150.6123046875 65.00732421875)
D01F6BDD-1243-4DD4-8535-C3B8E665FA0C,,,,"0265590",DOT&PF Ruby APT,1,2000,,2000,,,,false,true,false,false,,,,,DEC,,POINT (-155.46148681640625 64.73431396484375)
"0038F2D1-22F0-45C9-B78F-02C0A50909B1",,,"380-BF-02","0265590",Yukon Koyukuk School District - Ruby,3,13000,,13000,,,,false,false,true,false,,,,,DEC,,POINT (-155.46722412109375 64.74127197265625)
"96FE6742-CA6A-4170-A567-DAE43F26A7A6",,,,"0268230",Alaska Army National Guard -  Selawik Readiness Center,1,1500,,1500,,,,false,false,true,false,,,,,DEC,,POINT (-160.0032958984375 66.60211181640625)
D9B91291-5840-478F-A822-A19E95DA2C23,,,,"0268230",DOT&PF Selawik APT ,1,3000,,3000,,,,false,true,false,false,,,,,DEC,,POINT (-159.99688720703125 66.60028076171875)
B80548E9-C5CF-4823-A943-82BB8ADF4D12,,ANC-S-012,"401-BF-05","0268230",Selawik Tank Farm - Northwest Arctic Borough School District,5,151100,,151100,,,,true,false,false,true,,,,,DEC,,POINT (-160.01641845703125 66.60687255859375)
DC60B9F5-62A5-457E-A0B7-8BA4851ABE97,,ANC-S-000,"401-BF-04","0268230",Selawik Tank Farm - City of Selawik,2,52000,,52000,,,,true,false,false,true,,,,,DEC,,POINT (-160.01629638671875 66.60687255859375)
B4D5EE26-39E2-46BF-B83C-B634BBA008EB,,,,"0268230",Selawik Tank Farm - Alaska Village Electric Cooperative,8,295000,,295000,,,,true,false,false,false,,,,,DEC,,POINT (-160.01611328125 66.606689453125)
"683148F1-46BD-434C-AB08-C53F625B71F6",,,,"0268230",Selawik Apartments,2,31000,,31000,,,,true,false,false,false,,,,,DEC,,POINT (-160.01470947265625 66.6038818359375)
"334C590E-C868-4E01-B720-DAA166356DAA",,ANC-S-013,,"0268230","NIHA, Selawik",,,,,,,,,,,true,,,,,,,POINT (-160.010009765625 66.6044921875)
"3D022116-FC74-4A74-85B7-3FF086A4E087",,ANC-P-006,,"0260750",Alaska Village Electric Cooperative - Pilot Station,7,189000,,189000,,,,,,,true,,,,,DEC,,POINT (-162.8909912109375 61.93768310546875)
D54EFE07-2827-4A72-B381-179D181BB4F4,,,,"0260750",Lower Yukon School District - Pilot Station,4,65000,3000,62000,,,,true,false,false,false,,,,,DEC,,POINT (-162.89068603515625 61.9359130859375)
"03F321AF-CAA8-4847-90D5-81CA044AF4AA",,,"345-BF-02","0256320",North Slope Borough School District - Nuiqsut,1,2500,,2500,,,,false,false,true,false,,,,,DEC,,POINT (-150.9949951171875 70.21990966796875)
"88271815-7933-4E45-98AD-F580F1F4EAE0",,,"122-BF-06","0210150",Denali Borough School District - Cantwell,1,3000,,3000,,,,false,false,true,false,,,,,DEC,,POINT (-148.965087890625 63.39208984375)
"6E789582-AAC2-485A-B989-37C7DF0A9867",,,"122-BF-02","0210150",DOT&PF Cantwell MS ,1,5000,5000,,,,,false,false,true,false,,,,,DEC,,POINT (-148.88519287109375 63.38909912109375)
F5EEFC5C-66FC-4AD0-ABCE-A2FE24FE5CEC,,,,"0210150",Alaska Railroad - Cantwell,1,1000,,1000,,,,false,false,true,false,,,,,DEC,,POINT (-148.95147705078125 63.39129638671875)
B9EB1A03-7098-44D3-8382-43D1EC13C97A,,,"122-BF-07","0210150",Cantwell Community Hall,1,1000,,1000,,,,false,false,true,false,,,,,DEC,,POINT (-148.91668701171875 63.39312744140625)
AB061DFF-3825-4970-BD3B-DCD11F9B692B,,,"263-BF-02","0239410",Aleutians East Borough School District - King Cove,1,2000,,2000,,,,,,,false,,,,,DEC,,POINT (-162.29522705078125 55.04730224609375)
BACAEA02-40B4-467A-B3B9-39C3197CF50D,,,"263-BF-03","0239410",Alaska Commercial Company - King Salmon,1,4000,4000,,,,,false,false,true,false,,,,,DEC,,POINT (-156.672119140625 58.68389892578125)
A88A4221-EFB5-4D98-BE34-4E1A9CA8C2A3,,,,"0255140",Noorvik Tank Farm - Morris Trading Post,4,68100,32300,35800,,,,true,false,false,false,,,,,DEC,,POINT (-161.03900146484375 66.83367919921875)
B15585A9-81DC-44FE-B56A-EDA5807B30C5,,,,"0255140",Noorvik Tank Farm - Northweat Arctic Borough School District,9,100400,,100400,,,,true,false,false,false,,,,,DEC,,POINT (-161.03900146484375 66.83367919921875)
F121AA8F-FCE6-469A-AD26-98BD7D63BAEA,,ANC-N-049,"332-BF-03","0255140",Alaska Village Electric Cooperative - Noorvik,8,216000,,216000,,,,,,,true,,,,,DEC,,POINT (-161.03839111328125 66.83428955078125)
"7D5DD3B9-E5D6-45BD-B266-F9F00C019C01",,ANC-N-053,,"0255140","Noorvik Consolidated, Noorvik",,,,,,,,,,,true,,,,,,,POINT (-161.04681396484375 66.83349609375)
"1F236E12-D209-41AD-B142-115193CFD5C5",,,,"0255140",Noorvik Tank Farm - City of Noorvik,3,50600,,50600,,,,true,false,false,false,,,,,DEC,,POINT (-161.03900146484375 66.83367919921875)
"4DBA97A7-7784-44F2-9ECF-001A573B6035",,,,"0255140",Noorvik Tank Farm - Noorvik Native Store,7,143400,72300,71100,,,,true,false,false,false,,,,,DEC,,POINT (-161.03900146484375 66.83367919921875)
"04274DBD-1CBE-4D49-BE5E-C0038176D2C6",,,"435-BF-03","0279120",Tuntutuliak Airport Maintenance Station,2,2000,,2000,,,,false,false,true,false,,,,,DEC,,POINT (-162.65789794921875 60.3507080078125)
A203032F-1412-4EF3-918D-A214669EF4B4,,,,"0216530",Federal Aviation Administration - Cold Bay - CDB BLDG,1,1000,,1000,,,,false,false,true,false,,,,,DEC,,POINT (-162.72442626953125 55.205078125)
EAEFD0BA-2E87-4EE1-AE9D-B356943D2788,,,,"0216530",AK DOT&PF Cold Bay,6,10000,1000,9000,,,,false,false,true,false,,,,,DEC,,POINT (-162.71990966796875 55.20391845703125)
DE28396A-DEE2-44C9-B2DA-6D1A8CF2EFCE,,,,"0216530",Aleutians East Borough School District - Cold Bay,2,8000,,8000,,,,false,false,true,false,,,,,DEC,,POINT (-162.7197265625 55.2047119140625)
"4B0AE969-B2AA-4C9A-8CDC-8C82BEB37F87",,,,"0216530",Cold Bay FOL,2,4000,,4000,,,,false,false,true,false,,,,,DEC,,POINT (-162.71917724609375 55.202880859375)
"5184FF81-0EA3-40D8-BE90-3BC711B1E23A",,ANC-C-026,,"0216530","Crowley Fuels, Cold Bay",,,,,,,,,,,true,,,,,,,POINT (-162.71490478515625 55.20648193359375)
"5F66D6A9-1B61-40A5-B639-1546DF189A85",,,,"0216530",Federal Aviation Administration - Cold Bay - CDB Shop,1,1000,,1000,,,,false,false,true,false,,,,,DEC,,POINT (-162.7244873046875 55.205322265625)
"8953AD58-33A2-4CD1-9E57-4E6D032987BA",,,,"0216530",AT&T - Cold Bay,1,1000,,1000,,,,false,false,true,false,,,,,DEC,,POINT (-162.72308349609375 55.20867919921875)
"313FC53D-9310-4320-BE69-18364F32B047",,,,"0236400",NorthStar Helicopters North Douglas Helibase,2,2000,,2000,,,,false,false,true,false,,,,,DEC,,POINT (-134.498291015625 58.3319091796875)
"9A09CCA7-74E0-41A4-A6D8-9D72251E909D",,,"246-BF-01","0236400",Alaska Electric Light and Power - Snettisham,3,16000,5000,11000,,,,,,,false,,,,,DEC,,POINT (-134.1494140625 58.207275390625)
BCBAA36E-1FD6-4388-B636-77F2EFC7E596,,,,"0236400",State of Alaska Department of Corrections - Lemon Creek Correctional Center,3,19000,1000,18000,,,,false,false,true,false,,,,,DEC,,POINT (-134.48260498046875 58.3623046875)
"5A94EA96-3E72-4421-86AE-82D2C8836A97",,,"246-BF-02","0236400","Coastal Fuel, Inc",1,6000,,,,6000,,false,false,true,false,,,,,DEC,,POINT (-134.580810546875 58.35809326171875)
"8B6EF195-8E41-4B4A-A704-BC446DAE2FBC",,,,"0236400",Alaska Power & Telephone - Auke Mountain Microwave Tower,2,6000,,6000,,,,false,true,false,false,,,,,DEC,,POINT (-134.715087890625 58.3936767578125)
E8EBA337-4E99-462B-B598-48ACEC1CF721,,,"246-BF-03","0236400",Colaska - Secon/AggPro Juneau,2,2000,,2000,,,,false,false,true,false,,,,,DEC,,POINT (-134.5020751953125 58.35430908203125)
CB681F0F-2520-4EDD-ADBB-7F514E5CB705,,,,"0236400",Alaska Electric Light and Power - Auke Bay Generation Station,1,125000,,125000,,,,false,false,true,false,,,,,DEC,,POINT (-134.6444091796875 58.38787841796875)
"4F5A3756-C467-4F7F-BE1D-773559BD5A00",,,,"0236400",Federal Aviation Administration - Juneau - JNU LDIN 2 SX,1,1000,,1000,,,,false,false,true,false,,,,,DEC,,POINT (-134.5745849609375 58.35467529296875)
B8EB3AD2-B5B7-4B0B-A66C-A6BF78D8D867,,,,"0236400",GCI Communication Corp. - JUN - DC & ES,1,1000,,1000,,,,false,false,true,false,,,,,DEC,,POINT (-134.38262939453125 58.2864990234375)
"6FE55817-54F1-4D23-9AA5-C0E1D138A819",,,,"0236400",Federal Aviation Administration - Juneau - JNU LDIN 3,1,1000,,1000,,,,false,false,true,false,,,,,DEC,,POINT (-134.6361083984375 58.35870361328125)
B1155E19-CC5E-4A58-978B-634BB0EF5F61,,,,"0236400",Federal Aviation Administration - Juneau - JNU LDIN 1,1,1000,,1000,,,,false,false,true,false,,,,,DEC,,POINT (-134.5745849609375 58.35467529296875)
"73E14F94-CC4A-4023-8BB4-D48EE37FA854",,,,"0236400",Federal Aviation Administration - Juneau - JDL LDA SX,1,1000,,1000,,,,false,false,true,false,,,,,DEC,,POINT (-134.6361083984375 58.35870361328125)
"973EB153-3564-4267-A075-6C6E8D0F454D",,,,"0236400",Petro 49 - Juneau - Auke Bay Marina,2,20000,10000,10000,,,,false,false,true,false,,,,,DEC,,POINT (-134.64459228515625 58.38629150390625)
B81A6E58-57B2-4A7D-980B-3DA6129191C0,,,"245-BF-01","0236400",Alaska Electric Light and Power - Lake Dorothy,1,2000,,2000,,,,,,,false,,,,,DEC,,POINT (-134.0540771484375 58.23248291015625)
"902C403F-FA1A-4FCC-8980-CD8418AD8F61",,,,"0236400",University of Alaska - Southeast,1,2500,,2500,,,,false,false,true,false,,,,,DEC,,POINT (-134.64630126953125 58.39129638671875)
"655E73A8-FE86-45FD-98CC-00AD1AE0EB19",,,,"0236400",Alaska Electric Light and Power - Lemon Creek,2,200000,,200000,,,,false,false,true,false,,,,,DEC,,POINT (-134.4954833984375 58.35369873046875)
E4218125-2B99-44D5-8CFD-349D1CAA389F,,,,"0236400",Alaska Electric Light and Power - Gold Creek,1,15000,,15000,,,,false,false,true,false,,,,,DEC,,POINT (-134.41729736328125 58.3018798828125)
F7C0D388-EB07-4DCE-80C9-FF3BB5BD234F,,,,"0236400",Petro 49 - Juneau - Petro Marine Goldbelt Marina,1,5000,,5000,,,,false,false,true,false,,,,,DEC,,POINT (-134.4097900390625 58.29931640625)
"2F376614-6B0B-4D87-B112-D5A784EEF8CB",,,,"0236400",Alaska Army National Guard -  Juneau Readiness Center,2,3600,,3600,,,,false,false,true,false,,,,,DEC,,POINT (-134.6453857421875 58.39007568359375)
CC97B0FE-5F7B-484B-BCA6-F6A7AEC05666,,,,"0236400",CG Station Juneau,1,1500,,1500,,,,false,false,true,false,,,,,DEC,,POINT (-134.41278076171875 58.2987060546875)
CB050A66-FBE4-4B19-A6CB-68222A86FE8B,,,,"0236400",Alaska Army National Guard - Juneau AAOF,1,6000,,6000,,,,false,false,true,false,,,,,DEC,,POINT (-134.56781005859375 58.35791015625)
"9EEEFD45-9229-41CC-9C88-B8BAF8D02172",,,,"0236400",Aero Services Juneau,1,20000,,,,20000,,false,false,true,false,,,,,DEC,,POINT (-134.589111328125 58.3623046875)
FD9A149F-BACE-4BFC-8875-99A90D1FC7C9,,,,"0236400",Riverbend Elementary School,1,8000,,8000,,,,false,false,true,false,,,,,DEC,,POINT (-134.591796875 58.3751220703125)
FF7AD52D-4ED4-4440-8BE8-F4F4F99CAB0E,,,,"0236400",Delta Western - Juneau Airport,3,90000,,,,90000,,false,false,true,false,,,,,DEC,,POINT (-134.5889892578125 58.36248779296875)
BC94FCDF-0AAC-4F61-B6A6-1F6A6D21D34F,,,,"0236400",Alaska Airlines - Juneau,1,1000,,1000,,,,false,false,true,false,,,,,DEC,,POINT (-134.58380126953125 58.35931396484375)
"9AF340FB-79A0-4D54-9807-CA77612ABF42",,,,"0236400",Federal Aviation Administration - Coghlan Island - CGL NDB PX,1,10000,,10000,,,,true,false,false,false,,,,,DEC,,POINT (-134.69940185546875 58.3594970703125)
AC577471-586A-4960-BE1D-80611DE3D2C9,,,,"0236400",Kensington Gold Mine,6,44200,,44200,,,,true,false,false,false,,,,,DEC,,POINT (-135.04400634765625 58.84088134765625)
"6C1F0595-0E71-4B73-93E4-3141333E00A4",,,,"0236400",AT&T - Juneau - Lena Point,1,1000,,1000,,,,false,false,true,false,,,,,DEC,,POINT (-134.7681884765625 58.39227294921875)
"6EE1A097-EE5D-483C-B97B-60235650AA97",,,,"0236400",Juneau DOT&PF 7-Mile Office Complex,1,3000,,3000,,,,false,false,true,false,,,,,DEC,,POINT (-134.5264892578125 58.36029052734375)
"30444699-5371-436C-A9D1-539FB28CFDBF",,,"242-BF-01","0236400",Alaska Electric Light and Power - Juneau - Industrial Power Plant,2,100000,,100000,,,,false,false,true,false,,,,,DEC,,POINT (-134.60791015625 58.36749267578125)
"19A80AE5-C3F6-4CD4-9420-5EBE3D700780",,,,"0277800",Three Bears #01 Tok,3,30000,18000,12000,,,,false,false,true,false,,,,,DEC,,POINT (-142.964111328125 63.33349609375)
"720D43B6-8FEC-4D1D-A5CD-FBBE51863E44",,,,"0277800",Alaska Power & Telephone - Tok Power Generation Station,1,30000,,30000,,,,,,,false,,,,,DEC,,POINT (-142.997802734375 63.33587646484375)
"17AE2E7D-2835-4E26-B1ED-BE3B1E2035DA",,,,"0277800",DOT&PF Tok Weigh Station,2,2000,,2000,,,,false,false,true,false,,,,,DEC,,POINT (-142.80877685546875 63.32269287109375)
"5B3A4427-3CF1-47FE-8D8F-D47DD33BE928",,,,"0277800",DOT&PF Tok MS,4,9500,3000,6500,,,,false,false,true,false,,,,,DEC,,POINT (-142.99530029296875 63.32611083984375)
"6AB69FE3-8865-4F3E-929D-ADAA25394B3E",,,,"0277800",Alaska Gateway School District - Tok,2,2000,,2000,,,,false,false,true,false,,,,,DEC,,POINT (-142.95892333984375 63.3331298828125)
"9E268AE2-297F-439B-9514-9CF4C2F92C36",,,,"0201970",Alaska Village Electric Cooperative - Ambler,12,100100,,100100,,,,,,,false,,,,,DEC,,POINT (-157.8568115234375 67.08770751953125)
F9896EFC-C80E-4D8F-9717-DEC9D59550B7,,,,"0201970",DOT&PF Ambler APT ,1,1000,,1000,,,,false,true,false,false,,,,,DEC,,POINT (-157.856201171875 67.10052490234375)
B7865DED-BA93-4C1A-8624-E2191CB6ED2E,,ANC-A-015,,"0201970",Northwest Arctic Borough School District - Ambler,5,59400,,59400,,,,true,false,false,true,,,,,DEC,,POINT (-157.859375 67.0863037109375)
"8E9C13BE-51FB-4A86-A897-0DC38BB3C6A4",,,,"0259540",Lake and Peninsula School District - Pedro Bay,2,20000,,20000,,,,false,false,true,false,,,,,DEC,,POINT (-154.09918212890625 59.7874755859375)
CFEEF21E-22F1-43C9-9C18-375689F362A6,,,,"0259540",AK DOT&PF Pedro Bay,1,1000,,1000,,,,,,,false,,,,,DEC,,POINT (-154.131591796875 59.7965087890625)
"2CF279D7-7465-4DE6-B7F7-C8078D9808C0",,,,"0259540",Pedro Bay Village Council,7,65000,20000,45000,,,,false,true,false,false,,,,,DEC,,POINT (-154.10400390625 59.7886962890625)
"5DEC0033-91A2-4B58-93E2-945AFDAA8725",,,"203-BF-10","0227420",University of Alaska Fairbanks - Gakona,3,36000,,36000,,,,false,false,true,false,,,,,DEC,,POINT (-145.13128662109375 62.39129638671875)
"679E2DA1-DC50-426B-B1F2-F6DC8D2DB1AD",,,"203-BF-03","0227420",AT&T - Gakona,1,1000,,1000,,,,false,false,true,false,,,,,DEC,,POINT (-145.248291015625 62.33929443359375)
"76B6513B-5CFF-4872-96F9-6D2907D54615",,,,"0259650",City of Pelican,8,86000,32000,54000,,,,false,true,false,false,,,,,DEC,,POINT (-136.2318115234375 57.96148681640625)
"7FAAB439-FAD9-4983-9F0D-8B67F366F7BA",,,,"0258660",NRC Alaska - Palmer,1,19964,,19964,,,,false,false,true,false,,,,,DEC,,POINT (-149.1143798828125 61.5863037109375)
"844A9392-863B-4FA8-889B-0947AB68248D",,,"353-BF-01","0258660",City of Palmer,2,8000,4000,4000,,,,false,false,true,false,,,,,DEC,,POINT (-149.113525390625 61.59027099609375)
E6AB9F80-923B-43FA-B7E0-74FB0874B59A,,,"315-BF-04","0258660",AT&T - Palmer - Sheep Mountain,1,3000,,3000,,,,false,false,true,false,,,,,DEC,,POINT (-147.67559814453125 61.7880859375)
"8CC32BC7-7206-4A37-AD96-8E8D803BE4FA",,,"353-BF-05","0258660",AT&T - Palmer - Nek Lake,1,2000,,2000,,,,false,false,true,false,,,,,DEC,,POINT (-149.256591796875 61.619873046875)
"96C86C0C-2A57-4A26-94E5-72600F5A5FCC",,,,"0258660",University of Alaska Fairbanks - Palmer,2,2000,1000,1000,,,,false,false,true,false,,,,,DEC,,POINT (-149.24951171875 61.5662841796875)
E97E7FA3-5A3B-497A-9EFF-6E3E1832C369,,,"353-BF-03","0258660",Crowley - Palmer,2,5000,,5000,,,,false,false,true,false,,,,,DEC,,POINT (-149.11199951171875 61.60107421875)
"8CD94505-4EC1-4C3E-A3F9-4648A47F56CC",,,,"0258660",State of Alaska Department of Corrections - Mat-Su Pretrial Facility,1,3000,,3000,,,,false,false,true,false,,,,,DEC,,POINT (-149.1090087890625 61.60211181640625)
"1357CE94-8168-435D-90F7-C00A036EE70A",,,,"0258660",Palmer Highway Station,2,8000,,8000,,,,false,false,true,false,,,,,DEC,,POINT (-149.12091064453125 61.58551025390625)
"9527986F-DC3A-486F-B81A-AC989BA9B5F2",,,,"0258660",Matanuska Telephone Association - Hono,1,3000,,3000,,,,false,false,true,false,,,,,DEC,,POINT (-149.50738525390625 63.094482421875)
"0DE678C6-4B7C-4C87-95F2-EF1B81C0A3C4",,,,"0258660",Matanuska Telephone Association - Byers,1,3000,,3000,,,,false,false,true,false,,,,,DEC,,POINT (-150.23291015625 62.6884765625)
DF6648FB-7E01-4D97-AD35-9477293F4C57,,,,"0258660",Matanuska Telephone Association,1,1100,,1100,,,,false,false,true,false,,,,,DEC,,POINT (-149.11151123046875 61.58807373046875)
"9137545A-6738-4180-947F-18EF2B5F7BF9",,,,"0251180",Lower Yukon School District - Mountain Village,14,142200,12000,130200,,,,true,false,false,false,,,,,DEC,,POINT (-163.727294921875 62.0894775390625)
"68FC80A6-76F3-461C-B2C9-691F86D13882",,ANC-M-018,"296-BF-03","0251180",Azachorok Tank Farm,21,246450,106900,139550,,,,true,false,false,true,,,,,DEC,,POINT (-163.720703125 62.0869140625)
BFBBB1DE-3035-4277-A6A1-635A35EF1A6C,,,"296-BF-05","0251180",Alaska Village Electric Cooperative - Mountain Village,29,305900,,305900,,,,,,,false,,,,,DEC,,POINT (-163.72930908203125 62.08587646484375)
"9D8271CA-C47C-4335-86DB-840808B20357",,,"448-BF-03","0280770",City of Unalaska - Public Works,3,4500,,4500,,,,false,false,true,false,,,,,DEC,,POINT (-166.51239013671875 53.863525390625)
FFC6D08E-A827-4B6C-891F-D6C2D7CA90FC,,,"447-BF-03","0280770",AT&T - Unalaska,1,2000,,2000,,,,false,false,true,false,,,,,DEC,,POINT (-166.53961181640625 53.877685546875)
"2CD379B1-9DA0-4E0E-9EA6-013BA2B85C2C",,,"448-BF-02","0280770",City of Unalaska - Wastewater Treatment Plan,1,1100,,1100,,,,false,false,true,false,,,,,DEC,,POINT (-166.5548095703125 53.87890625)
F1376769-3624-43A5-9248-CADA5B67B566,,,,"0280770",Federal Aviation Administration - Dutch Harbor - DUT NDB SX,1,1000,,1000,,,,false,false,true,false,,,,,DEC,,POINT (-166.54779052734375 53.9052734375)
"7D987B23-D133-42DE-B929-973C9C816886",,,"160-BF-02","0280770",Icicle - Dutch Harbor,1,1000,,1000,,,,false,false,true,false,,,,,DEC,,POINT (-166.5067138671875 53.9124755859375)
"8911BFBD-59A5-485A-86C4-7EA6C3180F66",,,,"0280770",AK DOT&PF Unalaska,1,1000,,1000,,,,,,,false,,,,,DEC,,POINT (-166.53997802734375 53.8970947265625)
"488BFE21-36C1-4EF2-9D43-1DE0A36534D0",,,,"0280770",Delta Western - Dutch Harbor Gas Station,2,8218,5155,3063,,,,false,false,true,false,,,,,DEC,,POINT (-166.54681396484375 53.8873291015625)
EFA2FFD0-5E26-4F0B-AB88-C80C174ED85B,,,"451-BF-11","0280770",Unalaska City School District High School,2,5000,,5000,,,,false,false,true,false,,,,,DEC,,POINT (-166.52960205078125 53.8726806640625)
"087E5597-2E93-4DDC-A089-439BD1AD3295",,,"448-BF-04","0280770",City of Unalaska - Community Center & Burma Road Chapel,1,1500,,1500,,,,false,false,true,false,,,,,DEC,,POINT (-166.5316162109375 53.872314453125)
"1AF09CDB-0CF2-49E8-AB5D-E1914905790C",,,"448-BF-01","0280770",City of Unalaska - Landfill,1,2000,,2000,,,,false,false,true,false,,,,,DEC,,POINT (-166.51031494140625 53.88311767578125)
A5E8D42A-4A72-4380-B9D4-5CC0084B55D2,,,,"0280770",Federal Aviation Administration - Unalaska - UNK VOR,1,1000,,1000,,,,false,false,true,false,,,,,DEC,,POINT (-160.6842041015625 63.89208984375)
E8D942CE-3386-4DE8-8667-2A8395EDE2F3,,,"411-BF-07","0270760",Alaska Power & Telephone - Skagway Power Generation Station,2,11000,,11000,,,,false,false,true,false,,,,,DEC,,POINT (-135.31597900390625 59.455078125)
C47D7DBA-4047-4D31-BD3A-280B320E6442,,,,"0270760",National Park Service - Klondike Gold Rush,4,5100,,5100,,,,false,false,true,false,,,,,DEC,,POINT (-135.3184814453125 59.4534912109375)
"228C21E5-6D74-4B43-86E6-C553172271CA",,,,"0270760",Petro 49 - Skagway - Petro Marine Services,4,51000,20000,31000,,,,false,false,true,false,,,,,DEC,,POINT (-135.3214111328125 59.44830322265625)
"23A5FE3D-9473-4B6C-AEAA-A953E6CB4879",,,"411-BF-04","0270760",Municipality of Skagway,7,12400,,12400,,,,false,false,true,false,,,,,DEC,,POINT (-135.31158447265625 59.4556884765625)
A2E2E76C-E71B-4696-9936-258011512563,,,,"0270760",Skagway School District,1,4000,,4000,,,,false,false,true,false,,,,,DEC,,POINT (-135.3074951171875 59.46331787109375)
"3A778B46-748E-42C0-9547-3C3B6F7C4E15",,,,"0270760",Skagway DOT&PF Maintenance Station,2,4000,,4000,,,,false,false,true,false,,,,,DEC,,POINT (-135.2996826171875 59.472900390625)
"83932FE5-91EE-4880-BB83-A9D1757E16E1",,,,"0270760",Skagway 12 Mile Snow Removal Equipment Building,1,5000,,5000,,,,false,false,true,false,,,,,DEC,,POINT (-135.29779052734375 59.47271728515625)
BF854CB0-CF80-43E3-A809-F6B36D83690B,,,"411-BF-05","0270760",GSA - Skagway,1,1500,,1500,,,,false,false,true,false,,,,,DEC,,POINT (-135.22967529296875 59.52728271484375)
B9AACFC4-FEA7-440D-9A2F-69CBCDAB04A1,,,"269-BF-03","0240510",Chatham School District - Klukwan,1,3000,,3000,,,,false,false,true,false,,,,,DEC,,POINT (-135.8966064453125 59.40069580078125)
"587A9516-FAF3-407A-88FB-213E57091443",,,,"0240400",Klawock DOT&PF Maintenance Station,2,4500,,4500,,,,false,false,true,false,,,,,DEC,,POINT (-133.07098388671875 55.57928466796875)
A24C50F8-2F52-4515-9587-E777B549DF91,,,,"0240400",Alaska Power & Telephone - Klawock Office and Warehouse,1,6000,,6000,,,,false,false,true,false,,,,,DEC,,POINT (-133.07000732421875 55.5518798828125)
F7CD73E8-FFE8-4CCA-9375-B27B2CEE2101,,,,"0240400",Alaska Power & Telephone - Klawock Power Generation Station,1,3000,,3000,,,,false,false,true,false,,,,,DEC,,POINT (-133.0853271484375 55.55328369140625)
A16F2934-D0B1-4C18-8E5B-9ED57B2C5421,,,,"0221150",Lake and Peninsula School District - Egegik,1,2000,,2000,,,,false,false,true,false,,,,,DEC,,POINT (-157.3756103515625 58.2122802734375)
"0AEF0513-6EE5-4AAE-AC95-75FC279EA120",,ANC-E-010,,"0221150",Icicle - Egegik,6,78500,,78500,,,,true,false,false,true,,,,,DEC,,POINT (-157.3760986328125 58.2147216796875)
A0E8B87A-66B0-4FAF-AF1E-22BC549E09C6,,ANC-E-006,"165-BF-01","0221150",Alaska General Seafoods - Egegik,5,13875,5550,8325,,,,true,false,false,true,,,,,DEC,,POINT (-157.37579345703125 58.2156982421875)
"5E372C3D-3EF8-4DF7-832F-612BE448C469",,,"134-BF-05","0213780",Lake and Peninsula School District - Chignik Lake,4,25100,,25100,,,,false,false,true,false,,,,,DEC,,POINT (-158.7650146484375 56.25372314453125)
"0B8943D5-9AE2-4E8E-AF73-D41B884F6BE4",,,,"0256220",DOT&PF Northway MS,2,6000,1000,5000,,,,false,false,true,false,,,,,DEC,,POINT (-141.63299560546875 62.95892333984375)
"61F5A0C8-0096-477F-A2EB-4D9F39B59FA2",,,,"0256220",Alaska Power & Telephone - Northway Power Generation Plant,1,10000,,10000,,,,,,,false,,,,,DEC,,POINT (-141.79998779296875 63.0167236328125)
"23D2D90A-3907-4924-B37C-86BB9044A895",,,"337-BF-03","0256220",Northway Village Council Firehall,1,1000,,1000,,,,false,false,true,false,,,,,DEC,,POINT (-141.9307861328125 62.962890625)
"4145B20F-484E-433C-A165-E475386E2DF1",,,,"0256220",Northway Village Council,1,10000,,10000,,,,false,false,true,false,,,,,DEC,,POINT (-141.94940185546875 62.984130859375)
FA53E1C8-0845-4954-BE87-36058654B230,,,"337-BF-01","0256220",Northway Village Council Water and Sewer Garage,1,10000,,10000,,,,false,false,true,false,,,,,DEC,,POINT (-141.94659423828125 62.98370361328125)
"94C938BE-1557-4311-AE6C-B8BB0565343E",,,"337-BF-04","0256220",Alaska Gateway School District - Northway,3,30000,,30000,,,,false,false,true,false,,,,,DEC,,POINT (-141.89208984375 62.968505859375)
A40B8C7B-DF45-4488-8F49-74757BD35050,,,"458-BF-07","0282860",Alaska Village Electric Cooperative - Wales,7,64800,,64800,,,,,,,false,,,,,DEC,,POINT (-168.09088134765625 65.60870361328125)
B0066921-3F79-4DC7-A0D1-CDB913214CE5,,ANC-W-004,"458-BF-04","0282860",Bering Strait School District - Wales,4,48400,,48400,,,,true,false,false,true,,,,,DEC,,POINT (-168.08612060546875 65.60467529296875)
B366EDFE-8B21-4D77-AFDB-D1639DE91AE0,,ANC-T-005,,"0275930",Alaska Village Electric Cooperative - Teller,4,108000,,108000,,,,,,,true,,,,,DEC,,POINT (-166.36260986328125 65.2633056640625)
"42A9122C-DCF9-4935-A1B4-67D244B3FD79",,,"425-BF-01","0275930",City of Teller - Summit Consulting Project,1,5000,,5000,,,,false,false,true,false,,,,,DEC,,POINT (-166.36651611328125 65.2626953125)
D1EB681F-FE8B-4DEF-BC9B-29CC5CC7CE27,,,"426-BF-03","0275930",Teller Native Fuel,4,61400,23400,38000,,,,true,false,false,false,,,,,DEC,,POINT (-166.36260986328125 65.264892578125)
"41EEA5A2-FDA1-4DC9-973C-3DD0D62E1328",,,,"0275930",DOT&PF Teller APT ,2,3000,,3000,,,,false,true,false,false,,,,,DEC,,POINT (-166.33221435546875 65.24212646484375)
C8837112-5BF5-4885-80C3-89AC55F0D248,,ANC-T-004,"425-BF-06","0275930",Bering Strait School District - Telelr,4,63000,,63000,,,,true,false,false,true,,,,,DEC,,POINT (-166.36688232421875 65.263671875)
EFDF3393-228B-44BE-B646-0D8E1DD9AA52,,,,"0221810",Ekwok Airport Maintenance Station,2,3500,,3500,,,,true,false,false,false,,,,,DEC,,POINT (-157.47308349609375 59.35308837890625)
"7DEE60DC-CB05-47C2-A254-58789C9467D2",,ANC-E-014,,"0221810",City of Ekwok,3,55000,15000,40000,,,,,,,true,,,,,DEC,,POINT (-157.47930908203125 59.34649658203125)
D2A1D2AB-3C74-4DF2-9B24-C49AF3155E70,,,,"0221810",Alaska Village Electric Cooperative - Ekwok,6,49000,,49000,,,,,,,false,,,,,DEC,,POINT (-157.4801025390625 59.34649658203125)
A1EC74F9-781B-4035-B9D3-8CD0AC3E7511,,,"281-BF-05","0242380",Kwethluk Airport Maintenance Station,2,2000,,2000,,,,false,false,true,false,,,,,DEC,,POINT (-161.438720703125 60.79388427734375)
A588F617-E750-41C4-86BE-2B7559AFFFFE,,,,"0242380",City of Kwethluk,3,22000,,22000,,,,true,false,false,false,,,,,DEC,,POINT (-161.44049072265625 60.81072998046875)
"238D30F6-758B-4499-8535-0CED8540916F",,,,"0242380",Kwethluk Tank Farm - Kuiggluum Kallugvia,7,143000,,143000,,,,true,false,false,false,,,,,DEC,,POINT (-161.418701171875 60.81011962890625)
"22B4264A-345B-409D-A28D-70E9EFBA5DEE",,ANC-K-053,,"0242380","Kwethluk Tank Farm - Kwethluk, Inc.",10,208750,116750,92000,,,,true,false,false,true,,,,,DEC,,POINT (-161.418701171875 60.81011962890625)
"16ECC698-F851-4017-8C0C-19961D441BDC",,ANC-K-052,,"0242380",Lower Kuskokwim School District - Kwethluk,5,78000,,78000,,,,true,false,false,true,,,,,DEC,,POINT (-161.42279052734375 60.8074951171875)
D8881101-0C3A-4E26-822F-05D557E5AF33,,ANC-K-106,,"0242380","ANTHC, Kwethluk",,,,,,,,,,,true,,,,,,,POINT (-161.4375 60.811279296875)
"37BF6ABF-D9BD-4081-B9B2-BBE31A214D2A",,,,"0242380",Kwethluk Tank Farm - Lower Kuskokwim School District,2,46000,,46000,,,,,,,false,,,,,DEC,,POINT (-161.42120361328125 60.80731201171875)
F05FA2FA-A821-4D39-B9E0-CC3DD65848FD,,,,"0242380",Alaska Army National Guard -  Kwethluk Readiness Center,1,1500,,1500,,,,false,false,true,false,,,,,DEC,,POINT (-161.43511962890625 60.81109619140625)
"71A53B1D-97A9-40E4-BD9D-A9C1956FE6E9",,,,"0205750",Beaver Tank Farm - Yukon Flats School District,3,17400,,17400,,,,false,true,false,false,,,,,DEC,,POINT (-147.396728515625 66.35968017578125)
F0DC7758-EFFA-4B91-84B0-2C2C02EBA419,,,,"0205750",Beaver Tank Farm - Beaver Village Council,2,11350,,11350,,,,false,true,false,false,,,,,DEC,,POINT (-147.396728515625 66.35968017578125)
"1D1A98B5-D9D0-40A5-82C8-01218C8450C7",,,,"0205750",DOT&PF Beaver APT,1,1000,,1000,,,,false,true,false,false,,,,,DEC,,POINT (-147.4010009765625 66.36151123046875)
"9A56C5FE-510A-412C-9FCD-D1552C51E820",,,,"0238910",Copper River School District - Kenny Lake,2,4000,,4000,,,,false,false,true,false,,,,,DEC,,POINT (-145.007080078125 61.7266845703125)
CA12C55C-A65F-44D1-BF96-F6C28B1C5113,,,,"0208740",Bering Strait School District - Brevig Mission,3,59000,,59000,,,,true,false,false,false,,,,,DEC,,POINT (-166.48651123046875 65.3331298828125)
FC9DA1C8-6339-4597-A442-0F5C02A65B78,,,"176-BF-02","0223790",Evansville Tribal Council,2,15000,5000,10000,,,,false,false,true,false,,,,,DEC,,POINT (-151.5062255859375 66.9227294921875)
"18381280-8622-4315-B237-C77F25FE577F",,ANC-B-014,"121-BF-05","0208740","Native Store, Brevig Mission",,,,,,,,true,false,false,true,,,,,USCG,,POINT (-166.4921875 65.3341064453125)
"0A5FA4B6-C7EF-4488-B4D6-B4532765F844",,ANC-B-011,,"0208740",Alaska Village Electric Cooperative - Brevig Mission,9,234000,,234000,,,,,,,true,,,,,DEC,,POINT (-166.4810791015625 65.33148193359375)
"5318062B-2912-4651-85F2-985B9025DFCC",,ANC-S-038,,"0271090",Middle Kuskokwim Electric Cooperative - Sleetmute,4,57000,,57000,,,,true,false,false,true,,,,,DEC,,POINT (-157.17120361328125 61.701904296875)
"559A13A2-8320-416A-BEC8-2097305335E9",,ANC-S-036,"414-BF-03","0271090",Kuspuk School District - Sleetmute,2,21000,,21000,,,,true,false,false,true,,,,,DEC,,POINT (-157.17041015625 61.70269775390625)
DD6207A5-AD90-42B2-93C6-4A2AF3EF6A60,,ANC-S-035,"414-BF-04","0271090","Hill Enterprises, LLC",5,31000,15000,16000,,,,true,false,false,true,,,,,DEC,,POINT (-157.1710205078125 61.70208740234375)
D5D3CEB4-1913-4496-9C63-0A9124E8357A,,,"196-BF-07","0226100",Doyon Utilities Fort Greely,2,2000,,2000,,,,false,false,true,false,,,,,DEC,,POINT (-145.739990234375 63.95648193359375)
"66A8B98E-8DF9-476D-8B05-5CAA90850960",,,,"0219720",Alaska Gateway School District - Dot Lake,1,10000,,10000,,,,false,false,true,false,,,,,DEC,,POINT (-144.05859375 63.65789794921875)
"4B5EFC28-233C-4089-A53B-8CFE817994BA",,,,"0254700",Noatak Native Store,2,46000,23000,23000,,,,false,true,false,false,,,,,DEC,,POINT (-162.96630859375 67.57110595703125)
C03E703A-17F5-454E-AF91-23C2A4AAD5D1,,,"319-BF-01","0254700",Alaska Village Electric Cooperative - Noatak,12,95100,,95100,,,,,,,false,,,,,DEC,,POINT (-162.96630859375 67.5706787109375)
A47A5CD5-7E81-47E9-8195-533AEBF62CEA,,,,"0254700",Northwest Arctic Borough School District - Noatak,16,99700,,99700,,,,true,false,false,false,,,,,DEC,,POINT (-162.97039794921875 67.56829833984375)
A081B9F8-3FE6-48E7-981D-D43D941BC8FF,,,,"0234350",City of Huslia,1,7000,,7000,,,,true,false,false,false,,,,,DEC,,POINT (-156.385009765625 65.70172119140625)
"41752EEE-403A-4394-8AF1-3D255A7A8F9F",,ANC-H-007,,"0234350",Alaska Village Electric Cooperative - Huslia,10,118200,,118200,,,,,,,true,,,,,DEC,,POINT (-156.38067626953125 65.69647216796875)
F29B8DDC-91DB-4ACC-8F34-04F488ED7F05,,ANC-H-008,"231-BF-01","0234350",Huslia Gas & Oil,11,142000,68000,74000,,,,true,false,false,true,,,,,DEC,,POINT (-156.38177490234375 65.69708251953125)
AABB804C-6713-48DB-8B61-4A5A582D0DE5,,,"231-BF-02","0234350",Yukon Koyukuk School District - Huslia,4,23000,,23000,,,,true,false,false,false,,,,,DEC,,POINT (-156.3892822265625 65.701904296875)
"0A397502-B97C-4DFF-B1D7-BD80D81BAC33",,,,"0234350",DOT&PF Huslia APT,1,1000,,1000,,,,false,false,true,false,,,,,DEC,,POINT (-156.363525390625 65.6959228515625)
"62CC57DA-769A-48CA-AC8A-2338BE283096",,,"126-BF-09","0212970",Chugach School District - Chenega Bay,1,10000,,10000,,,,true,false,false,false,,,,,DEC,,POINT (-148.01239013671875 60.065673828125)
"4F217687-58E4-41F1-BC02-DE4F52EDB4EC",,,"126-BF-18","0212970",Prince William Sound Aquaculture Corporation - Armin Koernig,5,24200,2200,22000,,,,true,false,false,false,,,,,DEC,,POINT (-148.06768798828125 60.05072021484375)
D259579F-391E-4012-8B57-3FBC580FC61B,,,"126-BF-02","0212970",Chenega Bay Maintenance Station,3,7400,,7400,,,,true,false,false,false,,,,,DEC,,POINT (-147.99737548828125 60.078125)
FDF3F3FC-28C1-46DD-AF3B-029C231E2328,,,,"0247990",Mekoryuk Tank Farm - City of Mekoryuk,2,29500,,29500,,,,true,false,false,false,,,,,DEC,,POINT (-166.1875 60.388916015625)
C7AFD7D7-F9B4-4937-A4B4-AEDADCEAD51A,,ANC-M-014,,"0247990",Alaska Village Electric Cooperative - Mekoryuk,4,108000,,108000,,,,,,,true,,,,,DEC,,POINT (-166.18792724609375 60.3892822265625)
DF8A51FF-9743-44F6-9433-B5029478C477,,,"293-BF-07","0247990",Lower Kuskokwim School District - Mekoryuk,3,56500,,56500,,,,true,false,false,false,,,,,DEC,,POINT (-166.1890869140625 60.386474609375)
"8EB99286-AF2B-44D9-8E66-3E5984C63B97",,,,"0247990",Alaska Army National Guard -  Mekoryuk Readiness Center,1,1500,,1500,,,,false,false,true,false,,,,,DEC,,POINT (-166.1875 60.38787841796875)
"29B2013B-4675-4DBE-83DB-FE0BE549E55E",,,"293-BF-01","0247990",Mekoryuk Tank Farm - Nunivak Island Mekoryuk Alaska,7,167000,59000,108000,,,,true,false,false,false,,,,,DEC,,POINT (-166.1873779296875 60.3892822265625)
"32598407-07A8-463F-A3C6-E55AC9BC9DDD",,,,"0217960",Crown Point Highway Station,2,8000,,8000,,,,false,false,true,false,,,,,DEC,,POINT (-149.373779296875 60.4146728515625)
"6C13BFD5-738C-446F-9571-94F911FE6187",,,,"0238970",Alaska Power & Telephone - Lidenburg Peak Microwave Tower,1,5000,,5000,,,,false,true,false,false,,,,,DEC,,POINT (-133.0775146484375 56.74371337890625)
"6E5C4B48-52F2-45E9-BFA5-C7CCE180C9F9",,,,"0238970",Ketchikan Medical Center,2,30000,,30000,,,,false,false,true,false,,,,,DEC,,POINT (-131.68658447265625 55.35308837890625)
C26441CB-9315-4F5F-A109-D3725C17B586,,,,"0238970",Ketchikan Court and Office Building,1,10000,,10000,,,,false,false,true,false,,,,,DEC,,POINT (-131.648193359375 55.34332275390625)
"876E6B25-489C-4734-9FED-335A8FEA21D0",,,,"0238970",Trident - Ketchikan,2,5100,,5100,,,,false,false,true,false,,,,,DEC,,POINT (-131.6361083984375 55.33807373046875)
"7E331BCD-38FC-45CA-B676-38CFC2492CC6",,,,"0238970",GSA - Ketchikan,1,2000,,2000,,,,false,false,true,false,,,,,DEC,,POINT (-131.642578125 55.3416748046875)
BFF9DB9E-CA56-440D-B966-058492E9DF73,,,,"0238970",AT&T - Ketchikan,1,2000,,2000,,,,false,false,true,false,,,,,DEC,,POINT (-134.57501220703125 58.37548828125)
B82A34CB-3CD0-4A7F-BFEE-BA349A32E157,,,,"0238970",Crowley - Ketchikan - North Station,1,5700,5700,,,,,true,false,false,false,,,,,DEC,,POINT (-131.80047607421875 55.44287109375)
CBC48C5B-1B5E-410F-97DE-D67332C3B6DD,,,,"0238970",Aero Services Ketchikan,3,50000,,,,50000,,false,false,true,false,,,,,DEC,,POINT (-131.70318603515625 55.3529052734375)
B2361FF5-97F3-44BE-B463-E1BEA5098719,,,,"0238970",Alaska Army National Guard - Ketchikan Readiness Center,1,1500,,1500,,,,false,false,true,false,,,,,DEC,,POINT (-131.68170166015625 55.3538818359375)
"44D5A7BD-3E91-4753-9077-7934F7745FB4",,,,"0238970",US Coast Guard Base Ketchikan,7,20767,,20767,,,,false,false,true,false,,,,,DEC,,POINT (-131.62139892578125 55.332275390625)
A6438E8E-EC86-43B8-A939-ECCBB039056D,,,,"0238970",Alaska General Seafoods - Ketchikan,1,10000,,10000,,,,false,false,true,false,,,,,DEC,,POINT (-131.63177490234375 55.33673095703125)
DF7DE3EA-8366-4CB9-8D57-C492F2B43793,,,,"0238970",Alaska Power & Telephone - High Mountain Microwave Tower,1,5000,,5000,,,,false,true,false,false,,,,,DEC,,POINT (-131.7957763671875 55.36090087890625)
F9A3F8E4-4D4A-4EC2-9917-B3464DC4BC42,,,,"0238970",Ketchikan Gateway Borough School District,4,16000,,16000,,,,false,false,true,false,,,,,DEC,,POINT (-131.63861083984375 55.34649658203125)
"25B5D119-20BE-4211-91E4-E75BF7969171",,,,"0238970",Colaska - Secon -Ketchikan,2,7000,,7000,,,,false,false,true,false,,,,,DEC,,POINT (-131.7052001953125 55.3629150390625)
EF799C7C-48D8-475B-816B-6D08F25BBB08,,,,"0238970",Ward Cove Deli & Liquor,1,1200,1200,,,,,false,false,true,false,,,,,DEC,,POINT (-131.72198486328125 55.410888671875)
FA4C73B2-596D-48AE-A49A-70B70258ED8D,,,,"0238970",Crowley - Ketchikan - Town Station,4,40000,18000,22000,,,,true,false,false,false,,,,,DEC,,POINT (-131.69970703125 55.35870361328125)
A9D42BE2-8741-44EB-9D76-C45071496923,,,,"0238970",Ketchikan DOT&PF Maintenance Station,1,2000,,2000,,,,false,false,true,false,,,,,DEC,,POINT (-131.735107421875 55.38287353515625)
CA683C07-E679-44CC-AEB6-F59AE56BC91A,,ANC-T-018,,"0278790",Tuluksak Power Plant,,,,,,,,true,false,false,true,,,,,USCG,,POINT (-160.9630126953125 61.09649658203125)
"63A1EA3E-67AB-4F08-96E2-50D651BB69F1",,,,"0278790",Tuluksak Airport Maintenance Station,2,3000,,3000,,,,false,false,true,false,,,,,DEC,,POINT (-160.92742919921875 61.0885009765625)
C5F70E6F-558B-494F-8A4B-85362B35A220,,ANC-T-019,,"0278790",Yupiit School District - Tuluksak,9,52937,3000,49937,,,,true,false,false,true,,,,,DEC,,POINT (-160.95648193359375 61.0994873046875)
"52EBE454-0EBE-4C8B-84CF-5CD690AA1A3C",,,,"0218950",Vitus Terminal - Dillingham,2,8500,7500,1000,,,,true,false,false,false,,,,,DEC,,POINT (-158.58001708984375 59.07012939453125)
"9D9BC94E-DF98-4E24-9001-CA01A8CA56F0",,,"155-BF-01","0218950",Icicle - Dillingham - Processing Facility,2,8000,,8000,,,,false,false,true,false,,,,,DEC,,POINT (-158.44171142578125 59.06829833984375)
B7885440-B2E6-4B50-8FB3-A4D4295D9536,,,,"0218950",Alaska Commercial Company - Dillingham,1,1000,,1000,,,,false,false,true,false,,,,,DEC,,POINT (-158.46630859375 59.0396728515625)
"3127EF67-0936-4F8B-BA03-6F468F62C84D",,ANC-D-011,,"0218950","Peter Pan Seafoods, Dillingham",,,,,,,,,,,true,,,,,,,POINT (-158.4630126953125 59.03948974609375)
BDEC4C5C-D118-4F4E-B272-32B64D6613A9,,,"155-BF-02","0218950",State of Alaska Department of Fish and Game - Dillingham,3,3000,,3000,,,,false,false,true,false,,,,,DEC,,POINT (-158.46832275390625 59.042724609375)
"63BAA6C9-41C2-4CA4-B62A-AF5EF7028433",,ANC-D-009,,"0218950","Nushagak Electric, Dillingham",,,,,,,,,,,true,,,,,,,POINT (-158.4630126953125 59.03948974609375)
"91994F4C-CAB8-4660-93FB-52EF7AC9D2BC",,,,"0218950",AK DOT&PF Dillingham Maintenance Station,5,12000,,12000,,,,false,false,true,false,,,,,DEC,,POINT (-158.5128173828125 59.04510498046875)
FAC08AF5-2D55-4F59-A66B-90E72DBC6E90,,,"155-BF-04","0218950",Bristol Express,1,1000,,1000,,,,false,false,true,false,,,,,DEC,,POINT (-158.46820068359375 59.04052734375)
"2AA22D28-8BC1-4219-A165-3D5E10EE9EC5",,,,"0218950",University of Alaska Fairbanks - Dillingham,1,1000,,1000,,,,false,false,true,false,,,,,DEC,,POINT (-158.464599609375 59.04150390625)
B05FDC3E-7883-499D-B81D-800F7708DB3C,,,,"0218950",AT&T - Dillingham,1,2000,,2000,,,,false,false,true,false,,,,,DEC,,POINT (-158.45599365234375 59.04412841796875)
E784CB11-693E-4ACD-99C8-A9E006782F07,,ANC-D-019,"155-BF-03","0218950",Icicle - Dillingham - Office and Bunkhouse,1,1000,,1000,,,,false,false,true,true,,,,,DEC,,POINT (-158.4381103515625 59.06768798828125)
"29FE6A90-8861-41A1-8256-2CE98567843A",,ANC-D-005,,"0218950","Bristol Alliance Fuels (Mobile), Dillingham",,,,,,,,,,,true,,,,,,,POINT (-158.4630126953125 59.03948974609375)
"25658D01-07D1-4554-94B6-0670852BEE79",,ANC-D-004,,"0218950","Bristol Alliance Fuels (Fixed), Dillingham",,,,,,,,,,,true,,,,,,,POINT (-158.4630126953125 59.03948974609375)
"19962EEB-1C9F-44AD-A604-F436006F66CA",,ANC-D-012,,"0218950","Port of Dillingham, Dillingham",,,,,,,,,,,true,,,,,,,POINT (-158.4630126953125 59.03948974609375)
"2B46951B-0771-4DA5-B85E-08528246F05C",,,,"0244580",AT&T - Livengood,4,5000,,5000,,,,false,true,false,false,,,,,DEC,,POINT (-149.814208984375 66.0145263671875)
A168E5AD-EFD4-408B-8604-155ACC08560E,,,,"0244580",AT&T - Livengood - Microwave Repeater,4,3900,,3900,,,,false,true,false,false,,,,,DEC,,POINT (-148.47869873046875 65.58807373046875)
"97A8BEAA-FAAE-41E6-A071-70852AC87F76",,,,"0244580",DOT&PF Livengood MS,5,16000,3000,13000,,,,false,false,true,false,,,,,DEC,,POINT (-148.5491943359375 65.522705078125)
"92D9A297-0605-4AF5-938B-9B434117412A",,,,"0244580",GCI Communication Corp. - Livengood,1,2000,,2000,,,,false,false,true,false,,,,,DEC,,POINT (-148.64947509765625 65.47271728515625)
"245C6061-B9C9-4F8F-AF7E-346343A5D94C",,,,"0282750",Olgoonik Corporation,2,2900,,2900,,,,false,false,true,false,,,,,DEC,,POINT (-160.0322265625 70.6376953125)
"95DCBA93-2554-4903-87A5-DCAB9E99CDD8",,,,"0282750",North Slope Borough School District - Wainwright,1,10000,,10000,,,,false,false,true,false,,,,,DEC,,POINT (-160.03167724609375 70.636474609375)
"445446BF-8151-4996-BF23-899DCB9133B1",,,,"0282750",City of Wainwright,1,1200,,1200,,,,false,false,true,false,,,,,DEC,,POINT (-160.03302001953125 70.6383056640625)
"3E41E641-35DA-4E24-B24E-1FD9B7F0881D",,ANC-N-023,"308-BF-03","0253710",Alaska Village Electric Cooperative - New Stuyahok,8,216000,,216000,,,,,,,true,,,,,DEC,,POINT (-157.3251953125 59.44830322265625)
"978F2CF3-F873-42E9-A4F4-4744D455FBA9",,ANC-N-025,"308-BF-04","0253710",New Stuyahok Maintenance Station,2,2000,,2000,,,,true,false,false,true,,,,,DEC,,POINT (-159.37481689453125 59.45709228515625)
"63033420-1BE9-4793-99BA-20FB95E2F16F",,ANC-N-026,"308-BF-02","0253710",Southwest Region School District - New Stuyahok,6,111600,,111600,,,,true,false,false,true,,,,,DEC,,POINT (-157.32318115234375 59.4500732421875)
"62EAA10A-C62B-41F4-914C-0D161B46FE25",,,,"0213450",DOT&PF Southfork MS,4,8000,1000,7000,,,,false,false,true,false,,,,,DEC,,POINT (-141.78558349609375 64.05047607421875)
B4D6D584-2183-46FA-A49A-8007A9A27B9B,,,,"0213450",DOT&PF Chicken APT,2,2000,1000,1000,,,,false,false,true,false,,,,,DEC,,POINT (-141.948974609375 64.06768798828125)
"8C215872-3DF7-46F5-A5B2-7C694F8BF815",,,,"0228740",HUB Of Alaska,3,20000,16000,4000,,,,false,false,true,false,,,,,DEC,,POINT (-145.47857666015625 62.1085205078125)
AA02A331-9867-4BA3-99F7-81F5B4789144,,,,"0228740",AT&T - Glennallen Facility,1,1017,,1017,,,,false,false,true,false,,,,,DEC,,POINT (-145.5482177734375 62.10968017578125)
"6E8C9118-7533-452B-9658-1DC4DFD6FA05",,,,"0228740",AT&T - Glennallen - Kimball Pass,4,5000,,5000,,,,,,,false,,,,,DEC,,POINT (-145.02899169921875 61.51348876953125)
D32C5145-0F7B-4CCD-98DA-4F63C5C70400,,,,"0228740",Copper Valley Electric Association - Glennallen,2,51000,,51000,,,,false,false,true,false,,,,,DEC,,POINT (-145.52581787109375 62.10992431640625)
"4B9917B3-ECED-4935-AA32-00AE4F9FBAB1",,,,"0228740",Copper River School District - Glennallen,4,19000,,19000,,,,false,false,true,false,,,,,DEC,,POINT (-145.52618408203125 62.11309814453125)
F495099F-BE9E-49DE-BD7B-1C31183F8BDE,,,,"0228740",AT&T,4,5000,,5000,,,,false,true,false,false,,,,,DEC,,POINT (-145.152099609375 61.47271728515625)
FC75D2A6-024E-4C86-8398-DC9589B89F9C,,,,"0228740",Crowley - Glennallen,10,153800,55000,83800,,15000,,false,false,true,false,,,,,DEC,,POINT (-145.48858642578125 62.1085205078125)
"5B1AEAB7-BC9D-4F53-92E6-5C4E64F4BFD0",,,"154-BF-05","0218805",National Park Service - Denali,15,75200,22000,48000,,5200,,false,false,true,false,,,,,DEC,,POINT (-148.9595947265625 63.7244873046875)
D0D325AD-A296-437B-9213-8A2FD2F3621D,,,,"0216630",AT&T - Coldtood - ILA Site,1,4000,,4000,,,,false,false,true,false,,,,,DEC,,POINT (-150.268798828125 67.278076171875)
"21EE8D6B-9546-4920-A291-30B520F15B15",,,,"0216630",DOT&PF Coldfoot MS,3,15500,10000,5500,,,,false,false,true,false,,,,,DEC,,POINT (-150.18682861328125 67.25531005859375)
AEC3F544-FBA6-450A-BA4E-FC337AFB6FCA,,,,"0216630",AT&T - Coldfoot - Microwave Repeater,2,5000,,5000,,,,false,true,false,false,,,,,DEC,,POINT (-150.26898193359375 67.278076171875)
EA9E93F1-9EBE-4EE2-8F15-4B90BEAFEAE5,,,,"0274525",State of Alaska Department of Corrections - Palmer Correctional Facility,8,33000,2000,31000,,,,,,,false,,,,,DEC,,POINT (-149.0081787109375 61.69207763671875)
"29EDFCE9-CDDB-4679-B507-BF60F8DA6E24",,,"350-BF-02","0257340",Alaska Village Electric Cooperative - Old Harbor,4,39300,,39300,,,,,,,false,,,,,DEC,,POINT (-153.3040771484375 57.20867919921875)
"85A8FB35-A2EF-4BA5-BF8F-C4766AD36804",,,,"0248540",Alaska Gateway School District - Mentasta Lake,1,10000,,10000,,,,false,false,true,false,,,,,DEC,,POINT (-143.798583984375 62.92950439453125)
E02F82E9-0CBA-4960-8280-19B03E874280,,,,"0233800",Three Bears #37 Houston,2,30000,15000,15000,,,,false,false,true,false,,,,,DEC,,POINT (-149.81109619140625 61.63128662109375)
DC3FECD9-9A70-472C-8141-F082D544889E,,,"418-BF-09","0273290",DOT&PF Stevens Village APT,1,1000,,1000,,,,false,true,false,false,,,,,DEC,,POINT (-149.05859375 66.0142822265625)
"6553CDC8-80FA-4178-8880-C3D596370C35",,,"300-BF-02","0252390",Napakiak Airport Maintenance Station,2,2100,,2100,,,,false,false,true,false,,,,,DEC,,POINT (-161.97747802734375 60.69390869140625)
"4BEF8811-2274-4D00-AC1C-998D040903CB",,,,"0215430",Clarks Point Airport Maintenance Station,2,2000,,2000,,,,true,false,false,false,,,,,DEC,,POINT (-158.529296875 58.8369140625)
"60E9F7B5-8A63-4781-81E6-69A693BAD37D",,,,"0215430",Southwest Region School District - Clarks Point,1,12000,,12000,,,,true,false,false,false,,,,,DEC,,POINT (-158.54449462890625 58.8363037109375)
"1737C177-FB89-49A7-AC6E-857178178F6D",,,"294-BF-02","0248870",Annette Island School District,4,10000,,10000,,,,false,false,true,false,,,,,DEC,,POINT (-131.57568359375 55.1251220703125)
"4299A108-428F-4C46-BB6C-90DD2E681FD9",,,,"0248870",Federal Aviation Administration - Metlakatla - Annette Island SX,1,1000,,1000,,,,false,false,true,false,,,,,DEC,,POINT (-131.5780029296875 55.06048583984375)
"7AC691F0-663D-4947-B5B2-783A7B0ADA02",,,"294-BF-01","0248870",AT&T - Metlakatla,1,6000,,6000,,,,false,true,false,false,,,,,DEC,,POINT (-130.84222412109375 54.91748046875)
"827B291B-0875-400B-B99C-BAB1F97A5A3F",,,"314-BF-05","0254050",Hilcorp - Nikiski OSK Dock and Helipoprt,1,9500,,,,9500,,false,false,true,false,,,,,DEC,,POINT (-151.30889892578125 60.739501953125)
"7C4C1CA2-B985-4749-9FD0-D2D21DBC3867",,,,"0235890",Lake and Peninsula School District - Ivanof Bay,4,20000,,20000,,,,true,false,false,false,,,,,DEC,,POINT (-159.48468017578125 55.9036865234375)
"8BB67B9D-C0EA-4475-BE85-76933EAE09C2",,,,"0216360",Alaska Power & Telephone - Coffman Cove Power Generation Plant,1,6000,,6000,,,,false,false,true,false,,,,,DEC,,POINT (-132.83001708984375 56.02008056640625)
"91739D6D-423C-492C-8F39-4D7FD6DC114F",,,"139-BF-09","0216360",Coffman Cove DOT&PF Maintenance Station,2,4000,,4000,,,,false,false,true,false,,,,,DEC,,POINT (-132.82928466796875 56.014892578125)
"26336E7B-4494-4624-B15D-14BC073F0E91",,,"141-BF-05","0216360",Southeast Island School District - Coffman Cove,1,2000,,2000,,,,false,false,true,false,,,,,DEC,,POINT (-132.82769775390625 56.013916015625)
"00AFD389-4C3E-4212-91BE-EFC91119FCDF",,,"277-BF-08","0241830",Alaska Army National Guard -  Kotzebue AAOF,1,1500,,1500,,,,false,false,true,false,,,,,DEC,,POINT (-162.606689453125 66.88232421875)
DCE1573C-EE52-4563-81A1-532110C2CE26,,ANC-K-022,,"0241830",Northwest Arctic Borough School District - Kotzebue,9,235300,,235300,,,,true,false,false,true,,,,,DEC,,POINT (-162.572998046875 66.903076171875)
D044CE70-F602-4D76-8E80-C741490CDEC2,,,"277-BF-05","0241830",National Park Service - Western Arctic,2,3000,,3000,,,,false,false,true,false,,,,,DEC,,POINT (-162.60162353515625 66.8936767578125)
"3F306805-C39B-439C-8FAB-996948D604C0",,<Null>,"277-BF-01","0241830",City of Kotzebue,12,21000,,21000,,,,false,false,true,false,,,,,DEC,,POINT (-162.5928955078125 66.896728515625)
E42F70E0-8C41-4CE1-BE91-311B05D93B33,,ANC-K-101,,"0241830","Northland Services, Kotzebue",,,,,,,,,,,true,,,,,,,POINT (-162.593017578125 66.896728515625)
"1A4E6E70-A152-43BB-8214-42BB19A9E6C1",,ANC-K-043,,"0241830","CPD Alaska, LLC., Kotzebue",,,,,,,,,,,true,,,,,,,POINT (-162.593017578125 66.896728515625)
"20D927A8-361D-43C0-BD76-C7A27D0A4DC0",,,"277-BF-03","0241830",AT&T - Kotzebue,2,2000,,2000,,,,false,false,true,false,,,,,DEC,,POINT (-162.5985107421875 66.89849853515625)
EA033FEC-60D8-448B-A49A-6DCACE5AB189,,,,"0241830",DOT&PF Kotzebue APT ,4,8600,1100,7500,,,,true,false,false,false,,,,,DEC,,POINT (-162.60650634765625 66.8914794921875)
"470F1396-C8AE-477E-848A-7BE1F18CBBC7",,,,"0241830",Alaska Airlines - Kotzebue,1,1200,,,,1200,,false,false,true,false,,,,,DEC,,POINT (-162.60247802734375 66.8914794921875)
C1443882-281A-4530-989F-8E2696B6131E,,,,"0241830",Vitus Terminal - Kotzebue,2,10000,5000,5000,,,,true,false,false,false,,,,,DEC,,POINT (-162.5999755859375 66.89007568359375)
"2678E393-F35F-445F-9255-1156CDCA6C7C",,,"277-BF-04","0241830",Alaska Army National Guard -  Kotzebue Armory,1,3000,,3000,,,,false,false,true,false,,,,,DEC,,POINT (-162.58172607421875 66.901123046875)
C362B0D6-18E9-40CB-AE5C-258DC43E6C77,,ANC-F-007,,"0224660","Trident Seafoods, False Pass",,,,,,,,,,,true,,,,,,,POINT (-163.41461181640625 54.8551025390625)
D01D9DD1-1629-411F-9602-1EBA924BC4D1,,,"196-BF-09","0224660",False Pass Seafoods LLC,5,64000,,64000,,,,true,false,false,false,,,,,DEC,,POINT (-163.41339111328125 54.86328125)
"5553F08E-643A-415D-8BA6-6C25914904DC",,ANC-F-008,"195-BF-02","0224660",False Pass Fuel Services,6,210000,20000,180000,,10000,,true,false,false,true,,,,,DEC,,POINT (-163.41412353515625 54.8623046875)
"8036C5D7-767C-4593-A72A-15CA64AC8BD0",,,"196-BF-04","0224660",Silver Bay Seafoods - False Pass,4,24000,,24000,,,,false,false,true,false,,,,,DEC,,POINT (-163.40777587890625 54.86810302734375)
"37E9912D-6B47-48B5-A018-C41BFD73CCA0",,,"195-BF-04","0224660",City of False Pass,4,65000,,65000,,,,true,false,false,false,,,,,DEC,,POINT (-163.41339111328125 54.86328125)
"4423FEAA-6CA7-48F5-B89D-7EDDC5DFF1F2",,,"195-BF-03","0224660",Aleutians East Borough School District - False Pass,1,1200,,1200,,,,false,false,true,false,,,,,DEC,,POINT (-163.418212890625 54.85308837890625)
AB23A4FE-2B44-4EE0-9ECF-0D11705EC96D,,,"196-BF-01","0224660",Isanotski Grocery Store,1,1000,,1000,,,,false,false,true,false,,,,,DEC,,POINT (-163.409912109375 54.86688232421875)
"011B4712-6525-4B16-A4CB-ADE09BF9FAF9",,ANC-P-017,,"0262285","SWRSD, Portage Creek",,,,,,,,,,,true,,,,,,,POINT (-157.71978759765625 58.9052734375)
FE1C1D96-F623-4694-ADA9-82D02F405415,,,,"0253820",National Guard Armory,,,,,,,,true,false,false,false,,,,,USCG,"2016 Letter Report",POINT (-164.0382080078125 59.93408203125)
CF093664-3A16-4A3C-9347-0A6A8D6A81B2,,,,"0253820",Tom's Store,,,,,,,,true,false,false,false,,,,,USCG,"2016 Letter Report",POINT (-164.6309814453125 60.94049072265625)
"05CC38AB-A05B-4F94-A85B-F972828E21CA",,ANC-K-048,,"0242050",Koyukuk Tank Farm - City of Koyukuk,5,95000,33000,62000,,,,true,false,false,true,,,,,DEC,,POINT (-157.7056884765625 64.8817138671875)
"7A3D0B3B-5FC9-4B1B-A087-222C99BD5703",,ANC-K-047,"281-BF-06","0242050",Koyukuk Tank Farm - Yukon Koyukuk School District,2,17000,,17000,,,,true,false,false,true,,,,,DEC,,POINT (-157.70440673828125 64.8817138671875)
A8DD319B-5CCE-40D5-ACBC-8E90A95348B9,,,,"0242050",DOT&PF Koyukuk APT,1,1000,,1000,,,,false,true,false,false,,,,,DEC,,POINT (-157.718505859375 64.87969970703125)
A816C762-5E40-489E-89F9-BA4C1D7C7825,,,,"0281920",Ukpeagvik Inupiat Corporation,3,5200,,5200,,,,false,false,true,false,,,,,DEC,,POINT (-156.66571044921875 71.32928466796875)
F681A2B1-247E-42A5-9190-DF9189FC6EDF,,,,"0281920",DOT&PF Barrow APT,1,2000,,2000,,,,false,false,true,false,,,,,DEC,,POINT (-156.7760009765625 71.2833251953125)
"61590B3C-7B6F-4882-9598-3D11DCDC4FE5",,,,"0281920","Barrow Utilities & Electric Cooperative, Inc.",3,14500,,14500,,,,false,false,true,false,,,,,DEC,,POINT (-156.780517578125 71.29168701171875)
AA46E999-9021-49E7-9F8E-58ADC5E2C929,,,,"0281920",AT&T - Barrow,1,2000,,2000,,,,false,false,true,false,,,,,DEC,,POINT (-156.77191162109375 71.27130126953125)
"46458926-F688-4612-ABF5-300ABAE53C25",,,,"0281920",North Slope Borough School District - Barrow,1,4000,,4000,,,,false,false,true,false,,,,,DEC,,POINT (-156.768310546875 71.289306640625)
"81AAA6DF-C293-4238-81DE-867DEA949B15",,,,"0272960",Bering Strait School District - Stebbins,1,8000,,8000,,,,true,false,false,false,,,,,DEC,,POINT (-162.28887939453125 63.5198974609375)
FF9C2E22-B0F4-4471-A542-FF86F28C55DE,,ANC-S-105,,"0272960",Stebbins Tank Farm,9,363000,103000,260000,,,,true,false,false,true,,,,,DEC,,POINT (-162.28558349609375 63.51971435546875)
"5D9A3A99-CEFE-445E-AC2A-F20DDFF484A3",,,,"0272960",City of Stebbins,1,4000,,4000,,,,true,false,false,false,,,,,DEC,,POINT (-162.28778076171875 63.5167236328125)
C5F32E6B-816C-473F-B868-AC94234612E8,,ANC-S-059,"418-BF-02","0272960",Alaska Village Electric Cooperative - Stebbins,9,410000,,410000,,,,,,,true,,,,,DEC,,POINT (-162.2864990234375 63.5211181640625)
"481B7FA5-019D-40DA-9EE2-D0C2CB23EE1C",,,,"0207070",Federal Aviation Administration - Big Lake VOR,1,1000,,1000,,,,false,false,true,false,,,,,DEC,,POINT (-149.96710205078125 61.56951904296875)
"8D819DD1-0266-4167-8D95-07E8122F761C",,,,"0279230",Tununak Airport Maintenance Station,2,2000,,2000,,,,false,false,true,false,,,,,DEC,,POINT (-165.2705078125 60.57672119140625)
A9C3A000-424E-4DCA-83F3-1BAEAB5E58D3,,,"365-BF-01","0262620",Lake and Peninsula School District - Port Alsworth,2,15300,,15300,,,,false,false,true,false,,,,,DEC,,POINT (-154.3275146484375 60.1962890625)
E670FA80-0EEE-4383-AF9E-7B7B187485C4,,,,"0262620",National Park Service - Lake Clark,9,13000,4000,9000,,,,false,true,false,false,,,,,DEC,,POINT (-154.322509765625 60.197509765625)
"759C64F5-DB1B-455D-85C0-2F0F02803E51",,,"248-BF-05","0236770",Inside Passage Electric Cooperative - Kake,4,63000,,63000,,,,true,false,false,false,,,,,DEC,,POINT (-133.92730712890625 56.968505859375)
"5D38D34D-5AB2-45F5-AA22-BE25817C0538",,,"248-BF-07","0236770",AT&T - Kake,1,6000,,6000,,,,false,true,false,false,,,,,DEC,,POINT (-133.80609130859375 56.9810791015625)
DAEC5650-5C4C-492E-B977-651DB9917A01,,,"248-BF-06","0236770",Kake Tribal Fuels,8,182000,64000,118000,,,,true,false,false,false,,,,,DEC,,POINT (-133.92120361328125 56.962890625)
"240D7405-12A0-4369-8158-75A6C0E0136D",,,"248-BF-03","0236770",Kake City School District,1,2450,,2450,,,,false,false,true,false,,,,,DEC,,POINT (-133.94610595703125 56.97747802734375)
"7A04FB3B-C9C5-4C98-B74F-393C46715566",,ANC-M-003,"291-BF-04","0247000",Alaska Village Electric Cooperative - Marshall,16,146500,,146500,,,,,,,true,,,,,DEC,,POINT (-162.08502197265625 61.87847900390625)
"8D84338F-249C-4902-A550-4DE848EDC2B5",,ANC-M-005,"291-BF-01","0247000",Lower Yukon School District - Marshall,8,88400,3000,85400,,,,true,false,false,true,,,,,DEC,,POINT (-162.08160400390625 61.87750244140625)
B35757F9-6BED-4813-9B71-D1F6F2DCA0DF,,,"121-BF-04","0209600",Northwest Arctic Borough School District - Buckland,1,12000,,12000,,,,true,false,false,false,,,,,DEC,,POINT (-161.1234130859375 65.97747802734375)
FC1A0FF3-1FFB-4CF5-804C-3CB2F5811594,,ANC-B-019,"121-BF-01","0209600",Buckland Tank Farm - Northwest Arctic Borough School District,4,92000,,92000,,,,true,false,false,true,,,,,DEC,,POINT (-161.13250732421875 65.9788818359375)
E044B030-CE0C-407D-9875-B4B4609B1B50,,ANC-B-018,"121-BF-12","0209600",Buckland Tank Farm - Native Village of Buckland,8,148000,51000,97000,,,,true,false,false,true,,,,,DEC,,POINT (-161.1317138671875 65.9788818359375)
"103D66F1-55ED-45EA-ACBF-965862157104",,,"121-BF-11","0209600",Buckland Tank Farm - City of Buckland,7,161000,,161000,,,,true,false,false,false,,,,,DEC,,POINT (-161.132080078125 65.9788818359375)
E6E8B171-EEAD-4097-8EF3-6EE74CECD474,,,"121-BF-06","0209600",City of Buckland,5,47800,10000,37800,,,,true,false,false,false,,,,,DEC,,POINT (-161.132080078125 65.9788818359375)
"146F9100-1BBD-4C57-87C4-EA4BC5064C1D",,,"121-BF-03","0209600",DOT&PF Buckland APT ,1,3000,,3000,,,,false,true,false,false,,,,,DEC,,POINT (-161.13848876953125 65.98052978515625)
BA85C1A4-F6AC-4ED4-82F8-22E205D1445F,,,"282-BF-06","0242820",DOT&PF Minchumina APT,1,1000,,1000,,,,false,true,false,false,,,,,DEC,,POINT (-152.30987548828125 63.88427734375)
B83E08B4-8B8B-4C46-992F-3376059CFB8E,,,,"0242820",Federal Aviation Administration - Lake Minchumina - MHM SX,1,2000,,2000,,,,false,false,true,false,,,,,DEC,,POINT (-152.30181884765625 63.8861083984375)
"78FF04C4-4FF5-44FB-9845-D1752F0F23FE",,,,"0240840",Northwest Arctic Borough School District - Kobuk,4,27500,,27500,,,,true,false,false,false,,,,,DEC,,POINT (-156.8828125 66.9083251953125)
"73C63010-C645-41DF-8242-C6D3424317F8",,,"257-BF-10","0237975",Lower Kuskokwim School District - Kasigluk - Akiuk,5,63000,,63000,,,,true,false,false,false,,,,,DEC,,POINT (-162.5194091796875 60.89471435546875)
"82F478F7-CC16-44C5-85B8-F5BB3B1201BA",,ANC-K-014,"257-BF-09","0237975",Lower Kuskokwim School District - Akula,1,4000,,4000,,,,true,false,false,true,,,,,DEC,,POINT (-162.5159912109375 60.8729248046875)
DA554104-8A28-4429-9F7B-CE414FB1DD37,,ANC-K-104,,"0237975","ANTHC Old Kasigluk, Kasigluk",,,,,,,,,,,true,,,,,,,POINT (-162.5194091796875 60.89471435546875)
F0234DED-3087-44A2-B87A-59E8A8561D5E,,ANC-K-062,"257-BF-17","0237975",Alaska Village Electric Cooperative - Kasigluk,7,310000,,310000,,,,,,,true,,,,,DEC,,POINT (-162.517578125 60.8720703125)
D4A39204-F52E-488C-B922-27139E1FD5E4,,ANC-K-103,,"0237975",ANTHC New Kasigluk,,,,,,,,,,,true,,,,,,,POINT (-162.5194091796875 60.89471435546875)
"2815501C-6816-45E9-9738-4E61188D06E4",,,"257-BF-12","0237975",Kasigluk Tank Farm,7,283000,156000,127000,,,,true,false,false,false,,,,,DEC,,POINT (-162.51800537109375 60.8720703125)
D6060993-C880-4CFD-9A13-0D44D3A81F53,,,"257-BF-20","0237975",Kasigluk Traditional Council,2,40000,,40000,,,,true,false,false,false,,,,,DEC,,POINT (-162.51708984375 60.87109375)
"5C4B0813-680E-47D6-A697-FE76F3230475",,,"148-BF-07","0217410",Prince William Sound Aquaculture Corporation - Main Bay,3,12200,2200,10000,,,,true,false,false,false,,,,,DEC,,POINT (-148.09332275390625 60.51971435546875)
"0FA60D29-5FDB-45C0-8C23-DBEF952F6C70",,,,"0217410",Federal Aviation Administration - Hinchinbrook Island - JOH PXA,1,20000,,20000,,,,true,false,false,false,,,,,DEC,,POINT (-146.59930419921875 60.4810791015625)
AE259A2D-93B6-4E34-AEE3-3F39B37685ED,,,,"0217410",Federal Aviation Administration - Hinchinbrook Island - JOH PX,1,20000,,20000,,,,true,false,false,false,,,,,DEC,,POINT (-146.59930419921875 60.4810791015625)
CDF44668-FCE1-412E-9AED-B6E36850A02B,,,,"0217410",Federal Aviation Administration - Cordova - CDV FSS,1,2000,,2000,,,,false,false,true,false,,,,,DEC,,POINT (-145.75 60.55010986328125)
A01AEC49-0662-40CE-84C2-FF4805EE2D8D,,,"146-BF-05","0217410",Federal Aviation Administration - Cordova - CDV BLDG,1,1000,,1000,,,,false,false,true,false,,,,,DEC,,POINT (-145.47747802734375 60.49188232421875)
D7CDBBEC-A81A-4C94-965B-2B315201ED4A,,,"146-BF-04","0217410",Cordova Electric Cooperative,2,2000,,2000,,,,false,false,true,false,,,,,DEC,,POINT (-145.7572021484375 60.544677734375)
"73FD0062-5B5A-4BB4-A9C6-33FD2843A69A",,,,"0217410",Alaska Commercial Company - Cordova,1,1100,,1100,,,,false,false,true,false,,,,,DEC,,POINT (-145.7637939453125 60.542724609375)
AD383347-C78A-4F0E-84E7-0A07975B206C,,,,"0217410",Trident - Cordova,4,7000,,7000,,,,false,false,true,false,,,,,DEC,,POINT (-145.76422119140625 60.54888916015625)
"1FF7A1D5-A8B5-49A0-BF91-D7BC0D3F5FB3",,,"148-BF-03","0217410",Prince William Sound Aquaculture Corporation - Wally Noerenberg,3,13100,3100,10000,,,,true,false,false,false,,,,,DEC,,POINT (-148.08929443359375 60.79931640625)
CE3676FB-5E29-4BA0-ABC8-A95B8EA061B0,,,"146-BF-08","0217410","AVSUPFAC Cordova, AK",4,23500,,13500,,10000,,false,true,false,false,,,,,DEC,,POINT (-145.480224609375 60.4967041015625)
"72365B62-C5FD-4862-96DB-CC1CB42EF93F",,,,"0217410",Ocean Beauty Seafoods LLC - Cordova,2,7500,,7500,,,,false,false,true,false,,,,,DEC,,POINT (-145.7593994140625 60.5521240234375)
"71EC5B24-7855-441C-A05D-9F2E5682E052",,,,"0217410",Mt. Eccles Elementary,1,5200,,5200,,,,false,false,true,false,,,,,DEC,,POINT (-145.7576904296875 60.543701171875)
"991585AC-A293-4D46-8026-D8384688F8F0",,,"146-BF-03","0217410",Cordova Jr./Sr. High School,1,3000,,3000,,,,false,false,true,false,,,,,DEC,,POINT (-145.7589111328125 60.540283203125)
"287A73F4-6B01-4BC5-9764-647FA3359303",,,"146-BF-07","0217410",City of Cordova,1,2000,,2000,,,,false,false,true,false,,,,,DEC,,POINT (-145.75830078125 60.54449462890625)
A582CD1B-2461-42BC-AD24-4957D48F8D0C,,,"148-BF-04","0217410",Prince William Sound Aquaculture Corporation - Cannery Creek,4,32500,2500,30000,,,,true,false,false,false,,,,,DEC,,POINT (-147.51611328125 61.01812744140625)
ACC2E82E-44B3-4A22-9FB0-A4E7A2571A04,,,"112-BF-07","0203220",Denali Borough School District - Anderson,1,5000,,5000,,,,false,false,true,false,,,,,DEC,,POINT (-149.18878173828125 64.3428955078125)
F0B55A5E-4D44-483F-959F-F391B03E5092,,,"112-BF-09","0203220",Denali Borough - Anderson,1,1500,,1500,,,,false,false,true,false,,,,,DEC,,POINT (-149.105712890625 64.27252197265625)
"7232E8F4-5E65-4714-8708-386B0CA2CA09",,,,"0253050",DOT&PF Nenana MS ,2,4000,3000,1000,,,,false,false,true,false,,,,,DEC,,POINT (-149.0853271484375 64.55908203125)
"39D39C45-2B34-4C54-9DE9-165016D302D5",,,"308-BF-06","0253050",Federal Aviation Administration - Nenana - ENN VOr,1,1000,,1000,,,,false,false,true,false,,,,,DEC,,POINT (-149.07281494140625 64.590087890625)
"1F3399A7-FBC2-40CA-9B93-794EAE08D2F5",,,"420-BF-01","0273400",Kuspuk School District - Stony River,2,21000,,21000,,,,true,false,false,false,,,,,DEC,,POINT (-156.5885009765625 61.787109375)
"8DFD230E-C5E7-49E1-B2B1-F1DE440DAE7B",,ANC-S-066,,"0273400",Middle Kuskokwim Electric Cooperative - Stony River,2,26000,,26000,,,,true,false,false,true,,,,,DEC,,POINT (-156.58599853515625 61.789306640625)
F5AD660F-BFB2-45F7-A0DD-3D6376AE81F5,,,,"0230940",Chatham School District - Gustavus,1,1500,,1500,,,,false,false,true,false,,,,,DEC,,POINT (-135.71038818359375 58.41912841796875)
B718A85C-8F35-4926-949D-1A17CD92D97A,,,,"0230940",National Park Service - Glacier Bay,9,19200,,19200,,,,true,false,false,false,,,,,DEC,,POINT (-135.873291015625 58.45330810546875)
"436C8E35-D254-4FBA-8564-6DE2E2BAAD3C",,,"291-BF-02","0246890",Southwest Region School District - Manokotak,5,53500,,53500,,,,true,false,false,false,,,,,DEC,,POINT (-159.0491943359375 58.98870849609375)
"12AB835A-E2CA-498A-B5EB-BA0FDA8EBD71",,,,"0246890",Manokotak Airport Maintenance Station,2,5500,,5500,,,,true,false,false,false,,,,,DEC,,POINT (-158.89947509765625 58.93768310546875)
"30075FA5-1B85-4EBC-8E2B-939C3065DC3C",,,,"0274830",Talkeetna Maintenance Station,3,16000,7500,8500,,,,false,false,true,false,,,,,DEC,,POINT (-150.0919189453125 62.325927734375)
"9F79FB88-D416-4714-9F4E-8F1FEC0570C2",,,,"0274830",Alaska Railroad - Talkeetna,1,1000,,1000,,,,false,false,true,false,,,,,DEC,,POINT (-150.11187744140625 62.32391357421875)
F5248E29-E273-4E51-9DE6-31E437308952,,,,"0274830",Crowley - Talkeetna,6,68000,21000,47000,,,,false,false,true,false,,,,,DEC,,POINT (-150.07159423828125 62.27252197265625)
"7FD81069-D51F-4034-9EFC-B817378DA498",,,,"0274830",Federal Aviation Administration - Talkeetna - TKA FSS,1,1000,,1000,,,,false,false,true,false,,,,,DEC,,POINT (-150.0936279296875 62.32049560546875)
CB5F15FA-D66B-441C-BF8C-63502D037209,,,,"0274830",Federal Aviation Administration - Talkeetna - TKA VOR,1,1000,,1000,,,,false,false,true,false,,,,,DEC,,POINT (-150.105224609375 62.29827880859375)
FB134D16-49E3-46D3-907B-F546E8F4C681,,,,"0274830",Talkeetna Elementary School,1,5000,,5000,,,,false,false,true,false,,,,,DEC,,POINT (-150.10858154296875 62.31787109375)
"9986BFFD-064E-4BA2-A9BC-2E9146E041DE",,,,"0277140",Alaska Power & Telephone - Thorne Bay Power Generation Station,1,4000,,4000,,,,false,false,true,false,,,,,DEC,,POINT (-132.52880859375 55.68609619140625)
B7E68FA8-CBBD-45FD-8AAC-B95EF13A029A,,,,"0203990",Arctic Village Tank Farm - Arctic Village Traditional Council,4,20000,6000,14000,,,,false,true,false,false,,,,,DEC,,POINT (-145.57049560546875 68.12127685546875)
"08FBA8A0-92C4-4FCE-A99B-AF2EAE8B1E3B",,,,"0203990",Arctic Village Tank Farm - Yukon Flats School District,2,22000,,22000,,,,false,true,false,false,,,,,DEC,,POINT (-145.57049560546875 68.12127685546875)
D67235C3-3D8B-485F-B7AF-4D964FCAA312,,,,"0203000",Anchorage School District - Bartlett High School,2,12125,,12125,,,,false,false,true,false,,,,,DEC,,POINT (-149.7333984375 61.23248291015625)
"650F4992-AB58-4A98-BEBB-C20F649E0733",,,,"0203000",Anchorage School District - Wendler Middle School,1,5000,,5000,,,,false,false,true,false,,,,,DEC,,POINT (-149.83612060546875 61.19390869140625)
"2A9929CD-2C24-4C78-8498-1DBC5BCC6A1D",,,,"0203000",Anchorage School District - Warehouse,1,2000,,2000,,,,false,false,true,false,,,,,DEC,,POINT (-149.9208984375 61.1759033203125)
"45545605-70C4-4325-BB1A-0BD2AA0B3C6C",,,"100-BF-01","0203000",Anchorage School District - Ursa Major Elementary School,1,3000,,3000,,,,false,false,true,false,,,,,DEC,,POINT (-149.67742919921875 61.25128173828125)
C9C55A93-61A6-4764-B097-78DBF717D1B2,,,,"0203000",Anchorage School District - William Tyson Elementary School,1,1500,,1500,,,,false,false,true,false,,,,,DEC,,POINT (-149.82550048828125 61.22747802734375)
CC5DD9BA-0777-46CB-8C5A-B4093F71E8A7,,,,"0203000",Anchorage School District - Trailside Elementary School,1,1500,,1500,,,,false,false,true,false,,,,,DEC,,POINT (-149.7877197265625 61.139892578125)
"3A68F9F2-8524-46D4-AE21-5554583FDE61",,,,"0203000",Anchorage School District - Student Transportation,2,12000,,12000,,,,false,false,true,false,,,,,DEC,,POINT (-149.8101806640625 61.1796875)
E9120740-60FA-4B54-926C-BF402402BE41,,,,"0203000",Anchorage School District - Student Nutrition,2,4000,,4000,,,,false,false,true,false,,,,,DEC,,POINT (-149.85772705078125 61.1123046875)
"6FDF1AEA-54BB-4A5D-9141-CA3C6E257CB4",,,,"0203000",Anchorage School District - South High School,1,5000,,5000,,,,false,false,true,false,,,,,DEC,,POINT (-149.8082275390625 61.10009765625)
E98D3FA4-6365-44C5-9736-E87A8555B71D,,,,"0203000",Anchorage School District - Service High School,1,5000,,5000,,,,false,false,true,false,,,,,DEC,,POINT (-149.78118896484375 61.13909912109375)
"3E49C739-2153-4986-9975-DCA20333F0B8",,,,"0203000",Anchorage School District - Russian Jack Elementary School,1,1500,,1500,,,,,,,false,,,,,DEC,,POINT (-149.80047607421875 61.20068359375)
E096E9C5-5AA4-461D-8092-4758490F6C81,,,,"0203000",Anchorage School District - Romig Middle School,1,5000,,5000,,,,,,,false,,,,,DEC,,POINT (-149.91497802734375 61.1978759765625)
"1C045B0E-1915-4EFF-B0FE-50F571183A50",,,,"0203000",Anchorage School District - Mears Middle School,1,3500,,3500,,,,false,false,true,false,,,,,DEC,,POINT (-149.931396484375 61.12890625)
"21291BA3-351F-4D14-8831-B18D8E574C5B",,,,"0203000",Anchorage School District - Maintenance Building,1,3000,,3000,,,,false,false,true,false,,,,,DEC,,POINT (-149.8577880859375 61.11328125)
"19BBFD89-30F0-4ED7-A2BB-8975054F6C2C",,,,"0203000",Anchorage School District - Hanshew Middle School,2,3524,,3524,,,,false,false,true,false,,,,,DEC,,POINT (-149.83001708984375 61.130126953125)
B7CC301C-B675-40C9-80A7-82BA544A799E,,,,"0203000",Anchorage School District - Government Hill Elementary School,2,4500,,4500,,,,false,false,true,false,,,,,DEC,,POINT (-149.87060546875 61.2335205078125)
E2523660-1F61-490B-90E2-2359BED4159E,,,,"0203000",Anchorage School District - Goldenview Middle School,1,4000,,4000,,,,false,false,true,false,,,,,DEC,,POINT (-149.77801513671875 61.07867431640625)
"07C48A5D-A1EC-41E4-B6D9-D96CF8B72D43",,,"103-BF-01","0203000",ConocoPhillips Anchorage Office Complex,1,3000,,3000,,,,false,false,true,false,,,,,DEC,,POINT (-149.89630126953125 61.21527099609375)
"97124690-7D44-4102-AC45-8181A4D7ED0C",,,"105-BF-01","0203000",FedEx Express Corporation - ANCR,1,2688,,2688,,,,false,false,true,false,,,,,DEC,,POINT (-149.9984130859375 61.190673828125)
"206962E5-8311-4ACF-9E3E-9319F4032873",,,,"0203000",State of Alaska Department of Fish and Game - Anchorage,1,4000,,4000,,,,false,false,true,false,,,,,DEC,,POINT (-149.8297119140625 61.23028564453125)
"5A485B74-9E5B-4E4B-A8F6-5D955150F7D0",,,,"0203000",Alaska Railroad - Anchorage,2,76700,,76700,,,,false,false,true,false,,,,,DEC,,POINT (-149.88861083984375 61.22528076171875)
"5509D500-C9C2-4D19-B577-8386869D47DF",,,,"0203000",AK DOT&PF Anchorage Maintenance Station,1,10000,,10000,,,,false,false,true,false,,,,,DEC,,POINT (-149.84112548828125 61.18212890625)
E951B02D-CDE8-4D02-A808-236A1E749DDC,,,,"0203000",Alaska Airlines - Anchorage,2,10000,5000,5000,,,,false,false,true,false,,,,,DEC,,POINT (-149.98150634765625 61.17352294921875)
"5E60CFBE-1754-4A9C-8D68-F7EBF52CDB05",,,"104-BF-04","0203000",ENSTAR Natural Gas,1,1300,1300,,,,,false,false,true,false,,,,,DEC,,POINT (-149.87701416015625 61.17431640625)
ECE99F26-72D5-4DB9-84A6-747709CDD668,,,,"0203000",Anchorage Fueling and Service Company - Operations and Maintenance Base,6,21000,2000,3000,,16000,,true,false,false,false,,,,,DEC,,POINT (-150.03997802734375 61.17510986328125)
"06398E45-6B4F-42C3-8567-10AC4652B28F",,,,"0203000",Anchorage Fueling and Service Company - Off-Airport Fuel Facility,1,10000,,,,10000,,true,false,false,false,,,,,DEC,,POINT (-150.03997802734375 61.17510986328125)
"300C8047-CA46-431A-A995-1B787F79392B",,,,"0203000",Anchorage Fueling and Service Company - Airport Fuel Facility,2,4000,,2000,,2000,,true,false,false,false,,,,,DEC,,POINT (-150.03997802734375 61.17510986328125)
"5AD6E053-8701-48DC-81A9-5962E9731141",,,"112-BF-04","0203000",Ted Stevens Anchorage International Airport,9,32000,6000,26000,,,,false,false,true,false,,,,,DEC,,POINT (-149.98150634765625 61.17352294921875)
"64761B55-BBD0-4736-A66B-237FD41E4C18",,,"109-BF-01","0203000",NRC Alaska - Anchorage,1,10000,,10000,,,,false,false,true,false,,,,,DEC,,POINT (-149.84271240234375 61.223876953125)
"392D764D-71F7-45B2-BAE8-2F521955D788",,,"107-BF-01","0203000",Municipal Light and Power,3,227072,8000,219072,,,,false,false,true,false,,,,,DEC,,POINT (-149.85968017578125 61.22088623046875)
D1F05634-C359-4D56-976B-BAD0A2DA4669,,,"112-BF-03","0203000",Rain Proof Roofing - Anchorage Branch,2,3000,2000,1000,,,,false,false,true,false,,,,,DEC,,POINT (-149.8411865234375 61.1458740234375)
C51EFE45-833F-492D-9D41-79A332CA4263,,,,"0203000",Alaska Waste - Anchorage,2,10000,,10000,,,,false,false,true,false,,,,,DEC,,POINT (-149.860595703125 61.1636962890625)
"777BD506-2C38-4DFA-9680-7F5305C23F7B",,,"112-BF-05","0203000","Weaver Bros., Inc. Anchorage Terminal",1,6000,,6000,,,,false,false,true,false,,,,,DEC,,POINT (-161.030029296875 66.5001220703125)
ECE40BF8-AC76-495C-82E6-79FBF77BAE00,,,"104-BF-05","0203000",Environmental Compliance Consultants,4,12500,,10000,,2500,,false,false,true,false,,,,,DEC,,POINT (-149.85479736328125 61.22509765625)
"6C28B2E0-7583-4FB4-9B04-A8A26BA310F3",,,"112-BF-08","0203000",United Parcel Service - Anchorage Gateway,2,7000,5000,2000,,,,false,false,true,false,,,,,DEC,,POINT (-150.0006103515625 61.19451904296875)
B461A6E1-EF73-41C4-8195-F61F8C1B730F,,,"112-BF-06","0203000",Verizon Wireless,2,16000,,16000,,,,false,false,true,false,,,,,DEC,,POINT (-149.87139892578125 61.18511962890625)
"4CD13895-8EAB-4F3B-8C00-101747A4985E",,,,"0203000",Chugach Electric - Anchorage Headquarters,2,2700,,2700,,,,false,false,true,false,,,,,DEC,,POINT (-149.91058349609375 61.16888427734375)
"5ACBE17A-21DF-40B4-A9B4-B04B37C89D9A",,,,"0203000",Ravn Air - Anchorage,2,2000,1000,1000,,,,false,false,true,false,,,,,DEC,,POINT (-149.97100830078125 61.1727294921875)
FC655AD0-5508-4BE0-9D1F-1871442754F8,,,,"0203000",State of Alaska Department of Corrections - Anchorage Correctional Facility,2,17500,,17500,,,,false,false,true,false,,,,,DEC,,POINT (-149.8563232421875 61.21868896484375)
"76F94D91-B7A2-4F41-A8D4-BC17A1AECA17",,,,"0203000",Anchorage School District - East High School,1,10230,,10230,,,,false,false,true,false,,,,,DEC,,POINT (-149.805908203125 61.2000732421875)
CE6D73AC-0A81-486A-8D5A-376A624F516B,,,,"0203000",Anchorage School District - Dimond High School,1,8000,,8000,,,,false,false,true,false,,,,,DEC,,POINT (-149.93389892578125 61.1436767578125)
"2706137F-5ED4-447E-8C0E-35FB45086E7C",,,,"0203000",Anchorage School District - Clark Middle School,1,3550,,3550,,,,false,false,true,false,,,,,DEC,,POINT (-149.81048583984375 61.22271728515625)
F1657983-D3E3-44A8-96D8-91DFAD79BC5E,,,,"0203000",Anchorage School District - Begich Middle School,1,6000,,6000,,,,false,false,true,false,,,,,DEC,,POINT (-149.743408203125 61.20867919921875)
DA84F06B-802C-4550-9C22-FE03979714E2,,,"104-BF-03","0203000",Federal Aviation Administration - Anchorage - ASDE,1,1000,,1000,,,,false,false,true,false,,,,,DEC,,POINT (-149.9884033203125 61.164306640625)
"9C8FED26-AB7E-47BD-840A-3271CFB92E7B",,,"104-BF-02","0203000",Federal Aviation Administration - Anchorage - ASR-8,1,1000,,1000,,,,false,false,true,false,,,,,DEC,,POINT (-150.01629638671875 61.17828369140625)
"82786333-0523-4B2A-8D57-1D372E9D3F01",,,"104-BF-01","0203000",Federal Aviation Administration - Anchorage - ASR11,1,2000,,2000,,,,false,false,true,false,,,,,DEC,,POINT (-150.002685546875 61.09552001953125)
BE1BDB82-E648-4974-8944-E76427AD8699,,,"105-BF-03","0203000",GCI Communication Corp. - East OTN Anchorage,1,3000,,3000,,,,false,false,true,false,,,,,DEC,,POINT (-149.79388427734375 61.2100830078125)
"4516AC97-6819-43DF-95C5-E74912398039",,,,"0203000",GCI Communication Corp. - Anchorage SADC,2,10000,,10000,,,,false,false,true,false,,,,,DEC,,POINT (-149.890625 61.15869140625)
"35C756BA-6ABC-46AF-A1CE-7B04F0398B92",,,"105-BF-02","0203000",GCI Communication Corp. - Anchorage Cable Head End,2,2000,,2000,,,,false,false,true,false,,,,,DEC,,POINT (-149.88970947265625 61.1790771484375)
"5F01CBF4-73B2-4E31-817E-B6260B8849C6",,,"106-BF-05","0203000",Lowe's - Anchorage - Muldoon #2955,1,1500,,1500,,,,false,false,true,false,,,,,DEC,,POINT (-149.747802734375 61.22991943359375)
"797A3ACD-3784-4EEF-BE33-42B7DA4E9B69",,,"106-BF-01","0203000",Lowe's - Anchorage - Old Seward #1633,1,1500,,1500,,,,false,false,true,false,,,,,DEC,,POINT (-149.86810302734375 61.1217041015625)
B4417888-37CE-4EF6-A26A-55AF825A21AB,,,"106-BF-02","0203000",Lowe's - Anchorage - Tudor #289,1,2000,,2000,,,,false,false,true,false,,,,,DEC,,POINT (-149.8787841796875 61.1824951171875)
"63074EC4-7211-4F0E-AB39-1F4E107E73F9",,,,"0203000",Global Rides,2,24454,,,,24454,,false,false,true,false,,,,,DEC,,POINT (-149.98028564453125 61.16009521484375)
"2A532DB0-BADF-4AF5-A3AE-160DB76E6278",,,"102-BF-01","0203000",Anchorage US Courthouse,1,4000,,4000,,,,false,false,true,false,,,,,DEC,,POINT (-149.885009765625 61.215087890625)
A0289C80-A3E8-4499-84A1-64567897D7FF,,ANC-A-026,"109-BF-02","0203000",Petro 49 - Anchorage - Shoreside Petroleum,1,10000,,10000,,,,false,false,true,true,,,,,DEC,,POINT (-149.83331298828125 61.1624755859375)
"832D7857-2A62-4375-B073-5F9EE29F2B5A",,,,"0203000",North Park Fuels,8,140000,10000,10000,,120000,,false,false,true,false,,,,,DEC,,POINT (-149.99530029296875 61.19732666015625)
"75668C60-1872-4D4C-8044-F1DD5491AC2A",,,"106-BF-03","0203000",Lake and Peninsula Air,1,3000,,,,3000,,false,false,true,false,,,,,DEC,,POINT (-149.84918212890625 61.2169189453125)
"7413849C-F5C7-4FDF-A3E3-E95447A0C807",,,,"0203000",Municipality of Anchorage - Fire Station #1,1,1500,,1500,,,,false,false,true,false,,,,,DEC,,POINT (-149.8822021484375 61.21832275390625)
"29247ED0-1337-401F-B61E-16CC3CA5ADCA",,,"109-BF-03","0203000",Northern Holdings,1,16000,,,,16000,,false,false,true,false,,,,,DEC,,POINT (-149.99072265625 61.1636962890625)
"2F52A7FA-6ED5-433F-A1F9-BA3347CD1F20",,ANC-A-021,,"0203000",Port of Anchorage,1,2000,,2000,,,,false,false,true,true,,,,,DEC,,POINT (-149.88592529296875 61.2388916015625)
"02EE61FE-4430-42B2-8B37-8251E4F61559",,ANC-A-080,,"0203000","US Ecology Alaska Services (Mobile), Anchorage",,,,,,,,,,,true,,,,,,,POINT (-149.894775390625 61.21630859375)
"0B82F662-B1E3-4027-8EAD-DA113B629812",,ANC-A-099,,"0203000","Matson Navigation, Anchorage",,,,,,,,,,,true,,,,,,,POINT (-149.894775390625 61.21630859375)
"1417725B-9B42-49D4-B695-548FDF4F26C0",,ANC-A-040,,"0203000","Totem International, Anchorage",,,,,,,,,,,true,,,,,,,POINT (-149.894775390625 61.21630859375)
"4A5A74B8-904D-4B1F-A782-4DC77DBC8A5E",,ANC-A-022,,"0203000","Delta Western Petroleum (Mobile), Anchorage",,,,,,,,,,,true,,,,,,,POINT (-149.894775390625 61.21630859375)
"850CED72-9482-4635-B3CE-F90A68529277",,ANC-A-100,,"0203000","Clean Harbors Environmental Services, Inc.",,,,,,,,,,,true,,,,,,,POINT (-149.894775390625 61.21630859375)
"8B5C76E5-8C77-4629-888C-92E9FEFBA818",,ANC-A-041,,"0203000","Northstar Terminal, Anchorage",,,,,,,,,,,true,,,,,,,POINT (-149.894775390625 61.21630859375)
"9AD06441-8280-48DE-B08B-33FD6F5BBD5C",,ANC-A-025,,"0203000","Andeavor Logistics LP, (ANDX)",,,,,,,,,,,true,,,,,,,POINT (-149.894775390625 61.21630859375)
BCA384CB-9569-4872-87E0-87CCFC9D74DE,,ANC-A-069,,"0203000","Petro Star Inc., Anchorage",,,,,,,,,,,true,,,,,,,POINT (-149.894775390625 61.21630859375)
FE69B373-CEA6-404B-946F-69BC55AC0A15,,ANC-A-024,,"0203000",Andeavor Logistics (Terminal 2),,,,,,,,,,,true,,,,,,,POINT (-149.894775390625 61.21630859375)
DCC6BD42-2620-46F3-B756-171CA27E6222,,,,"0203000",Federal Aviation Administration - Anchorage - SX ALS,1,2000,,2000,,,,false,false,true,false,,,,,DEC,,POINT (-149.98150634765625 61.17327880859375)
"4A58F3C3-208C-4D95-BCC3-667BF010941C",,ANC-A-081,"103-BF-02","0203000",Delta Western - Anchorage Inlet Energey Warehouse,1,4400,,4400,,,,false,false,true,true,,,,,DEC,,POINT (-149.84661865234375 61.222900390625)
"6D5FB766-9E15-45A9-A918-04328EFE0E7F",,,,"0203000",EAN Vehicle Service Center,1,1000,1000,,,,,false,false,true,false,,,,,DEC,,POINT (-149.969482421875 61.17547607421875)
"786F7C14-A6C6-4859-AA45-7085CDE46EE8",,,"112-BF-01","0203000",University of Alaska Anchorage - Anchorage,9,15419,,15419,,,,false,false,true,false,,,,,DEC,,POINT (-149.81378173828125 61.19189453125)
"8908D3CF-BA9C-4155-ABD2-D9C6F80840C0",,,,"0203000",Air Medical Group Holdings - Anchorage,1,12000,,,,12000,,,,,false,,,,,DEC,,POINT (-149.9508056640625 61.17327880859375)
"2A9B911B-4E3C-4269-AAA6-5AE279B5FEC0",,ANC-A-027,,"0203000",Crowley - Anchorage - Lake Hood,1,6000,,6000,,,,false,false,true,true,,,,,DEC,,POINT (-149.97882080078125 61.1812744140625)
"8F1DAEF7-4CF1-4340-9398-68F4645A1F18",,,,"0246010",AT&T - McGrath,1,1000,,1000,,,,false,false,true,false,,,,,DEC,,POINT (-155.5880126953125 62.9500732421875)
FE795A58-DA50-40C1-B72F-CD71CEDB3793,,,,"0246010","Yukon Fuel Company, McGrath",,,,,,,,,,,false,,,,,,,POINT (-155.58837890625 62.9500732421875)
"5DD4DE3C-A9F6-47AF-A7F5-C3C9F0678302",,ANC-M-012,,"0246010","Crowley Bulk Fuel Facility, McGrath",,,,,,,,,,,true,,,,,USCG,"2015 Assessment",POINT (-155.5950927734375 62.95648193359375)
F7BC2F70-DEB3-4539-8EB4-8CE743DC31AB,,ANC-M-008,,"0246010",Iditarod Area School District - McGrath,1,10000,,10000,,,,false,false,true,true,,,,,DEC,,POINT (-155.59649658203125 62.9534912109375)
E24B5472-872F-4239-A116-FC23CC2087AB,,,"292-BF-03","0246010",Federal Aviation Administration - McGrath - MCG,1,10000,,10000,,,,false,false,true,false,,,,,DEC,,POINT (-155.36407470703125 62.5703125)
DE51C970-B898-40CE-AADC-9FA47BA4D7DB,,ANC-M-007,"292-BF-01","0246010",City of McGrath,4,41000,5000,36000,,,,true,false,false,true,,,,,DEC,,POINT (-155.588623046875 62.9500732421875)
"9942D7E8-9989-4E76-8408-2E10FCB167C8",,,,"0246010",McGrath Airport,3,16000,,16000,,,,true,false,false,false,,,,,DEC,,POINT (-155.5999755859375 62.95111083984375)
"235636AE-E29E-4AAC-8696-5F02D103CDE8",,ANC-M-009,,"0246010","McGrath Light & Power, LLC",4,392500,,392500,,,,true,false,false,true,,,,,DEC,,POINT (-155.59442138671875 62.95672607421875)
"5CEED9A4-3489-41F3-BE24-92F9FC2039C0",,,"138-BF-04","0214330",Nelson Brothers,,,,,,,,true,false,false,false,,,,,USCG,,POINT (-159.24639892578125 61.5718994140625)
A6CB6477-FB04-4004-957A-50D44B89565D,,,,"0214330",Chuathbaluk Airport Maintenance Station,2,2000,,2000,,,,false,false,true,false,,,,,DEC,,POINT (-159.2261962890625 61.57891845703125)
DF089F3D-FF57-46E4-926F-17F5878F0CE9,,,,"0214330",Chuathbaluk Tank Farm - City of Chuathbaluk,2,16000,16000,,,,,true,false,false,false,,,,,DEC,,POINT (-159.24188232421875 61.5709228515625)
E06E92CB-E637-4120-967B-1F567B0B9489,,ANC-C-016,,"0214330",Chuathbaluk Tank Farm - Middle Kuskokwim Electric Cooperative,2,17000,5000,12000,,,,true,false,false,true,,,,,DEC,,POINT (-159.24212646484375 61.5709228515625)
"666AF2B3-097B-4007-AC06-0BEC7A92A08C",,,,"0214330",Kuspuk School District - Chuathbaluk,2,21000,,21000,,,,true,false,false,false,,,,,DEC,,POINT (-159.24951171875 61.57373046875)
B0D43C0D-743A-444E-BA07-F893397FE358,,,"462-BF-01","0284000",Alaska Power & Telephone - Whale Pass Power Generation Station,1,10000,,10000,,,,false,false,true,false,,,,,DEC,,POINT (-133.13250732421875 56.12030029296875)
D5834F27-2798-4F85-ACD2-68A063A0C5AD,,,"203-BF-06","0227090",Fritz Creek General Store,1,12000,12000,,,,,false,false,true,false,,,,,DEC,,POINT (-151.339111328125 59.7103271484375)
FFFE3140-EE71-41D1-A6C0-CAE8A0D5466C,,,,"0222140",AT&T - Elfin Cove,1,4004,,4004,,,,false,true,false,false,,,,,DEC,,POINT (-136.63970947265625 58.19873046875)
"3727BA95-7C2C-449A-BE09-8E3FA65E6C0D",,,,"0260200",AK DOT&PF Perryville,1,1000,,1000,,,,,,,false,,,,,DEC,,POINT (-159.16082763671875 55.90887451171875)
"0603769B-74B3-4779-9406-0C322B1770A9",,,,"0260200",Lake and Peninsula School District - Perryville,3,23400,,23400,,,,true,false,false,false,,,,,DEC,,POINT (-159.1444091796875 55.91168212890625)
DF60A289-BFB7-4882-92EA-89D65B32D0B7,,,"114-BF-01","0203550",AK DOT&PF Aniak Maintenance Station,3,5000,,5000,,,,false,false,true,false,,,,,DEC,,POINT (-159.531982421875 61.5750732421875)
"3FA95472-66EF-46BC-A7EF-18C4B0302C1D",,ANC-A-018,"115-BF-05","0203550",Aniak Light and Power,12,219500,4500,215000,,,,true,false,false,true,,,,,DEC,,POINT (-159.60198974609375 61.59588623046875)
"41BB80C2-006E-426F-9920-D13010CE5C2D",,,"114-BF-02","0203550",Alaska Commercial Company - Aniak,3,3000,,3000,,,,false,false,true,false,,,,,DEC,,POINT (-159.5255126953125 61.577880859375)
"4D884AEB-1C3D-4C4F-80B2-843ED0A9459E",,ANC-A-029,"115-BF-12","0203550",Kuspuk School District - Aniak,7,18000,,18000,,,,,,,true,,,,,DEC,,POINT (-159.55010986328125 61.58050537109375)
"013ABDFD-DB31-4E01-B9E3-9FF760C2BB05",,,"252-BF-01","0281320",Kalskag Tank Farm - City of Kalskag,6,88000,37000,51000,,,,true,false,false,false,,,,,DEC,,POINT (-160.348388671875 61.52630615234375)
"114FF0DE-E8A1-487F-8505-67999F6000EC",,,"252-BF-02","0281320",Kalskag Tank Farm - Morgan Fuel Service,6,140000,59000,81000,,,,true,false,false,false,,,,,DEC,,POINT (-160.3485107421875 61.526123046875)
"878BC716-270E-4C3D-A08A-4C69C561E231",,ANC-K-007,,"0281320","Morgan's Fuel Service, Kalskag",,,,,,,,,,,true,,,,,,,POINT (-160.31561279296875 61.538330078125)
"41C39C16-6197-4AF1-A699-E8B804A72331",,,,"0281320",Kuspuk School District - Kalskag,6,49000,,49000,,,,true,false,false,false,,,,,DEC,,POINT (-160.33837890625 61.5386962890625)
"6B2DF7B5-09D6-4DC1-81C3-144F567B9178",,ANC-K-008,,"0281320",Alaska Village Electric Cooperative - Kalskag,7,189000,,189000,,,,,,,true,,,,,DEC,,POINT (-160.34771728515625 61.52667236328125)
"1515E810-A497-476A-AFB4-632BA14A6973",,,,"0253270",Lake and Peninsula School District - Newhalen,1,5000,,5000,,,,false,false,true,false,,,,,DEC,,POINT (-154.89581298828125 59.7200927734375)
D0E49797-847C-4472-A8D7-96DC9775EAFE,,,,"0245460",Lower Kalskag Fuel Sales,2,33000,27000,6000,,,,true,false,false,false,,,,,DEC,,POINT (-160.36212158203125 61.5098876953125)
"6200DA3C-6A75-4E38-B994-E2B0E427839F",,ANC-T-002,,"0275160",Tanana Tank Farm,13,254000,,254000,,,,true,false,false,true,,,,,DEC,,POINT (-152.07659912109375 65.173095703125)
FF2FD009-AF6E-448D-A99A-94EBEEAFB344,,,"422-BF-01","0275160",Tanana City School District,1,5000,,5000,,,,false,false,true,false,,,,,DEC,,POINT (-152.087890625 65.17108154296875)
D8E39A41-4ACE-4C9A-8FA8-F5201ED04032,,,"422-BF-02","0275160",DOT&PF Tanana APT,1,1000,,1000,,,,false,true,false,false,,,,,DEC,,POINT (-152.11212158203125 65.1727294921875)
"39D03317-EED1-4E0E-B1CF-3A9479C9357E",,,,"0275160",AT&T - Tanana,1,1000,,1000,,,,false,false,true,false,,,,,DEC,,POINT (-152.07049560546875 65.1746826171875)
A13AD9DD-E406-41B9-AC83-81282B39C4A9,,ANC-W-013,,"0284510","AMHS, Whittier",,,,,,,,,,,true,,,,,,,POINT (-148.6859130859375 60.77227783203125)
"9B515F41-7F7E-44D5-9473-004F31942046",,ANC-W-010,,"0284510",Petro 49 - Whittier - Shoreside Petroleum,7,224000,80000,144000,,,,false,false,true,true,,,,,DEC,,POINT (-148.69000244140625 60.77532958984375)
"73C651AE-524C-42B2-8796-9953020DF11F",,ANC-W-100,,"0284510","Cliffside Marina, Whittier",,,,,,,,,,,true,,,,,,,POINT (-148.6859130859375 60.77227783203125)
"03EE61EE-DB20-4556-9ADC-CD4145A630AF",,ANC-W-015,,"0284510","Cruise Ship Terminal, Whittier",,,,,,,,,,,true,,,,,,,POINT (-148.6859130859375 60.77227783203125)
"0637605C-80D9-44A2-BF7A-206160E7D0AA",,ANC-W-011,,"0284510","Alaska Railroad Dock, Whittier",,,,,,,,,,,true,,,,,,,POINT (-148.6859130859375 60.77227783203125)
"228185AD-273F-4302-A688-10350338C49D",,,,"0252915",DOT&PF Nelchina MS,2,4500,2500,2000,,,,false,false,true,false,,,,,DEC,,POINT (-146.84088134765625 61.98272705078125)
CA25E36E-8FCA-45E3-AB5A-0B05B3A26097,,,,"0237650",City of Kasaan,2,10000,5000,5000,,,,false,false,true,false,,,,,DEC,,POINT (-132.39599609375 55.5364990234375)
"946D5691-F5D6-4C5E-9205-073F89821A7D",,,"256-BF-03","0237650",Alaska Power & Telephone - Kasaan Power Generation Plant,1,1000,,1000,,,,false,false,true,false,,,,,DEC,,POINT (-132.3966064453125 55.535888671875)
B180DDDE-3929-4A7B-8974-8163ACFD6C3A,,,"257-BF-21","0237650",Organized Village of Kasaaan,2,5000,,5000,,,,false,false,true,false,,,,,DEC,,POINT (-132.4132080078125 55.54510498046875)
F3E0DE08-0FD6-4919-BEE4-F765A692A71A,,ANC-S-046,,"0265800","Delta Western, St. George (Mobile)",,,,,,,,,,,true,,,,,,,POINT (-169.5452880859375 56.60150146484375)
AEE8ACD5-5A8B-4579-B55C-5FDE743EBC66,,ANC-S-047,,"0265800","Delta Western, St. George",,,,,,,,,,,true,,,,,,,POINT (-169.5452880859375 56.60150146484375)
"9F3D036A-E04E-431E-919E-5677FE81308D",,,"383-BF-02","0265800",AK DOT&PF St. George,1,1000,,1000,,,,,,,false,,,,,DEC,,POINT (-169.66351318359375 56.5772705078125)
"1FF8EE87-BBCC-416D-9B93-4AE5B2704310",,,"383-BF-03","0265800",City of Saint George,1,10000,,10000,,,,true,false,false,false,,,,,DEC,,POINT (-169.543212890625 56.6029052734375)
"15B249BC-700E-47F6-A75F-F39B21D66AD6",,,"383-BF-04","0265800",Delta Western - Saint George,8,132000,26000,81000,,25000,,true,false,false,false,,,,,DEC,,POINT (-169.67108154296875 56.57232666015625)
A11B75DB-3AE4-4352-854F-00945DBA7130,,,,"0211690",DOT&PF Central APT / MS,2,3260,1000,2260,,,,false,true,false,false,,,,,DEC,,POINT (-144.7952880859375 65.573486328125)
"97E77B03-20AE-4291-A9A5-15C73AA55976",,,,"0261788",Goose Bay Airport Maintenance Station,1,1000,,1000,,,,false,false,true,false,,,,,DEC,,POINT (-149.84442138671875 61.39752197265625)
"7C0A5075-DEE5-4F29-B64A-0D729DA587AC",,ANC-K-102,"254-BF-01","0237430",Kaltag Tank Farm - Yukon Koyukuk School District,5,41000,,41000,,,,true,false,false,true,,,,,DEC,,POINT (-158.7235107421875 64.32452392578125)
"499800EC-20F2-45F2-AFC1-7AAB952DCA55",,,"253-BF-01","0237430",DOT&PF Kaltag APT,1,1500,,1500,,,,false,true,false,false,,,,,DEC,,POINT (-158.73529052734375 64.3197021484375)
"315BB5AA-A0D8-4C55-AE93-3B532A903517",,ANC-K-002,,"0237430",Alaska Village Electric Cooperative - Kaltag,4,112000,,112000,,,,,,,true,,,,,DEC,,POINT (-158.7235107421875 64.3228759765625)
"141859AB-9A88-4E21-AFB2-06797206FEC1",,,"254-BF-04","0237430",Kaltag Tank Farm - Kaltag Cooperative Industries,8,87280,45480,41800,,,,true,false,false,false,,,,,DEC,,POINT (-158.72930908203125 64.32928466796875)
F313E433-CE77-4111-841E-7DFD145175BC,,ANC-K-105,,"0237430","Kaltag Fuel Depot, Kaltag",,,,,,,,,,,true,,,,,,,POINT (-158.72491455078125 64.32647705078125)
FB1215D5-A0E0-4889-8D27-2E9CE4564801,,ANC-K-012,,"0237430",Kaltag Tank Farm - City of Kaltag,4,35900,,35900,,,,true,false,false,true,,,,,DEC,,POINT (-158.72930908203125 64.32928466796875)
A9739326-6E04-44CC-85BE-78E4EE799C62,,,,"0286380",Stikine Middle School,1,4000,,4000,,,,false,false,true,false,,,,,DEC,,POINT (-132.3809814453125 56.47210693359375)
"029144DB-D39A-486C-B8D6-E3F2283CB705",,,"464-BF-07","0286380",Federal Aviation Administration - Level Island - LVD PX1,1,10000,,10000,,,,true,false,false,false,,,,,DEC,,POINT (-133.081298828125 56.46807861328125)
"52E943A5-33B0-4E92-9D20-8D14C388A65D",,,,"0286380",Wrangell Maintenance Station,2,5500,,5500,,,,false,false,true,false,,,,,DEC,,POINT (-132.3782958984375 56.485107421875)
"00FE63AA-5E45-43C4-9375-CC5CF7A9E6E9",,,"464-BF-04","0286380",Federal Aviation Administration - Level Island - LVD PX2,1,10000,,10000,,,,true,false,false,false,,,,,DEC,,POINT (-133.081298828125 56.46807861328125)
"78CFC821-3DC6-4967-BE1E-BF74D043A62F",,,"464-BF-02","0286380",Alaska Power & Telephone - Burnett Peak Microwave Tower,1,5000,,5000,,,,false,true,false,false,,,,,DEC,,POINT (-132.4049072265625 56.13629150390625)
"239349BF-5CB8-495A-9528-6FC4CC87C758",,,"464-BF-06","0286380",Petro 49 - Wrangell - Petro Marine Services Bulk Plant,5,151500,121500,,,30000,,true,false,false,false,,,,,DEC,,POINT (-132.3837890625 56.46392822265625)
"7F23C07F-3D93-4F9A-93BB-055A6DACE41E",,,"464-BF-05","0286380",Federal Aviation Administration - Level Island - LVD PX3,1,25000,,25000,,,,true,false,false,false,,,,,DEC,,POINT (-133.081298828125 56.46807861328125)
"83EBFCD7-DC31-4A3C-93C1-1EB5548E30F5",,,"465-BF-03","0286380",Trident - Wrangell,1,1000,,1000,,,,false,false,true,false,,,,,DEC,,POINT (-132.38189697265625 56.46728515625)
DEC23BD2-8C24-47A8-8716-E64D51BA97CC,,,"369-BF-01","0263390",Lake and Peninsula School District - Port Heiden,1,5000,,5000,,,,false,false,true,false,,,,,DEC,,POINT (-158.660888671875 56.9237060546875)
"2BD1EE1A-DAA3-4141-955A-87A40EAD9087",,,"369-BF-02","0263390",Federal Aviation Administration - Port Heiden - PTH SACOM,1,1000,,1000,,,,false,false,true,false,,,,,DEC,,POINT (-158.63330078125 56.9591064453125)
FA312230-C0C1-4ED5-B3B1-1E14FDD7A61B,,,"366-BF-02","0263390",AK DOT&PF Port Heiden,1,2000,,2000,,,,,,,false,,,,,DEC,,POINT (-158.64080810546875 56.9581298828125)
"7ADFD434-2937-469D-9454-AB530C9D44EE",,ANC-E-030,"164-BF-06","0221040",Alaska Native Tribal Health Consortium - Eek Temporary Tank Farm,4,25000,5000,20000,,,,false,true,false,true,,,,,DEC,,POINT (-162.0341796875 60.2200927734375)
"60A14302-A0A8-47DD-8BD2-C6091FA92BC0",,,,"0221040",Eek Airport Maintenance Station,2,3006,,3006,,,,false,false,true,false,,,,,DEC,,POINT (-162.0404052734375 60.2144775390625)
"73ACA469-578C-476D-86A7-11DD7C982D20",,,"164-BF-04","0221040",Alaska Village Electric Cooperative - Eek,10,80900,,80900,,,,,,,false,,,,,DEC,,POINT (-162.03021240234375 60.21868896484375)
"753FD735-3081-4808-8B14-73A0463F3BC5",,,,"0277690",Southwest Region School District - Togiak,2,60000,,60000,,,,true,false,false,false,,,,,DEC,,POINT (-160.42510986328125 59.0562744140625)
"8246435C-38B7-4C06-83AD-E741DB114913",,ANC-T-007,,"0277690",Alaska Village Electric Cooperative - Togiak,12,360000,,360000,,,,,,,true,,,,,DEC,,POINT (-160.37860107421875 59.05950927734375)
FC4F1FED-EBC1-4847-BD73-63BF9DA79F57,,,,"0277690",GCI Communication Corp. - Caribou Microwave Repeater,2,9000,,9000,,,,false,true,false,false,,,,,DEC,,POINT (-160.6514892578125 59.17010498046875)
"84F7D2A4-B82A-4EB2-B094-6A324A7066EB",,,"364-BF-03","0262510",Southeast Island School District - Port Alexander,4,12000,,12000,,,,true,false,false,false,,,,,DEC,,POINT (-134.64727783203125 56.24969482421875)
"49254AE2-8D43-4937-AF5B-27770C31B4DB",,,,"0230500",DOT&PF Gulkana APT,2,4000,,4000,,,,false,false,true,false,,,,,DEC,,POINT (-145.4608154296875 62.15869140625)
"61BCB350-6C68-42DC-BA7E-44DD28C4B1C4",,,"233-BF-04","0235120",AK DOT&PF Iliamna Maintenance Station,4,8000,1000,7000,,,,,,,false,,,,,DEC,,POINT (-154.9044189453125 59.75390625)
"6F0B4405-777D-4F6C-A85C-D26FEB5C8373",,,"134-BF-01","0214110",DOT&PF Chitina MS ,4,7200,2500,4700,,,,false,false,true,false,,,,,DEC,,POINT (-144.43341064453125 61.58331298828125)
B2D66571-9AF4-41D6-B083-AB1294B64E39,,ANC-C-010,,"0213670",Chignik Lagoon Village Council,5,75500,17500,45000,,13000,,true,false,false,true,,,,,DEC,,POINT (-158.536376953125 56.3115234375)
A83E2FB7-E147-4DD4-BD40-5D5698C340FA,,,,"0213670",Lake and Peninsula School District - Chignik Lagoon,4,25000,,25000,,,,true,false,false,false,,,,,DEC,,POINT (-158.537109375 56.30828857421875)
"12A13951-6E36-475D-8947-BB0A95EB953D",,,,"0213670",State of Alaska Department of Fish and Game - Chignik River,2,3200,1200,2000,,,,true,false,false,false,,,,,DEC,,POINT (-158.705322265625 56.26287841796875)
"7786B49A-CFD5-4175-B3BC-4F71C71275F3",,,,"0217300",National Park Service - Wrangell-St. Elias,14,18100,1000,10100,,7000,,false,false,true,false,,,,,DEC,,POINT (-145.3634033203125 62.02069091796875)
A9A5D050-3B47-437F-80C0-8BD0FAA3A474,,ANC-R-004,,"0264930",Middle Kuskokwim Electric Cooperative - Red Devil,2,18835,,18835,,,,true,false,false,true,,,,,DEC,,POINT (-157.3394775390625 61.7830810546875)
"24CCA6CF-4088-407D-BF53-36411FF7A44D",,,"464-BF-03","0285280",Willow Highway Station,3,6000,,6000,,,,false,false,true,false,,,,,DEC,,POINT (-150.0615234375 61.76129150390625)
"9150F0C7-6592-410A-94F0-8D62A5392586",,,"377-BF-02","0264820",Rampart Village Council,2,13000,,13000,,,,false,true,false,false,,,,,DEC,,POINT (-150.1719970703125 65.50311279296875)
"2DE3C9D9-65AB-402D-9940-9217BA3EB1B0",,,,"0264820",DOT&PF Rampart APT,1,1000,,1000,,,,false,true,false,false,,,,,DEC,,POINT (-150.15130615234375 65.51092529296875)
"78B0D1D5-FF20-4A58-881C-647D1EFDD2B9",,,"200-BF-02","0226760",DOT&PF Fort Yukon APT,1,1000,,1000,,,,false,true,false,false,,,,,DEC,,POINT (-145.25421142578125 66.56829833984375)
D99D1073-2B1A-442D-A734-E3D9DCEDD425,,,,"0226760",Alaska Commercial Company - Fort Yukon,1,1000,,1000,,,,true,false,false,false,,,,,DEC,,POINT (-145.25 66.5675048828125)
"911BED9C-EC53-44C9-A650-937BDE34EC0D",,,,"0226760",Yukon Flats School District - Fort Yukon,7,28000,,28000,,,,false,false,true,false,,,,,DEC,,POINT (-145.25390625 66.56427001953125)
D9A24C50-F9F2-454E-B9C8-750EE585D541,,,,"0226760",Ft. Yukon Bulk Petroleum Storage Facility ,,,,,,,,true,true,false,false,,,,,USCG,"2015 Assessment",POINT (-145.27630615234375 66.5706787109375)
"24C9FD54-6B5B-4128-A231-C770333A63C0",,ANC-F-006,"203-BF-02","0226760",Crowley Marine Services,,,,,,,,true,false,false,true,,,,,USCG,"2015 Assessment",POINT (-145.25762939453125 66.56427001953125)
B4C2906B-6DF1-4DA7-BA8F-6C9D0CEF2F20,,,"282-BF-02","0242490",Lower Kuskokwim School District - Kwigillingok,4,76000,,76000,,,,true,false,false,false,,,,,DEC,,POINT (-163.1575927734375 59.8770751953125)
"3E008AE5-2D53-4204-ABED-2229B0816697",,,"282-BF-04","0242490",Kwigillingok Tank Farm - Native Village of Kwillingok,5,93100,,93100,,,,true,false,false,false,,,,,DEC,,POINT (-163.151611328125 59.88189697265625)
"1FCCD80E-981C-4337-B5CA-6CECAEAC8D74",,ANC-K-054,"282-BF-01","0242490",Kwigillingok Tank Farm - Kwik Incorporated,12,148900,49900,99000,,,,true,false,false,true,,,,,DEC,,POINT (-163.151611328125 59.88189697265625)
"7B2C8A93-1209-4F1C-86B4-830CF883B118",,,,"0233360",Hoonah DOT&PF Maintenance Station,2,2100,,2100,,,,false,false,true,false,,,,,DEC,,POINT (-135.41461181640625 58.1007080078125)
E0A8AC68-CE38-4642-AC6E-8E5679E9D539,,,,"0233360",Inside Passage Electric Cooperative - Hoonah,1,12000,,12000,,,,false,false,true,false,,,,,DEC,,POINT (-135.43182373046875 58.10650634765625)
C6F86AE2-7719-442B-88C0-08D0176E33BE,,,,"0233360",City of Hoonah/Hoonah Trading Company,8,260000,50000,210000,,,,true,false,false,false,,,,,DEC,,POINT (-135.452880859375 58.1151123046875)
"6A9CD630-686F-474E-9CE9-6031808EFEC7",,,,"0233360",Hoonah City School District,1,3000,,3000,,,,false,false,true,false,,,,,DEC,,POINT (-135.44171142578125 58.10931396484375)
FFAACF52-4DDD-43E9-BF72-FE3F8A80F480,,,,"0278680",Chulitna Maintenance Station,2,12000,,12000,,,,false,false,true,false,,,,,DEC,,POINT (-150.2606201171875 62.4049072265625)
C995496F-83BC-4D90-B7A0-8346CD6E515C,,,,"0278680",Kahiltna Mining Camp,1,5000,,5000,,,,false,false,true,false,,,,,DEC,,POINT (-150.82220458984375 62.03448486328125)
A210FF9F-C75E-419E-A0E0-E4D737704853,,,,"0200650",City of Akhiok,4,41000,,41000,,,,true,false,false,false,,,,,DEC,,POINT (-154.20257568359375 56.9302978515625)
BBA36534-3C4E-43D6-BD17-8021C056B7C1,,,,"0200650",Kodiak Island Borough School District - Akhiok,1,1200,,1200,,,,false,false,true,false,,,,,DEC,,POINT (-154.17340087890625 56.94647216796875)
"645417DA-4F8B-4031-A517-C48025BF221B",,ANC-K-069,"264-BF-08","0239740",Kipnuk Tank Farm - Kipnuk Light Plant,4,220500,,220500,,,,true,false,false,true,,,,,DEC,,POINT (-164.03692626953125 59.94091796875)
CAC8C78D-3D19-4C6F-A779-DE02FB53C120,,,"264-BF-04","0239740",Lower Kuskokwim School District - Kipnuk,6,185000,,185000,,,,true,false,false,false,,,,,DEC,,POINT (-164.03619384765625 59.940673828125)
A3B3F429-09A4-455B-893A-2952BC47D69B,,ANC-K-028,,"0239740","Kipnuk Tank Farm - Kugkaktlik, Limited",6,360500,146000,214500,,,,true,false,false,true,,,,,DEC,,POINT (-164.03692626953125 59.94091796875)
"77011D21-7ADA-4557-BF17-0EA44E8DD280",,,"264-BF-12","0239740",Alaska Army National Guard -  Kipnuk Readiness Center,1,1500,,1500,,,,false,false,true,false,,,,,DEC,,POINT (-164.0382080078125 59.93408203125)
"5D6D86C0-354F-48E0-A12F-CD12687033EC",,,,"0259320",AT&T - Paxson - Round Top,4,5000,,5000,,,,false,true,false,false,,,,,DEC,,POINT (-145.31781005859375 62.8037109375)
B50C3F10-1576-41B3-84F8-FA0CA4542BC6,,,,"0259320",AT&T - Paxson - Yost,4,5000,,5000,,,,false,true,false,false,,,,,DEC,,POINT (-145.65008544921875 63.25653076171875)
E2092758-6B1B-4406-9634-61C15D25036D,,,,"0259320",DOT&PF Paxson MS,4,8000,2500,5500,,,,false,false,true,false,,,,,DEC,,POINT (-145.49627685546875 63.03369140625)
"941478E6-074B-4359-9A54-28CA2129D36F",,,,"0259320",Prince William Sound Aquaculture Corporation - Gulkana,2,6000,1000,5000,,,,false,false,true,false,,,,,DEC,,POINT (-145.51409912109375 63.06707763671875)
"7010ACCB-CD36-42F3-B74C-6B7F199CB2DE",,,,"0232810",Alaska Power & Telephone - Hollis Power Generation Station,1,3000,,3000,,,,false,false,true,false,,,,,DEC,,POINT (-132.661376953125 55.490478515625)
"09A5DE30-C78A-449E-9D21-B18DF6D8A5C0",,,,"0260640",Lake and Peninsula School District - Pilot Point,2,6000,,6000,,,,false,false,true,false,,,,,DEC,,POINT (-157.57427978515625 57.5640869140625)
"32574618-B703-4A8E-85F9-35EC4E4EA4A9",,,,"0260640",AK DOT&PF Pilot Point,1,1000,,1000,,,,,,,false,,,,,DEC,,POINT (-157.05389404296875 57.57830810546875)
"3D59252C-9203-4025-9B29-73D718F93C7D",,ANC-N-067,,"0252720",Napaskiak Tank Farm - Napaskiak Incorporated,4,45500,20200,25300,,,,false,false,true,true,,,,,DEC,,POINT (-161.764404296875 60.7056884765625)
"15C391A6-C587-4419-BEA9-7C324886C14D",,,"305-BF-01","0252720",Napaskiak Tank Farm - Lower Kuskokwim School District,2,34300,,34300,,,,true,false,false,false,,,,,DEC,,POINT (-161.76080322265625 60.7078857421875)
"89DA62E0-9930-40F0-B0CD-EFE4FCB70133",,ANC-N-019,,"0252720",Napaskiak Tank Farm - Napaskiak Utility,4,89200,,89200,,,,true,false,false,true,,,,,DEC,,POINT (-161.764404296875 60.7056884765625)
C366C8A6-C327-46CE-AE00-04C0BE38C7E2,,,"176-BF-06","0222910",Emmonak Tank Farm - City of Emmonak,3,50000,10000,40000,,,,true,false,false,false,,,,,DEC,,POINT (-164.51708984375 62.7764892578125)
F7B5D498-D033-4DA4-8410-BF6B12F3DF66,,,,"0222910",Emmonak Tank Farm - Emmonak Corporation,8,355000,205000,150000,,,,true,false,false,false,,,,,DEC,,POINT (-164.51788330078125 62.77667236328125)
"22A07DE1-5430-4283-9AE0-D92320A0EFA1",,ANC-E-022,"176-BF-05","0222910",Lower Yukon School District - Emmonak,9,112000,3000,109000,,,,true,false,false,true,,,,,DEC,,POINT (-164.52838134765625 62.7783203125)
"27972340-89DF-4B21-B947-C94211050A21",,,"176-BF-07","0222910",DOT&PF Emmonak APT ,1,3000,,3000,,,,false,true,false,false,,,,,DEC,,POINT (-164.49530029296875 62.7783203125)
"9E3331FD-5B4D-4604-A3AF-A189391E6A96",,ANC-E-029,,"0222910","Kwik'Pak Fisheries (Processing Plant), Emmonak",,,,,,,,,,,true,,,,,,,POINT (-164.52978515625 62.777099609375)
B2FAD1AA-2DFE-4DD3-8E83-70849B14F765,,ANC-E-031,,"0222910","Kwik'Pak Fisheries (Boat Yard), Emmonak",,,,,,,,,,,true,,,,,,,POINT (-164.52978515625 62.777099609375)
"9D247D7F-51AC-49F0-89FD-59E47C2F2FC9",,,,"0222910",Alaska Army National Guard - Emmonak Readiness Center,1,1500,,1500,,,,false,false,true,false,,,,,DEC,,POINT (-164.5299072265625 62.77728271484375)
"4095831C-DD72-4AA7-84A9-24C5050007C5",,,,"0207620",DOT&PF Birch Creek APT,1,1000,,1000,,,,false,true,false,false,,,,,DEC,,POINT (-145.81817626953125 66.26910400390625)
C313ACE1-83FE-465B-9DB3-436CB2D48F7D,,,,"0270870",Skwenta Airport Maintenance Station,2,4000,,4000,,,,false,false,true,false,,,,,DEC,,POINT (-151.1953125 61.96612548828125)
"420AC3D5-63CC-4D15-8B27-63AEDD2C02D2",,ANC-H-003,"216-BF-05","0233030",Iditarod Area School District - Holy Cross,3,28000,,28000,,,,true,false,false,true,,,,,DEC,,POINT (-159.7694091796875 62.200927734375)
BFB7DB54-CA46-4BD6-9543-C377A3C476CC,,,"216-BF-15","0233030",GCI Communication Corp. - Holy Cross Repeater,2,9000,,9000,,,,false,true,false,false,,,,,DEC,,POINT (-160.95770263671875 63.3134765625)
AE5F3E72-8390-444C-8C46-BB22FFFF9A8A,,ANC-H-002,"216-BF-11","0233030",Holy Cross Tank Farm - Holy Cross Oil,5,90500,46500,44000,,,,true,false,false,true,,,,,DEC,,POINT (-159.77008056640625 62.19671630859375)
"66EF6F7E-91BA-4537-8B1E-897ADBAE771C",,,"216-BF-06","0233030",Holy Cross Tank Farm - City of Holy Cross,1,10000,,10000,,,,true,false,false,false,,,,,DEC,,POINT (-159.77008056640625 62.19671630859375)
D41F7208-7E6A-4C09-8B46-B4441F8857CF,,,"216-BF-08","0233030",Holy Cross Tank Farm - Alaska Pike Safaris,1,10000,10000,,,,,true,false,false,false,,,,,DEC,,POINT (-159.77008056640625 62.19671630859375)
"36F83444-DBD2-4AD3-A139-81A0F56C2A2D",,ANC-T-020,"439-BF-04","0279780",Twin Hills Village Council,5,58200,6000,52200,,,,true,false,false,true,,,,,DEC,,POINT (-160.28240966796875 59.07330322265625)
"6CC77A07-14DE-4D62-824B-C2858DC4D5FC",,,"438-BF-01","0279780",Twin Hills Airport Maintenance Station,2,2000,,2000,,,,true,false,false,false,,,,,DEC,,POINT (-160.276611328125 59.07470703125)
AAE0CDFD-B257-4827-AB4E-3FA700BE29A7,,ANC-T-030,"438-BF-02 ","0279780",Southwest Region School District - Twin Hills,1,20000,,20000,,,,true,false,false,true,,,,,DEC,,POINT (-160.281494140625 59.07391357421875)
"42BE0729-57F3-409D-990B-0667528A16F1",,,"123-BF-05","0279780","North Pacific Seafoods, Inc. - Naknek - Twin Hills",9,123000,40000,83000,,,,true,false,false,false,,,,,DEC,,POINT (-160.335205078125 59.0546875)
B1C3993C-E3D4-4232-8551-C55E13B0EA36,,,,"0224230",Department of Natural Resources - Fairbanks,3,9000,,3000,,6000,,false,false,true,false,,,,,DEC,,POINT (-147.81451416015625 64.837890625)
"16694921-0732-4982-AD5B-A93BF197F037",,,,"0224230",Golden Valley Electric Association - Fairbanks - BESS,1,10000,,10000,,,,false,false,true,false,,,,,DEC,,POINT (-147.7239990234375 64.81671142578125)
"31AA9173-FC92-45FC-BE99-7FE4ACDC88A9",,,,"0224230",Golden Valley Electric Association - Fairbanks - Power Plant,3,112000,,112000,,,,false,false,true,false,,,,,DEC,,POINT (-147.7197265625 64.853271484375)
C104E278-22E5-4954-A955-C765E7F547CA,,,,"0224230",Golden Valley Electric Association - Fairbanks - Headquarters,2,6000,3000,3000,,,,false,false,true,false,,,,,DEC,,POINT (-147.7197265625 64.853271484375)
A27DE0D0-3E19-44DB-8FE0-4DB5895E4CD2,,,,"0224230",Federal Aviation Administration - Fairbanks - FAI ASR SX,1,1000,,1000,,,,false,false,true,false,,,,,DEC,,POINT (-147.5830078125 64.8134765625)
"400DF95A-C142-4FA6-A7F5-4D7D370AF326",,,,"0224230",Federal Aviation Administration - Fairbanks - PDQ NXRAD,1,2000,,2000,,,,false,false,true,false,,,,,DEC,,POINT (-147.5010986328125 65.03509521484375)
"2B48564F-DF5A-4814-B2B3-21E3157048CA",,,,"0224230",Federal Aviation Administration - Fairbanks - FAI Shop,1,1000,,1000,,,,false,false,true,false,,,,,DEC,,POINT (-165.4302978515625 64.51251220703125)
"0FA216D2-7ACC-4EFF-AA2B-EEB5F7C95A78",,,,"0224230",Federal Aviation Administration - Fairbanks - FAI ATCT SX/Boiler,2,3500,,3500,,,,false,false,true,false,,,,,DEC,,POINT (-147.84808349609375 64.8109130859375)
"9D56DBE7-1A09-4398-8622-73AF3113418C",,,,"0224230",Federal Aviation Administration - Fairbanks - FAI Butler Building,1,1000,,1000,,,,false,false,true,false,,,,,DEC,,POINT (-165.4302978515625 64.51251220703125)
"8A0AA12B-5E97-4768-80B0-F2E86C50DFDD",,,,"0224230",Federal Aviation Administration - Fairbanks - FAI ALSF SX,1,3000,,3000,,,,false,false,true,false,,,,,DEC,,POINT (-147.8375244140625 64.8306884765625)
"591FEE4C-4EAA-4F0F-A6EE-B6FA2F107E7B",,,,"0224230",Fox General Store,3,29000,17000,12000,,,,false,false,true,false,,,,,DEC,,POINT (-147.61700439453125 64.95770263671875)
E4AB4D46-CF85-4C56-9B07-82B5AA1F0492,,,"186-BF-02","0224230",GCI Communication Corp. - Van Horn Fairbanks,1,3000,,3000,,,,false,false,true,false,,,,,DEC,,POINT (-147.732177734375 64.813720703125)
"4D06EDBB-76ED-4BC8-B6B8-D96FC8B60FD3",,,,"0224230",GCI Communication Corp. - ESRO Road Earth Station,1,1000,,1000,,,,false,false,true,false,,,,,DEC,,POINT (-147.49658203125 64.9302978515625)
EA9FD404-2758-49CB-81A4-82A43AF09848,,,,"0224230",Lowe's - Fairbanks #1985,1,1500,,1500,,,,false,false,true,false,,,,,DEC,,POINT (-147.6964111328125 64.8560791015625)
E32D2921-8176-4468-A0AB-9AE351693922,,,,"0224230",Northern Air Cargo Fairbanks Station,1,2500,,2500,,,,false,false,true,false,,,,,DEC,,POINT (-147.88031005859375 64.81207275390625)
"0C480E12-87D5-45E9-813F-9B396422A9F8",,,,"0224230",AT&T - Fairbanks - Warehouse,1,1017,,1017,,,,false,false,true,false,,,,,DEC,,POINT (-147.7174072265625 64.81988525390625)
"7CF2C4CB-7FFF-4BA5-BCAD-B26DBAECFA39",,,"180-BF-01","0224230",AT&T - Fairbanks - Toll Center,1,2000,,2000,,,,false,false,true,false,,,,,DEC,,POINT (-147.70849609375 64.83648681640625)
"14C061AA-262D-4039-AB9A-C4C93FF6ACD2",,,,"0224230",AT&T - Fairbanks - Buck Microwave Repeater,4,5000,,5000,,,,false,true,false,false,,,,,DEC,,POINT (-146.397216796875 64.3795166015625)
"267D2EF2-63DA-4FEA-ABB6-EB7BFB60BF26",,,,"0224230",AT&T - Fairbanks - Atigun Microwave Repeater,2,5000,,5000,,,,false,true,false,false,,,,,DEC,,POINT (-149.40631103515625 68.15032958984375)
"8C45602F-E138-4FFD-8E8B-C5CA68675B72",,,,"0224230",AT&T - Fairbanks - Aggie Microwave Repeater,4,5000,,5000,,,,false,true,false,false,,,,,DEC,,POINT (-148.05718994140625 65.217529296875)
"7B696AAD-579A-4E64-8A07-8E8A1EEEB9F2",,,"180-BF-06","0224230",AT&T - Fairbanks,1,1250,,1250,,,,false,false,true,false,,,,,DEC,,POINT (-147.66888427734375 64.82830810546875)
"27836AC8-344A-4140-8EBE-9B551A586869",,,,"0224230",University of Alaska Fairbanks - Toolik,1,2000,2000,,,,,false,false,true,false,,,,,DEC,,POINT (-149.593994140625 68.6279296875)
D4DC4358-AD2A-4F62-A059-4266EFCD6437,,,,"0224230",University of Alaska Fairbanks - Poker Flat,8,22000,4000,18000,,,,false,false,true,false,,,,,DEC,,POINT (-147.4906005859375 65.12591552734375)
BFC59C95-ABE4-4959-BE52-7F09A5308991,,,,"0224230",University of Alaska Fairbanks - Fort Yukon,1,3000,,3000,,,,true,false,false,false,,,,,DEC,,POINT (-145.2587890625 66.5640869140625)
"4C8BFD88-B6AA-4374-98D1-F621E2785C88",,,,"0224230",University of Alaska Fairbanks - Fairbanks,5,24000,,24000,,,,false,false,true,false,,,,,DEC,,POINT (-147.81561279296875 64.85467529296875)
BBE5B557-5508-4F7D-AC95-E0CD329CFF20,,,"176-BF-03","0224230",Air Medical Group Holdings - Fairbanks,1,12000,,,,12000,,false,false,true,false,,,,,DEC,,POINT (-147.848388671875 64.82769775390625)
"80449CC7-A8AC-4CA0-AD2A-2DD0B92CF5B9",,,"177-BF-01","0224230",Alaska Fuel Services - Van Horn,1,2500,2500,,,,,false,false,true,false,,,,,DEC,,POINT (-147.76019287109375 64.81329345703125)
"943CE1E4-8EAA-4570-B982-6837734C51BE",,,"177-BF-05","0224230",Alaska Fuel Sevices - College,1,2500,2500,,,,,false,false,true,false,,,,,DEC,,POINT (-147.80279541015625 64.8563232421875)
"430A2281-F102-4389-A982-C017D19E885F",,,,"0224230",Crowley - Fairbanks - Terminal,2,3000,1000,2000,,,,false,false,true,false,,,,,DEC,,POINT (-147.70721435546875 64.8134765625)
D6E40633-C0D4-4AF8-9429-3CEC7CADC45F,,,,"0224230",State of Alaska Department of Corrections - Fairbanks Correctional Facility,1,20000,,20000,,,,false,false,true,false,,,,,DEC,,POINT (-147.7589111328125 64.832275390625)
"22D8D20B-5B11-4D38-A226-711A10FC53FE",,,,"0224230",State of Alaska Department of Fish and Game - Fairbanks Hatchery,1,10000,,10000,,,,false,false,true,false,,,,,DEC,,POINT (-147.763916015625 64.83892822265625)
"155C8EA1-74BC-42EB-9C4F-1BCE89188BB7",,,,"0224230",State of Alaska Department of Fish and Game - Fairbanks Complex,4,7000,,7000,,,,false,false,true,false,,,,,DEC,,POINT (-147.7415771484375 64.8623046875)
"121E93CF-71BA-4B5B-93E8-A8A301C129CB",,,"400-BF-01","0224230",ASRC Energy Services - Fairbanks,1,15000,,15000,,,,false,false,true,false,,,,,DEC,,POINT (-147.73858642578125 64.81488037109375)
"7BDCCAAA-AE32-4A90-A622-015CBC9E9CBE",,,"177-BF-02","0224230",Alaska Railroad - Fairbanks,1,1000,,1000,,,,false,false,true,false,,,,,DEC,,POINT (-147.7550048828125 64.84808349609375)
B5897603-E5C9-4D4B-9F7C-B66E6EBB82A8,,,,"0224230",Sourdough Fuels - Van Horn Facility,2,24000,12000,12000,,,,false,false,true,false,,,,,DEC,,POINT (-147.7432861328125 64.81207275390625)
"3AD3B973-0229-490F-8D29-1B8223DDA68E",,,,"0224230",Sourdough Fuels - Illinois Bulk Plant,14,164000,10000,114000,,40000,,false,false,true,false,,,,,DEC,,POINT (-147.722412109375 64.85028076171875)
"2FC94A57-252B-464C-AE5D-7FEC48FF42DE",,,,"0224230",Sourdough Fuels - Hill Top Facility,1,6000,,6000,,,,false,false,true,false,,,,,DEC,,POINT (-147.652099609375 65.0242919921875)
"5D5D6679-F398-4FC0-A386-A00300F67B5E",,,,"0224230",Sourdough Fuels - Farmer's Loop Facility,3,22500,10000,12500,,,,false,false,true,false,,,,,DEC,,POINT (-147.67437744140625 64.86907958984375)
A2C4E584-2F29-4B2A-BAF5-5D57224E0CE8,,,,"0224230",DOT&PF Fairbanks Maintenance Station,14,28000,1000,27000,,,,false,false,true,false,,,,,DEC,,POINT (-147.772705078125 64.825927734375)
"11896108-D1BB-46A4-83CA-CA3E5712529C",,ANC-F-009,,"0224230","Big State Logistics Inc. (Mobile), Fairbanks",,,,,,,,,,,true,,,,,,,POINT (-147.72119140625 64.8397216796875)
"84B1808F-27AC-4CA6-8BC7-55D136BFC0C3",,,,"0224230",City of Fairbanks,6,60000,20000,40000,,,,false,false,true,false,,,,,DEC,,POINT (-147.76971435546875 64.82928466796875)
"98C0B2E1-F078-434C-BF55-6F9EDBAEA7A6",,,,"0224230",Fort Knox Mine,1,4000,4000,,,,,false,false,true,false,,,,,DEC,,POINT (-147.34100341796875 65.00372314453125)
"7E123490-F0E5-496F-86D3-91FDF4B5F41F",,,"176-BF-04","0224230",Alaska Airlines - Fairbanks,2,8000,3000,5000,,,,false,false,true,false,,,,,DEC,,POINT (-147.867919921875 64.81768798828125)
"71E15B58-4B6E-4550-B046-0061972C68C1",,,,"0224230",Fairbanks Pioneer Home,1,1400,,1400,,,,false,false,true,false,,,,,DEC,,POINT (-147.772705078125 64.83392333984375)
"95CEF384-5B51-41F9-868C-ED018C6B3051",,,,"0224230",Birch Hill Maintenance Building,1,600,600,,,,,false,false,true,false,,,,,DEC,,POINT (-147.64581298828125 64.87030029296875)
AFA96D1A-F5E6-4F43-B736-7A1701B0E813,,,,"0224230",Alaska Waste - Interior,2,8000,,8000,,,,false,false,true,false,,,,,DEC,,POINT (-147.69171142578125 64.80291748046875)
BC39EB0F-6814-4625-93FE-8E550E89A942,,,,"0224230","Weaver Bros., Inc. Fairbanks Terminal",1,10000,,10000,,,,false,false,true,false,,,,,DEC,,POINT (-147.7041015625 64.81488037109375)
FC344191-8F9F-4DF7-84FF-90BA3D492D11,,,,"0224230",Claire Air LLC,1,2000,,2000,,,,false,false,true,false,,,,,DEC,,POINT (-147.881591796875 64.81048583984375)
"8DFDEEB4-A8C9-45E0-9A50-01087533E7EA",,,"177-BF-04","0224230",Alaska Army National Guard - Fairbanks Armory,1,1500,,1500,,,,false,false,true,false,,,,,DEC,,POINT (-147.75311279296875 64.84210205078125)
"960DA580-1D5B-47A0-BE35-1226E5B9AAF0",,,"177-BF-03","0224230",Alaska Army National Guard - Fairbanks OMS,1,1500,,1500,,,,false,false,true,false,,,,,DEC,,POINT (-147.75360107421875 64.8416748046875)
ACBD4800-17CA-4F80-8DDE-714558A21D6F,,,,"0224230",Hot Springs Gas,3,22000,18000,4000,,,,false,false,true,false,,,,,DEC,,POINT (-147.52978515625 64.89190673828125)
"1A2F20D8-0EC8-48FB-BF8A-3CD11F54461A",,,,"0224230",Ester Gas,1,4000,,4000,,,,false,false,true,false,,,,,DEC,,POINT (-148.0103759765625 64.8441162109375)
"4C27052C-C2CF-4508-B7D0-79656E5BD037",,,,"0224230",Haliburtion - Fairbanks,1,1000,,1000,,,,false,false,true,false,,,,,DEC,,POINT (-147.73370361328125 64.85009765625)
B35105C7-0E6D-4238-ABF1-8D7EF7F936A0,,,,"0224230",Enterprise Service Facility (45V9),2,5000,4000,1000,,,,false,false,true,false,,,,,DEC,,POINT (-147.868896484375 64.82427978515625)
"0F86901E-02A6-4561-89BC-A618E5245256",,,"363-BF-22","0261630",North Slope Borough School District - Point Hope,1,5000,,5000,,,,false,false,true,false,,,,,DEC,,POINT (-166.73590087890625 68.3494873046875)
"8FC5ECEA-A6F5-475B-977C-54D1FBDC9365",,,"134-BF-04","0214000",Alaska Power & Telephone - Chistochina Power Generation Plant,1,3000,,3000,,,,false,false,true,false,,,,,DEC,,POINT (-144.66998291015625 62.57012939453125)
"659310D0-09A0-45D3-AF45-AA1F2A9E1F62",,,,"0234790",Lake and Peninsula School District - Igiugig,2,6000,,6000,,,,false,false,true,false,,,,,DEC,,POINT (-155.90380859375 59.32568359375)
C3CF8123-C2E0-4D7E-B1D7-DC3226B21876,,,"232-BF-01","0234790",AK DOT&PF Igiugig,1,1000,,1000,,,,,,,false,,,,,DEC,,POINT (-155.89801025390625 59.325927734375)
"2A805635-FBF8-4D78-9462-6183C5D358C5",,ANC-S-003,,"0267460",Alaska Village Electric Cooperative - Savoonga,8,216000,,216000,,,,,,,true,,,,,DEC,,POINT (-170.4749755859375 63.69512939453125)
"3A1AD328-7F5C-4BD3-8EEA-B71BFE108918",,,"394-BF-03","0267460",DOT&PF Savoonga APT,1,2000,,2000,,,,false,true,false,false,,,,,DEC,,POINT (-170.48699951171875 63.69091796875)
"26F3706A-EF0A-4C2E-99BB-9BC0372D55BA",,,,"0267460",Alaska Army National Guard -  Savoonga Readiness Center,3,4500,,4500,,,,false,false,true,false,,,,,DEC,,POINT (-170.482421875 63.6953125)
C0D0ADB5-AA69-4FA8-9D2A-B8FD8003517D,,,"325-BF-03","0254920",Icyview Pumphouse,1,1100,,1100,,,,false,false,true,false,,,,,DEC,,POINT (-165.3765869140625 64.523681640625)
"8C88A626-EDAA-4193-BD47-880E50DFC931",,,"322-BF-09","0254920",Alaska Army National Guard -  Nome OMS,1,1500,,1500,,,,false,false,true,false,,,,,DEC,,POINT (-165.4000244140625 64.5001220703125)
"83BF471D-E5BB-4A9E-B610-9B332CDCCFA5",,,,"0254920",Norton Sound Economic Development Council,2,3000,,,,3000,,false,false,true,false,,,,,DEC,,POINT (-165.42547607421875 64.50592041015625)
"5398334A-0C02-4F38-A0B1-92FE564CB5BB",,ANC-N-044,,"0254920",DOT&PF Nome MS,1,5000,,5000,,,,false,false,true,true,,,,,DEC,,POINT (-165.40472412109375 64.53692626953125)
"5E4E7BC6-A837-44F6-8087-8D9B8D2BD86B",,,,"0254920",DOT&PF Nome APT ,3,11000,,11000,,,,true,false,false,false,,,,,DEC,,POINT (-165.43548583984375 64.5120849609375)
"40ECB6D0-1843-4EA2-85DA-4B150AB646AA",,,"328-BF-01","0254920",Norton Sound Health Corporation,6,44500,,44500,,,,false,false,true,false,,,,,DEC,,POINT (-165.3778076171875 64.49951171875)
C0A918AD-D63C-470D-8B6E-750AAAA6A2B9,,,,"0254920",State of Alaska Department of Corrections - Anvil Mountain Correctional Center,2,151000,,151000,,,,false,false,true,false,,,,,DEC,,POINT (-165.41351318359375 64.5380859375)
BC2E8F21-077A-42DF-8F52-DE001B0C90B7,,,,"0254920",Alaska Airlines - Nome,2,2200,1000,1200,,,,false,false,true,false,,,,,DEC,,POINT (-165.44219970703125 64.5076904296875)
"44B0BB3F-E0E5-4C98-9CB6-BBE0C8E54750",,,"322-BF-05","0254920",Alaska Army National Guard -  Nome AAOF,1,10000,,10000,,,,false,false,true,false,,,,,DEC,,POINT (-165.42999267578125 64.52008056640625)
F9454094-3027-4D64-990B-DC14F65AD11C,,,"322-BF-07","0254920",Alaska Army National Guard -  Nome Armory,1,1500,,1500,,,,false,false,true,false,,,,,DEC,,POINT (-165.4000244140625 64.5001220703125)
AF91A6A4-0D88-461C-A1B2-664558EEBACB,,,"325-BF-02","0254920",City of Nome,7,7600,,7600,,,,false,false,true,false,,,,,DEC,,POINT (-165.409912109375 64.498291015625)
"69EE33D2-8A4D-4652-A816-1E3DE66C69A4",,,"328-BF-03","0254920",University of Alaska Fairbanks - Nome,2,2000,,2000,,,,false,false,true,false,,,,,DEC,,POINT (-165.3955078125 64.49609375)
E7F7C72E-3C31-4C85-AC61-D685DE531E55,,,"322-BF-08","0254920",AT&T - Nome,1,2000,,2000,,,,false,false,true,false,,,,,DEC,,POINT (-165.40399169921875 64.49688720703125)
E854004D-0A4D-48A9-A6FE-DEC878FA235C,,,"322-BF-04","0254920",Alaska Commercial Company - Nome,1,5000,,5000,,,,false,false,true,false,,,,,DEC,,POINT (-165.4053955078125 64.50567626953125)
"2330F1A6-65BB-416F-B313-08A7AE8D495D",,,,"0254920",Bering Straits Regional Housing Authority,1,1000,,1000,,,,false,false,true,false,,,,,DEC,,POINT (-165.38299560546875 64.4945068359375)
"9A01FD57-CBD2-4F5D-ABAD-0A5CC6F78CCA",,,"325-BF-04","0254920",Federal Aviation Administration - Nome - OME NXRAD,1,2000,,2000,,,,false,false,true,false,,,,,DEC,,POINT (-165.31829833984375 64.49609375)
"0382E721-45D3-49C3-AA1A-07F5088F21E7",,,"325-BF-01","0254920",GCI Communication Corp. - Cape Nome Microwave Repeater,2,9000,,9000,,,,false,true,false,false,,,,,DEC,,POINT (-164.99627685546875 64.4525146484375)
ADA92A6C-1168-4113-9B0F-A9E279CD5BC0,,,"325-BF-05","0254920",Nome Public Schools,3,30000,,30000,,,,false,false,true,false,,,,,DEC,,POINT (-165.4049072265625 64.54327392578125)
B05026CD-3A84-439D-A809-4C9614FB88CD,,,"216-BF-07","0233140",Kenai Peninsula Borough - Homer NcNeil Canyon Elementary School,1,3000,,3000,,,,false,false,true,false,,,,,DEC,,POINT (-151.2584228515625 59.74609375)
D0F2748C-7DEB-450F-8C52-E8CB21ECA1B0,,,,"0233140",Tutka Bay Lagoon Hatchery,3,11000,,11000,,,,false,false,true,false,,,,,DEC,,POINT (-151.42901611328125 59.43511962890625)
"6BFD6489-5B36-4DC3-B14C-F950751A2138",,,"216-BF-17","0233140",Homer Airport,2,5000,1000,4000,,,,false,false,true,false,,,,,DEC,,POINT (-151.47711181640625 59.64208984375)
B5257EDF-FE10-458B-9388-8397A316873E,,,,"0233140",Homer Highway Station,1,4000,,4000,,,,false,false,true,false,,,,,DEC,,POINT (-151.63922119140625 59.66009521484375)
"45F72F82-F146-48B7-8510-EC81B37616DD",,,"216-BF-10","0233140",City of Homer Public Works,5,7500,,7500,,,,false,false,true,false,,,,,DEC,,POINT (-151.53240966796875 59.64208984375)
"1B526668-A75F-4655-81E4-CD1636D7B664",,,"216-BF-18","0233140",Kenai Peninsula Borough - West Homer Elementary School,1,1000,,1000,,,,false,false,true,false,,,,,DEC,,POINT (-151.56781005859375 59.6439208984375)
A4DCAADC-7778-42DC-AE34-3DB4F7E5B534,,,,"0233140",Kenai Peninsula Borough - Homer High School,1,1000,,1000,,,,false,false,true,false,,,,,DEC,,POINT (-151.52880859375 59.652099609375)
B5302F24-7BC3-4365-B265-9200D736044A,,,"216-BF-02","0233140",Kenai Peninsula Borough - Kachemak Emergency Service Area - Station 1,1,2000,,2000,,,,false,false,true,false,,,,,DEC,,POINT (-151.2589111328125 59.74530029296875)
F0E3811E-BDAC-4B95-A047-6232801A109E,,,"216-BF-04","0233140",Kenai Peninsula Borough - South Peninsula Hospital - Homer,1,10000,,10000,,,,false,false,true,false,,,,,DEC,,POINT (-151.5513916015625 59.65228271484375)
"7F82FA64-8EC3-41DE-B358-5745EA81032B",,,,"0233140",Kenai Peninsula Borough - Homer Maintenance Facility,2,3500,,3500,,,,false,false,true,false,,,,,DEC,,POINT (-151.5283203125 59.65167236328125)
"3D4292B1-2476-4370-9C0A-38D9681783E2",,,"216-BF-12","0233140",AT&T - Homer,1,1000,,1000,,,,false,false,true,false,,,,,DEC,,POINT (-151.6243896484375 59.681884765625)
"19C3BA91-EE4F-4E21-89D8-1D3FC0EDF306",,,"216-BF-01","0233140",Homer Electric Association - Bradley Lake,3,16000,5000,11000,,,,true,false,false,false,,,,,DEC,,POINT (-150.94012451171875 59.7786865234375)
DDBEA947-84DD-4443-88BD-348496D95D9D,,,"216-BF-14","0233140",Federal Aviation Administration - Homer - HOM VOR,1,1000,,1000,,,,false,false,true,false,,,,,DEC,,POINT (-151.45648193359375 59.70947265625)
D61C075A-5C1A-4E6A-BCE5-D342E1793C3B,,,"216-BF-19","0233140",Petro 49 - Homer - Petro Marine - Homer Fuel,3,69000,23000,46000,,,,true,false,false,false,,,,,DEC,,POINT (-151.417724609375 59.60467529296875)
AB75DEC6-BE12-4BD6-8039-6FCBEFD315E7,,,"353-BF-06","0258550",Ouzinkie State Airport SREB,2,3000,,3000,,,,false,false,true,false,,,,,DEC,,POINT (-152.472412109375 57.9412841796875)
CCE658EB-BACB-4015-9254-BEC151035E99,,,"353-BF-04","0258550",Spruce Island Fuel Tank Farm,4,80000,,80000,,,,true,false,false,false,,,,,DEC,,POINT (-152.502197265625 57.92071533203125)
"3EBA99FF-2688-434F-B811-41CC22EBD898",,,,"0258550",City of Ouzinkie,2,2000,,2000,,,,false,false,true,false,,,,,DEC,,POINT (-152.50189208984375 57.92669677734375)
"07D80506-7548-4842-9341-A037E3C35474",,,,"0258550",Kodiak Island Borough School District - Ouzinkie,1,5500,,5500,,,,false,false,true,false,,,,,DEC,,POINT (-152.5078125 57.9224853515625)
"2B4C0A41-A893-4B32-A211-6203CA1A3E7E",,,"153-BF-03","0218620",Colaska - Delta Sand & Gravel,3,35000,,35000,,,,false,false,true,false,,,,,DEC,,POINT (-145.74139404296875 64.06488037109375)
"08DF0E56-0A7D-4977-AD97-99A7EA583DA8",,,,"0218620",Pogo Mine,6,79000,3000,61000,,15000,,false,false,true,false,,,,,DEC,,POINT (-144.90887451171875 64.4547119140625)
BA4EE9C3-1152-401B-9F6A-8BEA6C9A7894,,,,"0218620",State of Alaska Department of Fish and Game - Delta Junction,1,1000,,1000,,,,false,false,true,false,,,,,DEC,,POINT (-145.277099609375 63.909912109375)
"149089F2-4FC8-4451-8DA0-29F251F2342A",,,,"0218620",DOT&PF Delta MS,3,5000,1000,4000,,,,false,false,true,false,,,,,DEC,,POINT (-145.7349853515625 64.0374755859375)
"7038E498-0B28-4CEC-9C24-3F94EE184F85",,,"153-BF-04","0218620",City of Delta Junction,4,4000,,4000,,,,false,false,true,false,,,,,DEC,,POINT (-145.72930908203125 64.03350830078125)
E4CF3B9E-8613-49C3-94A8-E46B9248AE34,,,"154-BF-08","0218620",Healy Lake Tribal Transportation,3,7000,1500,5500,,,,false,false,true,false,,,,,DEC,,POINT (-144.7310791015625 63.9998779296875)
C89E8FC3-B4E0-4B5C-BB68-B3E740D304C5,,,"154-BF-11","0218620",Golden Valley Electric Association - Delta Junction,1,50000,,,,50000,,false,false,true,false,,,,,DEC,,POINT (-145.71929931640625 64.028076171875)
"9AB2CBDA-D17F-41F4-8F72-7DAB908CC9D1",,,,"0218620",Delta/Greely School District - Delta Junction,3,15500,,15500,,,,false,false,true,false,,,,,DEC,,POINT (-145.72869873046875 64.040283203125)
"23438583-E320-48B3-8C36-733AAA636B53",,,"153-BF-01","0218620",AT&T - Delta Junction - Nicole Knob,4,5000,,5000,,,,false,true,false,false,,,,,DEC,,POINT (-145.98712158203125 63.58551025390625)
C3862905-463C-4F8E-A675-21B92A33CA10,,ANC-B-005,,"0206520","CPD (Fixed), Bethel",,,,,,,,,,,true,,,,,,,POINT (-161.77178955078125 60.79132080078125)
"0232A859-6ACA-4830-96D2-A1F36E44D4C2",,,,"0206520",Alaska Army National Guard - Bethel AAOF,1,10000,,10000,,,,false,false,true,false,,,,,DEC,,POINT (-161.8463134765625 60.7755126953125)
"14BD9A76-B93C-4CE2-899B-ED7D4C319475",,,,"0206520",Alaska Army National Guard - Bethel Readiness Center,1,4000,,4000,,,,false,false,true,false,,,,,DEC,,POINT (-161.84912109375 60.77691650390625)
"7EB051D4-5577-47E4-8308-07A3A160E486",,ANC-B-008,,"0206520","Port of Bethel City Dock, Bethel",,,,,,,,,,,true,,,,,,,POINT (-161.77178955078125 60.79132080078125)
A6BE53B1-F755-448C-BD1F-63099BD047E5,,,,"0206520",Yuut Elitnaurviat Inc.,4,7250,,7250,,,,false,false,true,false,,,,,DEC,,POINT (-161.78277587890625 60.7958984375)
"9FE39ADD-F730-47D5-AB1A-CB525E786000",,,,"0206520",Vitus Terminal - Bethel,2,7000,6000,1000,,,,false,false,true,false,,,,,DEC,,POINT (-161.739990234375 60.79010009765625)
"8FB9BBBA-7CE5-433A-A414-4C475FF1F8E1",,,,"0206520",Alaska Airlines - Bethel,1,1500,,1500,,,,false,false,true,false,,,,,DEC,,POINT (-161.76971435546875 60.792724609375)
A446513F-92EF-4674-A337-D582E472D82A,,,,"0206520",AK DOT&PF Bethel Maintenance Station,8,21000,2000,19000,,,,false,false,true,false,,,,,DEC,,POINT (-161.8411865234375 60.78411865234375)
"9B58B56D-A2A6-4894-BE2A-B2BBC4F4E153",,,,"0206520",State of Alaska Department of Corrections - Yukon Kuskokwim Correctional Center,1,5000,,5000,,,,false,false,true,false,,,,,DEC,,POINT (-161.78729248046875 60.7864990234375)
"8D408F52-5CE0-4A95-A586-79D54041D7C7",,,,"0206520",Delta Western - Bethel - Gas Station,2,6000,,6000,,,,false,false,true,false,,,,,DEC,,POINT (-161.7611083984375 67.79571533203125)
"5BC6B33B-BBDA-455D-BEBA-624BEDA7F496",,,,"0206520",University of Alaska Fairbanks - Bethel,1,1500,,1500,,,,false,false,true,false,,,,,DEC,,POINT (-161.77410888671875 60.7908935546875)
"77333D69-86A6-415C-B007-BED39EBE37A6",,,,"0206520",AT&T - Bethel,1,2000,,2000,,,,false,false,true,false,,,,,DEC,,POINT (-161.76080322265625 60.7943115234375)
F92B3587-546E-46A3-B6CA-7532E1CA09F9,,,,"0206520",City of Bethel,8,18000,,18000,,,,false,false,true,false,,,,,DEC,,POINT (-161.77130126953125 60.79168701171875)
D290AE1E-2F5C-419B-A813-0A64071A1325,,,,"0206520",Alaska Commercial Company - Bethel,3,4000,,4000,,,,false,false,true,false,,,,,DEC,,POINT (-161.7794189453125 60.801513671875)
"3EF25FC2-55B4-4BFE-9DB0-1D0359115778",,,,"0206520",Federal Aviation Administration - Bethel - NXRAD,1,2000,,2000,,,,false,false,true,false,,,,,DEC,,POINT (-161.87628173828125 60.7918701171875)
E7ECD652-D585-4837-8BEC-05FA96860368,,,,"0206520",Federal Aviation Administration - Bethel - Quarters,1,1000,,1000,,,,false,false,true,false,,,,,DEC,,POINT (-161.83709716796875 60.7786865234375)
FCEC525F-001B-49F9-A011-4EBF4AE8918E,,ANC-W-008,,"0284070",City of White Mountain,,,,,,,,,,,true,,,,,,,POINT (-163.410400390625 64.6812744140625)
"4A73D3E0-116B-4AF8-A2F3-038C017E8809",,ANC-W-007,,"0284070",White Mountain Native Store,1,3000,3000,,,,,true,false,false,true,,,,,DEC,,POINT (-163.409912109375 64.68109130859375)
A9993CC3-DCF0-49EA-9210-B68096AC8937,,ANC-W-009,"462-BF-06","0284070",Bering Strait School District - White Mountain,1,4000,,4000,,,,true,false,false,true,,,,,DEC,,POINT (-163.3961181640625 64.6787109375)
"70BB636F-D062-4A27-A409-C97B7E62A741",,,"463-BF-03","0284070",White Mountain Tank Farm - Bering Strait School District,2,46000,,46000,,,,true,false,false,false,,,,,DEC,,POINT (-163.413818359375 64.68389892578125)
"0FEDC2D8-085A-43FE-B5FB-451D906348F4",,,"463-BF-04","0284070",White Mountain Tank Farm - Native Store,4,92000,46000,46000,,,,true,false,false,false,,,,,DEC,,POINT (-163.413818359375 64.68389892578125)
"8B560984-93A7-477C-9DB1-FD4EDC9D3DF1",,ANC-A-011,,"0201200",Lower Yukon School District - Alakanuk,10,129000,3000,126000,,,,true,false,false,true,,,,,DEC,,POINT (-164.669677734375 62.70208740234375)
"2D94CADD-0758-4D2E-8ED4-C1BB651EDDDA",,ANC-K-036,,"0241610",Kongiganak Traditional Council,4,64000,,64000,,,,true,false,false,true,,,,,DEC,,POINT (-162.88751220703125 59.95892333984375)
"5EEAAC19-79D9-4423-BAAC-E8C448C4BBD1",,,,"0241610",Kongiganak Tank Farm - Kongiganak Traditional Council,2,96000,,96000,,,,true,false,false,false,,,,,DEC,,POINT (-162.8843994140625 59.96112060546875)
"72FC3FC4-C253-4EB8-92A4-8219876AD426",,ANC-K-060,,"0241610",Kongiganak Tank Farm - Qemirtalek Coast Corporation,5,198000,102000,96000,,,,true,false,false,true,,,,,DEC,,POINT (-162.8843994140625 59.96112060546875)
"721F79AC-0E90-4CB1-85AC-8A9BE73E51DE",,,,"0241610",Kongiganak Tank Farm - Lower Kuskokwim School District,1,48000,,48000,,,,true,false,false,false,,,,,DEC,,POINT (-162.8843994140625 59.96112060546875)
"6B8B493B-8184-4051-A68A-5E838AE19317",,,,"0241610",Lower Kuskokwim School District - Kongiganak,2,14500,,14500,,,,true,false,false,false,,,,,DEC,,POINT (-162.871826171875 59.96270751953125)
"1CB3B2C8-5A1C-47C2-9944-447BF7AF404F",,,,"0241610",Kongiganak Airport Maintenance Station,2,2000,,2000,,,,false,false,true,false,,,,,DEC,,POINT (-162.8853759765625 59.95867919921875)
"42A88935-54F4-4F69-BCEE-122B4C3D5570",,,"164-BF-05","0220970",Southeast Island School District - Edna Bay,1,2500,,2500,,,,true,false,false,false,,,,,DEC,,POINT (-133.66339111328125 55.9437255859375)
"69EA3EB2-DC90-4B6E-9FB4-5A0E23225411",,,"164-BF-01","0220970",City of Edna Bay,3,32000,20000,12000,,,,,,,false,,,,,DEC,,POINT (-133.6212158203125 55.96368408203125)
BFFC22DE-8C43-473B-A696-5370C6EB2162,,,,"0274610",Iditarod Area School District - Takotna,1,20000,,20000,,,,false,false,true,false,,,,,DEC,,POINT (-156.06201171875 62.98809814453125)
A9ECBD54-7C82-4C47-932F-979C91AFCEB1,,,,"0274610",Takotna Airport Maintenance Station,2,2000,,2000,,,,false,false,true,false,,,,,DEC,,POINT (-156.03057861328125 62.99432373046875)
"978129B6-FA2A-40BE-8F70-0AC2A6AD42BC",,,,"0229290",Goodnews Bay Maintenance Station,2,2000,,2000,,,,false,false,true,false,,,,,DEC,,POINT (-161.5792236328125 59.1185302734375)
F842B64F-E61B-446B-B295-990120CE5CA2,,,,"0229290",City of Goodnews Bay,2,15100,,15100,,,,true,false,false,false,,,,,DEC,,POINT (-161.588623046875 59.11810302734375)
"9744BE1C-30A9-42EA-BE46-A88FA1F98BF3",,,,"0229290",Alaska Village Electric Cooperative - Goodnews Bay,11,91500,,91500,,,,,,,false,,,,,DEC,,POINT (-161.5885009765625 59.11810302734375)
B14FE478-41B4-4B67-BF61-8D60B9964248,,,,"0268560",Alaska Railroad - Seward Roundhouse,1,1250,,1250,,,,false,false,true,false,,,,,DEC,,POINT (-149.4276123046875 60.130126953125)
B989A1D4-E1F6-49C4-AE4A-EE42004D4E92,,,"406-BF-03","0268560",Seward Highway Station,2,6000,,6000,,,,false,false,true,false,,,,,DEC,,POINT (-149.4384765625 60.1107177734375)
D3C67F95-4D95-4DED-8E34-558CEA3B78CE,,,,"0268560",Alaska Railroad - Seward Dock,1,1000,,1000,,,,false,false,true,false,,,,,DEC,,POINT (-149.43109130859375 60.12127685546875)
F14F033F-F95C-4CFA-AFFE-C591A2DE7B3E,,,"403-BF-05","0268560",CGC Mustang Shore Facility,1,1000,,1000,,,,false,false,true,false,,,,,DEC,,POINT (-149.43280029296875 60.12109375)
"1949D4CD-4AE9-4857-B85C-60F9E7B4E24A",,,"402-BF-01","0268560",AT&T - Seward,1,5000,,5000,,,,false,false,true,false,,,,,DEC,,POINT (-149.43231201171875 60.1251220703125)
F568A4A6-B0FA-414A-9577-CF79370E1A1A,,,"403-BF-04","0268560",Icicle - Seward,9,35500,,35500,,,,false,false,true,false,,,,,DEC,,POINT (-149.435791015625 60.12127685546875)
"95F72083-EED7-4AD1-B7BC-434444DFE20A",,,"406-BF-02","0268560",University of Alaska Fairbanks - Seward,3,6000,,6000,,,,false,false,true,false,,,,,DEC,,POINT (-149.443603515625 60.09912109375)
"6D2C0D30-6E8C-4094-B60B-FE6B27FAA8CF",,,"403-BF-03","0268560",Kenai Peninsula Borough - Bear Creek Fire Station - Seward,1,8000,,8000,,,,false,false,true,false,,,,,DEC,,POINT (-149.4027099609375 60.16912841796875)
AF6A455C-7DE7-475E-B400-0270987FA395,,,"403-BF-02","0268560",Kenai Peninsula Borough - Seward High School,1,12000,,12000,,,,false,false,true,false,,,,,DEC,,POINT (-149.44427490234375 60.12969970703125)
AEE5AF01-1BA4-4D7E-BD47-22025EB97CE9,,,"403-BF-01","0268560",Kenai Peninsula Borough - Seward Elementary School,1,5000,,5000,,,,false,false,true,false,,,,,DEC,,POINT (-149.43658447265625 60.13287353515625)
"6A226C6A-23B9-4C71-923E-F34176506FF2",,,,"0268560",Kenai Peninsula Borough - Seward Middle School,1,3000,,3000,,,,false,false,true,false,,,,,DEC,,POINT (-149.4425048828125 60.13189697265625)
A767B6F4-71AF-4BEF-8A8F-CFC0C88774D2,,,"406-BF-01","0268560",State of Alaska Department of Corrections - Spring Creek Correctional Center,4,14000,4000,10000,,,,false,false,true,false,,,,,DEC,,POINT (-149.331787109375 60.09368896484375)
"33CE5488-B9E3-4D2C-9002-C9070398F548",,,,"0283080",Alaska Waste - Mat Su,1,8000,,8000,,,,false,false,true,false,,,,,DEC,,POINT (-149.3887939453125 61.61932373046875)
"56FFA4FE-D7F5-417E-8CC6-DF2476255BD0",,,,"0283080",Rain Proof Roofing - Wasilla Branch,1,1000,1000,,,,,,,,false,,,,,DEC,,POINT (-149.4827880859375 61.58990478515625)
"65DFB897-7E85-4456-850D-913C7D010004",,,"462-BF-02","0283080",State of Alaska Department of Corrections - Point Mackenzie Correctional Farm,3,3000,1000,2000,,,,false,false,true,false,,,,,DEC,,POINT (-150.0791015625 61.41668701171875)
E2EBBB67-58E8-4EED-B69B-A03B77169EB6,,,"462-BF-04","0283080",State of Alaska Department of Corrections - Goose Creek Corectional Center,4,77000,2000,75000,,,,false,false,true,false,,,,,DEC,,POINT (-150.01251220703125 61.36029052734375)
"1B293629-AD2E-4C83-91D3-3350830FD212",,,,"0283080",Crowley - Wasilla,1,6000,,,,6000,,false,false,true,false,,,,,DEC,,POINT (-149.54791259765625 61.5706787109375)
C79DD2E6-D5FF-43CB-B4E3-362A2D1FD2CD,,,,"0283080",Lowe's - Wasilla #2512,1,1500,,1500,,,,false,false,true,false,,,,,DEC,,POINT (-149.38568115234375 61.57391357421875)
"4161C397-A0E9-4D17-A7C4-A1B5869F650F",,,,"0283080",City of Wasilla,3,4500,1000,3500,,,,false,false,true,false,,,,,DEC,,POINT (-149.44439697265625 61.58172607421875)
"5FCBFA7A-738A-4726-A6FC-375ADA4BD577",,,,"0239960",DOT&PF Kivalina APT ,1,3000,,3000,,,,false,true,false,false,,,,,DEC,,POINT (-164.54669189453125 67.73052978515625)
"8A31306C-D494-4731-9E1B-923BC30C4942",,ANC-K-030,,"0239960",Alaska Village Electric Cooperative - Kivalina,16,131600,,131600,,,,,,,true,,,,,DEC,,POINT (-164.53302001953125 67.72509765625)
"25C41539-EFB9-4782-8641-837493BF05AF",,ANC-K-065,"266-BF-03","0239960",Northwest Arctic Borough School District - Kivalina,5,49100,,49100,,,,true,false,false,true,,,,,DEC,,POINT (-164.533203125 67.72528076171875)
"12B0F97A-7477-4F96-8DB3-E0011D684287",,,"266-BF-08","0239960",Kivalina Waterplant,1,10000,,10000,,,,true,false,false,false,,,,,DEC,,POINT (-164.5374755859375 67.7269287109375)
"83F44065-C39A-46E4-ABDF-30950D435ED3",,ANC-K-057,,"0239960","Red Dog Mine, Kivilina",,,,,,,,true,false,false,true,,,,,USCG,"2015 Assessment",POINT (-164.53240966796875 67.72491455078125)
"7E4D8AE1-7843-49A3-9585-9B6F01F7736A",,ANC-A-033,,"0204430",Atmautluak Tank Farm - Lower Kuskokwim School District,10,75000,,75000,,,,true,false,false,true,,,,,DEC,,POINT (-162.27978515625 60.8572998046875)
"4647BABE-15E4-4187-9385-1C62344CD6BC",,,,"0204430",Atmautluak Tank Farm - Village of Atmautluak,2,26400,,26400,,,,true,false,false,false,,,,,DEC,,POINT (-162.27978515625 60.8572998046875)
D2B6AD33-B4EC-4CBE-8876-6A89A68C69DB,,,,"0204430",Atmautlak Airport Maintenance Station,2,2000,,2000,,,,false,false,true,false,,,,,DEC,,POINT (-162.27410888671875 60.86309814453125)
"812EE745-86FB-46CA-BCD5-0923DCA97BDF",,,,"0204430",Atmautluak Tank Farm - Atmautluak Limited,7,66000,20000,46000,,,,true,false,false,false,,,,,DEC,,POINT (-162.2799072265625 60.85748291015625)
"12AF761E-4E98-4313-8B18-67C630E34B81",,ANC-A-034,,"0204430",Atmautluak Traditional Council,2,50000,,50000,,,,true,false,false,true,,,,,USCG,,POINT (-162.276123046875 60.8582763671875)
"996CA338-3112-43BA-964E-BAC877F58828",,,,"0232150",Alaska Power & Telephone - Healy Lake Power Generation Plant,1,14000,,14000,,,,false,false,true,false,,,,,DEC,,POINT (-144.734375 64.00030517578125)
"509F4BA3-BB26-4969-8300-CF3DFA06FAC2",,,,"0232150",DOT&PF Healy MS ,2,7000,1000,6000,,,,false,false,true,false,,,,,DEC,,POINT (-149.0137939453125 63.8704833984375)
D76F15DE-85A3-44BE-AE59-2A6533F81512,,,,"0232150",Alaska Railroad - Healy,1,1000,,1000,,,,false,false,true,false,,,,,DEC,,POINT (-148.96868896484375 63.85791015625)
D2C6A9F9-037C-4AA8-8FDC-6D9CE0A36EEC,,,,"0232150",Denali Borough School District - Healy,2,7000,,7000,,,,false,false,true,false,,,,,DEC,,POINT (-149.01361083984375 63.87249755859375)
B80B9117-2A48-449E-839A-C42855A531BB,,,,"0232150",Golden Valley Electric Association - Healy - Eva Creek Warm Storage Building,1,1500,,1500,,,,false,false,true,false,,,,,DEC,,POINT (-149.11572265625 64.01947021484375)
"7E320E02-ED16-4013-AA62-D9862E3AEE6F",,,,"0232150",Golden Valley Electric Association - Healy - Eva Creek Operations and Maintenance Building,1,1000,,1000,,,,false,false,true,false,,,,,DEC,,POINT (-148.90008544921875 64.05987548828125)
"2DD74DCA-D8CE-4395-86AB-A9B3B04453A3",,,,"0232150",Healy Creek Former Tank Farm,,,,,,,,false,false,true,false,,,,,USCG,,POINT (-149.0032958984375 63.87347412109375)
EB7C0400-4008-4293-A2E5-5436D5F383E3,,,,"0241280",Lake and Peninsula School District - Kokhanok,3,45000,,45000,,,,false,false,true,false,,,,,DEC,,POINT (-154.7476806640625 59.4403076171875)
"75270031-386E-446D-8718-2254299400DD",,,,"0241280",AK DOT&PF Kokhanok,2,2000,,2000,,,,,,,false,,,,,DEC,,POINT (-154.7974853515625 59.43511962890625)
D74EF297-A73B-4181-A759-56C37FDE41DF,,,"386-BF-02","0266140",Federal Aviation Administration - Saint Marys - KSM SACOM,1,1000,,1000,,,,false,false,true,false,,,,,DEC,,POINT (-163.30181884765625 62.0609130859375)
E7455FE8-21D1-4DB9-B9A2-3E131F07722C,,,,"0266140",City of Saint Marys,9,21500,,21500,,,,true,false,false,false,,,,,DEC,,POINT (-163.17510986328125 62.051513671875)
FB96C24B-7E2D-41A4-BB41-17A5FC20670F,,,,"0266140",Alaska Village Electric Cooperative - Saint Mary's,18,385500,,385500,,,,,,,false,,,,,DEC,,POINT (-163.1724853515625 62.0518798828125)
"3DD9A650-CE44-4918-B034-D82AF417BEF1",,ANC-S-051,,"0266140","CPD Alaska, St. Mary's",,,,,,,,,,,true,,,,,,,POINT (-163.17510986328125 62.051513671875)
"8AD14672-6D41-4612-9C63-B8526F36290D",,,,"0266140",Saint Mary's City School District,10,121000,,121000,,,,true,false,false,false,,,,,DEC,,POINT (-163.18121337890625 62.05291748046875)
"14E28DA5-69A4-4D2F-BB92-286834F0B46F",,,"386-BF-01","0266140",DOT&PF Saint Mary's APT,2,8000,,8000,,,,false,true,false,false,,,,,DEC,,POINT (-163.2947998046875 62.05767822265625)
"3EDBC3D9-B754-435F-8C6D-2BA2FDBB9607",,,"150-BF-09","0217850",Kuspuk School District - Crooked Creek,2,21000,,21000,,,,true,false,false,false,,,,,DEC,,POINT (-158.1383056640625 61.86407470703125)
CA46A88C-BFAC-4DAA-87F9-5F98FFA280A8,,ANC-C-022,"150-BF-07","0217850",Middle Kuskokwim Electric Cooperative - Crooked Creek,3,46000,,46000,,,,true,false,false,true,,,,,DEC,,POINT (-158.13739013671875 61.8604736328125)
E240391E-9F85-4887-8186-65EAC9A003FE,,,"417-BF-03","0272190",AK DOT&PF South Naknek,1,1000,,1000,,,,,,,false,,,,,DEC,,POINT (-157.00640869140625 58.705322265625)
"8ADDB08B-141C-463F-AF0D-00CB11ED85BB",,,"224-BF-06","0233470",Hooper Bay Maintenance Station,2,2000,,2000,,,,true,false,false,false,,,,,DEC,,POINT (-166.1392822265625 61.52008056640625)
"9D116191-6B6E-4AD2-B09D-41FE4B38B659",,ANC-H-006,,"0233470","CPD, Hooper Bay",,,,,,,,true,false,false,true,,,,,USCG,,POINT (-166.10308837890625 61.52972412109375)
"9B6E707C-3648-4486-86B1-87811824DA67",,,"224-BF-02","0233470",Lower Yukon School District - Hooper Bay,6,151200,1200,150000,,,,true,false,false,false,,,,,DEC,,POINT (-166.09619140625 61.52191162109375)
"93566EA2-A919-4717-BB31-81D367FFC7F3",,,,"0233470",Alaska Commercial Company - Hooper Bay,1,1000,,1000,,,,false,false,true,false,,,,,DEC,,POINT (-166.1007080078125 61.53228759765625)
"20DD3A01-5B0A-472D-A396-C9118EE2DB95",,,"224-BF-03","0233470",Crowley - Hooper Bay,3,384047,3192,380855,,,,false,false,true,false,,,,,DEC,,POINT (-166.0968017578125 61.53131103515625)
"3734C771-7E3F-4526-A652-56D9779C6F09",,ANC-H-004,,"0233470",Alaska Village Electric Cooperative - Hooper Bay,29,223200,,223200,,,,,,,true,,,,,DEC,,POINT (-166.102294921875 61.53070068359375)
"887DB1BB-123E-4376-ADAC-6E12268D877B",,,"223-BF-06","0233470",Alaska Army National Guard - Hooper Bay Readiness Center,1,1500,,1500,,,,false,false,true,false,,,,,DEC,,POINT (-166.0989990234375 61.53192138671875)
DF0BDB23-DC4E-4D7C-9FBB-24B6A044714B,,,"224-BF-05","0233470","LYSD, Hooper Bay",,,,,,,,true,false,false,false,,,,,USCG,,POINT (-166.097412109375 61.52130126953125)
"356DC4A7-68DF-460C-9CDC-D6F6F2ACCC75",,,,"0256680",Nunapitchuk Airport Maintenance Station,2,2000,,2000,,,,false,false,true,false,,,,,DEC,,POINT (-162.44342041015625 60.904296875)
C7474B3B-DBB9-4CAF-B697-A0283730EE6B,,ANC-N-061,"347-BF-01","0256680",Lower Kuskokwim School District - Nunapitchuk,4,40800,,40800,,,,true,false,false,true,,,,,DEC,,POINT (-162.45599365234375 60.8958740234375)
CA9377E2-F045-4E12-899E-A00B06C00908,,,"347-BF-04","0256680",Alaska Village Electric Cooperative - Nunapitchuk,1,27000,,27000,,,,,,,false,,,,,DEC,,POINT (-162.45989990234375 60.8958740234375)
"861754D6-9098-4EE9-991A-8A67BE29D4E1",,,"380-BF-03","0265700",Alaska Village Electric Cooperative - Russian Mission,7,190200,,190200,,,,,,,false,,,,,DEC,,POINT (-161.32537841796875 61.78570556640625)
"3679B53D-9AE5-4B42-BEE4-D8A171EAB2C1",,ANC-R-010,"381-BF-06","0265700",Russian Mission Native Corporation,7,83000,53000,30000,,,,true,false,false,true,,,,,DEC,,POINT (-161.31878662109375 61.7843017578125)
"80B1E5C2-BB9E-4ADA-B223-19A86DAEE9E4",,ANC-R-011,"381-BF-03","0265700",Lower Yukon School District - Russian Mission,7,85000,,85000,,,,true,false,false,true,,,,,DEC,,POINT (-161.32720947265625 61.78570556640625)
AAB3F5C1-2AD5-4A34-BB01-B155229C18D5,,ANC-C-007,,"0213230",Kashunamiut School District - Chevak,5,130000,,130000,,,,true,false,false,true,,,,,DEC,,POINT (-165.5845947265625 61.53228759765625)
"8C28EF0F-18CD-407E-8002-921191C21ED1",,,"126-BF-17","0213230",Chevak Airport Maintenance Station,2,2000,,2000,,,,false,false,true,false,,,,,DEC,,POINT (-165.60150146484375 61.53668212890625)
"03C1AF71-A09C-47AD-9B97-6661F8E87833",,ANC-C-004,,"0213230",Alaska Village Electric Cooperative - Chevak,7,329000,,329000,,,,,,,true,,,,,DEC,,POINT (-165.590576171875 61.52532958984375)
"8899CFDC-080E-43A2-825F-DF52659E8B93",,ANC-S-032,"410-BF-03","0270100",Shungnak Native Store,9,74300,32800,41500,,,,false,true,false,true,,,,,DEC,,POINT (-157.140625 66.88787841796875)
"1829B647-73C9-46F7-A8B5-BA17AD6D60EE",,ANC-S-033,"409-BF-01","0270100",Northwest Arctic Borough School District - Shungnak,5,40000,,40000,,,,true,false,false,true,,,,,DEC,,POINT (-157.1353759765625 66.8892822265625)
"274BE704-9989-4248-B765-A537F1193A53",,ANC-S-031,"409-BF-03","0270100",Alaska Village Electric Cooperative - Shungnak,14,112800,,112800,,,,,,,true,,,,,DEC,,POINT (-157.13970947265625 66.8883056640625)
"91B6F056-6DB5-4A7B-A701-5760274B83B1",,,"409-BF-04","0270100",City of Shungnak Water Treatment Plant,1,5000,,5000,,,,false,true,false,false,,,,,DEC,,POINT (-157.14141845703125 66.888671875)
"5BA42C76-D40B-475E-BE1F-1AC1210A7126",,,"414-BF-02","0270930",Alaska Power & Telephone - Slana Power Generation Plant,1,15000,,15000,,,,false,false,true,false,,,,,DEC,,POINT (-143.9666748046875 62.7332763671875)
B1C31D12-4C17-457D-9F1D-668A0A5F6225,,,,"0270930",Copper River School District - Slana,1,3000,,3000,,,,false,false,true,false,,,,,DEC,,POINT (-145.00579833984375 62.360107421875)
A6F3D5DB-5508-4B0A-8A10-9BFCA0BFA601,,,,"0270930",DOT&PF Slana MS ,3,5500,2500,3000,,,,false,false,true,false,,,,,DEC,,POINT (-143.97857666015625 62.70751953125)
"1C4700D7-8EB2-4516-9DE8-4074B1D1A203",,,,"0254480",Kenai Peninsula Borough - Ninilchik School,1,1000,,1000,,,,false,false,true,false,,,,,DEC,,POINT (-151.67510986328125 60.04327392578125)
"853920D1-6D8A-4C73-B673-398EF4E1A137",,,"319-BF-02","0254480",AK DOT&PF Ninilchik Maintenance Station,1,4000,,4000,,,,false,false,true,false,,,,,DEC,,POINT (-151.66839599609375 60.04571533203125)
"4C46574A-2B37-44A1-87E2-4C1A17B2A4D1",,,,"0254480",Hilcorp - Ninilchik Happy Valley Production Facility,1,3800,,3800,,,,false,false,true,false,,,,,DEC,,POINT (-151.48760986328125 59.98529052734375)
DE33EAF6-CE90-4E59-BD71-AC863E6D0244,,,,"0267680",Scammon Bay Maintenance Station,2,2000,,2000,,,,false,false,true,false,,,,,DEC,,POINT (-165.57958984375 61.84429931640625)
"3329718C-57DB-4741-9526-28493B9AFBF7",,,,"0267680",Lower Yukon School District - Scammon Bay,7,94419,1500,92919,,,,true,false,false,false,,,,,DEC,,POINT (-165.59979248046875 61.85552978515625)
"9D3A72F4-AA05-49D7-B2C6-F108BFE5084F",,,"395-BF-02","0267680",Alaska Village Electric Cooperative - Scammon Bay,14,160000,,160000,,,,,,,false,,,,,DEC,,POINT (-165.5819091796875 61.84332275390625)
"838491D3-14F7-4317-AFC9-3570A079A523",,ANC-S-008,"395-BF-01","0267680",Askinuk Corporation,18,152500,83000,69500,,,,true,false,false,true,,,,,DEC,,POINT (-165.58758544921875 61.84368896484375)
A07FF7A6-29DD-4F0C-8ED2-992C6C8DC2A6,,ANC-N-056,,"0256350",Yukon Koyukuk School District - Nulato,4,37000,,37000,,,,true,false,false,true,,,,,DEC,,POINT (-158.10888671875 64.7178955078125)
"8F92D9EF-EF82-4775-BCB3-DF53797AF5C0",,ANC-N-055,"346-BF-01","0256350",Alaska Village Electric Cooperative - Nulato,14,109800,,109800,,,,,,,true,,,,,DEC,,POINT (-158.0977783203125 64.72149658203125)
"63D13EF4-A0F0-4895-B5BD-141FD7541375",,,"346-BF-06","0256350",DOT&PF Nulato APT,1,3000,,3000,,,,false,true,false,false,,,,,DEC,,POINT (-158.105712890625 64.7216796875)
"8A2972AB-84F2-46F0-A771-6C8C7C0AD31B",,ANC-N-057,,"0256350",City of Nulato,5,88000,50000,38000,,,,true,false,false,true,,,,,DEC,,POINT (-158.1011962890625 64.721923828125)
"7CD84E5B-2773-4604-800C-1C400D6AD79E",,,"439-BF-03","0279890",Kenai Peninsula Borough - Tyonek Tebughna School,1,1000,,1000,,,,false,false,true,false,,,,,DEC,,POINT (-151.1439208984375 61.06829833984375)
"0A4DC447-9742-4966-8414-FE0937DE7487",,ANC-G-006,,"0227640",Alaska Village Electric Cooperative - Gambell,9,234000,,234000,,,,,,,true,,,,,DEC,,POINT (-171.7318115234375 63.7789306640625)
"4FECB5C8-1B1B-43E1-809A-82580669F105",,ANC-G-007,,"0227640",City of Gambell,3,31500,,31500,,,,true,false,false,true,,,,,DEC,,POINT (-171.71807861328125 63.7764892578125)
"450BB183-9E66-4ABC-966A-165BD8839798",,,,"0227640",Alaska Army National Guard - Gambell Readiness Center,2,3000,,3000,,,,false,false,true,false,,,,,DEC,,POINT (-171.73028564453125 63.77850341796875)
E235FE1E-DEC6-48D1-8D3B-838C2CC84F63,,ANC-G-005,,"0227640","Native Village, Gambell",,,,,,,,,,,true,,,,,,,POINT (-171.71881103515625 63.77691650390625)
"88B8198F-E3E4-4060-94E8-60F4A41385FA",,ANC-E-017,,"0222250",Elim Tank Farm - Elim Native Store,5,143000,73000,70000,,,,true,false,false,true,,,,,DEC,,POINT (-162.26019287109375 64.61749267578125)
"78AF0717-CE98-45E5-A347-D7BE6E9C97B8",,ANC-E-018,,"0222250",Alaska Village Electric Cooperative - Elim,6,156000,,156000,,,,,,,true,,,,,DEC,,POINT (-162.27508544921875 64.60992431640625)
F85C69A4-3110-49AB-8573-452FE30EEAB7,,ANC-E-051,,"0222250",Elim Tank Farm - City of Elim,4,84000,3000,81000,,,,false,false,true,true,,,,,DEC,,POINT (-162.273193359375 64.61090087890625)
"540E628D-EFC5-404A-8464-202C7439F12E",,ANC-E-016,,"0222250",Elim Tank Farm - Bering Strait School District,5,47000,,47000,,,,true,false,false,true,,,,,DEC,,POINT (-162.26470947265625 64.6160888671875)
B90D6701-CFBA-411A-AA88-820AA5501C37,,,,"0278240",Toksook Bay Maintenance Station,2,2100,,2100,,,,false,false,true,false,,,,,DEC,,POINT (-165.08941650390625 60.5374755859375)
"2D0BF1A6-B953-4D89-9CA0-EF4A333A17EA",,ANC-T-012,,"0278240",Alaska Village Electric Cooperative - Toksook Bay,14,378000,,378000,,,,,,,true,,,,,DEC,,POINT (-165.1094970703125 60.52972412109375)
DC1660F8-7010-4048-8650-DFA40389687F,,,,"0214880",Yukon Flats School District - Circle,2,7000,,7000,,,,false,false,true,false,,,,,DEC,,POINT (-144.06671142578125 65.82672119140625)
"8ED91C17-5C29-4269-B1C3-F14B3B54034B",,,,"0211800",Chalkyitsik Native Corporation,4,14500,5200,9300,,,,false,true,false,false,,,,,DEC,,POINT (-143.72930908203125 66.64910888671875)
"949B583B-D2A5-4C20-8C1B-E7FB18788B6C",,,"124-BF-03","0211800",Chalkyitsik Tank Farm - Yukon Flats School District,3,18600,,18600,,,,false,true,false,false,,,,,DEC,,POINT (-143.72900390625 66.65008544921875)
C4E7CA6C-65FB-42A3-887B-D4A9C17BFC85,,,,"0211800",Chalkyitsik Tank Farm - Chalkyitsik Village Council,3,29400,,29400,,,,false,true,false,false,,,,,DEC,,POINT (-143.72900390625 66.65008544921875)
"6A7E5E6F-FF46-455D-88CD-E1A277E01EA5",,,"124-BF-01","0211800",DOT&PF Chalkyitsik APT,1,1000,,1000,,,,false,true,false,false,,,,,DEC,,POINT (-143.72857666015625 66.64849853515625)
"332D3B7F-3381-46AA-8D87-8B750D32974D",,,,"0240950","North Pacific Seafoods, Inc. - Kodiak",1,1550,,1550,,,,false,false,true,false,,,,,DEC,,POINT (-152.42327880859375 57.78472900390625)
A1B0FDAC-70EF-4983-B621-720E37481700,,,,"0240950",Kodiak Electric Association - Generating Station,2,40000,,40000,,,,false,false,true,false,,,,,DEC,,POINT (-152.3966064453125 57.7896728515625)
"110EF110-7B9A-4124-8FD4-03B28B4DBDF1",,,"270-BF-03","0240950",Kodiak Electric Association - Swampy Acres Generating Station,2,11100,,11100,,,,false,false,true,false,,,,,DEC,,POINT (-152.48028564453125 57.77569580078125)
"19F9BC71-4564-4B4E-A915-5CB5DC25D415",,,,"0240950",Ocean Beauty Seafoods LLC - Kodiak,3,4700,,4700,,,,false,false,true,false,,,,,DEC,,POINT (-152.4210205078125 57.78509521484375)
"576E8567-E85B-419E-9B43-1C4C0B1093F8",,,"270-BF-06","0240950",Kodiak Electric Association - Nyman Power Plant,1,27000,,27000,,,,false,false,true,false,,,,,DEC,,POINT (-152.50830078125 57.7310791015625)
B46ED03F-5DB4-4255-A1AC-59B085DBF727,,,"270-BF-07","0240950",Kodiak DOT&PF Maintenance Station,2,5000,,5000,,,,,,,false,,,,,DEC,,POINT (-152.51580810546875 57.7598876953125)
B46E79C4-84C1-4A2D-87CF-4831E82CA4A9,,,,"0240950",Kodiak Regional Office Building,1,1000,,1000,,,,false,false,true,false,,,,,DEC,,POINT (-152.40301513671875 57.78887939453125)
"6280955D-A73E-4167-B155-9FE66EA27BEF",,,,"0240950",Kodiak State Airport,4,8000,,8000,,,,false,false,true,false,,,,,DEC,,POINT (-152.49407958984375 57.7489013671875)
"0283A5A4-459A-49DA-B8ED-DEF2FCEC9908",,,"270-BF-04","0240950",Kodiak Court Building,1,1000,,1000,,,,false,false,true,false,,,,,DEC,,POINT (-152.40631103515625 57.78729248046875)
"6CE5C5C5-1A21-4866-8D92-163EB710A180",,,"270-BF-01","0240950",Kodiak Griffin Memorial Building,1,1000,,1000,,,,false,false,true,false,,,,,DEC,,POINT (-152.40069580078125 57.7886962890625)
D5803C6E-27CF-4FEB-A024-8178DC9ED46E,,,,"0240950",Kalsin Maintenance Station,2,3000,,3000,,,,false,false,true,false,,,,,DEC,,POINT (-152.43548583984375 57.58892822265625)
CEFEF0C0-D1C6-4A0B-ABF5-66311BFEFFF9,,,,"0240950",Kodiak Island Borough School District - Kodiak East Elementary School,1,3000,,3000,,,,,,,false,,,,,DEC,,POINT (-152.36798095703125 57.80487060546875)
"1FFEB283-7638-4BB4-A7B7-A262F90CC0BA",,,,"0240950",Kodiak Island Borough School District - Kodiak High School,1,8000,,8000,,,,false,false,true,false,,,,,DEC,,POINT (-152.39361572265625 57.79327392578125)
"9E27F54B-1C0A-4D44-BDBA-3BA09D587DC3",,,,"0240950",Kodiak Island Borough School District - Kodiak Main Elementary School,1,2000,,2000,,,,false,false,true,false,,,,,DEC,,POINT (-152.39129638671875 57.79547119140625)
E6878C9C-E636-4C33-A5F5-14420473C72B,,,,"0240950",Kodiak Island Borough School District - Kodiak Middle School,1,3000,,3000,,,,false,false,true,false,,,,,DEC,,POINT (-152.3922119140625 57.79388427734375)
"920525BE-F98F-41CE-AB7F-DBCC02C15A72",,,,"0240950",Kodiak Island Borough School District - Kodiak North Star Elementary School,1,5000,,5000,,,,false,false,true,false,,,,,DEC,,POINT (-152.365478515625 57.8212890625)
"0616261B-5C6C-4C13-A78B-D76C3F4C4780",,,,"0240950",Kodiak Island Borough School District - Kodiak Peterson Elementary School,1,4000,,4000,,,,false,false,true,false,,,,,DEC,,POINT (-152.49560546875 57.7470703125)
"919C5058-0CBA-459E-8F22-C9D6305E556C",,,,"0240950",State of Alaska Department of Fish and Game - Kodiak,2,7000,,7000,,,,false,false,true,false,,,,,DEC,,POINT (-152.39727783203125 57.7808837890625)
C7184088-386E-4C35-A4AB-2D0D9F2B3A77,,,,"0240950",University of Alaska Anchorage - Kodiak,2,7000,,7000,,,,false,false,true,false,,,,,DEC,,POINT (-152.3629150390625 57.80731201171875)
D6DCE4DB-5CDA-4A88-843D-D8ACEF31E2C5,,,,"0240950",University of Alaska Fairbanks - Kodiak,1,5200,,5200,,,,false,false,true,false,,,,,DEC,,POINT (-152.397705078125 57.780517578125)
"707557AC-2FD8-459E-93CE-C5109AF191DD",,,,"0240950",Trident - Kodiak,2,17000,,17000,,,,false,false,true,false,,,,,DEC,,POINT (-152.41790771484375 57.785888671875)
"8D76DC1E-DDFB-4491-9559-92EF69C41AAA",,,"269-BF-01","0240950",Federal Aviation Administration - Kodiak - ADQ ATCT,1,1000,,1000,,,,false,false,true,false,,,,,DEC,,POINT (-152.49371337890625 57.7498779296875)
"248652B4-D9D2-4A72-90D6-67D7D8F1B4FB",,,,"0240950",Federal Aviation Administration - Woody Island - ODK - VOR,1,2000,,2000,,,,false,false,true,false,,,,,DEC,,POINT (-152.33978271484375 57.77508544921875)
"5AEE4579-120C-418C-965A-911EFB7A4873",,,"269-BF-02","0240950",Alaska Army National Guard -  Kodiak Readiness Center,1,3000,,3000,,,,false,false,true,false,,,,,DEC,,POINT (-152.39288330078125 57.794677734375)
"986F0832-D7FF-48D1-A9F4-9AF8CE00BB51",,,"160-BF-01","0220380",AT&T - Eagle,4,5000,,5000,,,,false,true,false,false,,,,,DEC,,POINT (-141.210205078125 64.7855224609375)
"9F1EAB80-15AC-4B09-9B0B-09F30E3772F1",,,,"0220380",National Park Service - Yukon-Charley Rivers,8,14000,3500,4000,,6500,,false,true,true,false,,,,,DEC,,POINT (-141.203125 64.790283203125)
CDFDD706-0D5A-4E70-8BBE-5C6E499DC2C1,,,"160-BF-05","0220380",Eagle Village Tank Farm,1,6000,,6000,,,,false,false,true,false,,,,,DEC,,POINT (-141.19879150390625 64.7833251953125)
AC79B6DF-37F4-4141-A2B0-20447B7A3E1C,,,,"0220380",DOT&PF Eagle MS,3,6000,1000,5000,,,,false,false,true,false,,,,,DEC,,POINT (-141.2073974609375 64.789306640625)
