fips_code,name,service_area_generation_mwh,fuel_type,year
0200065,Adak,380.127,Distillate Fuel Oil,2008
0200065,Adak,2868.799,Distillate Fuel Oil,2009
0200065,Adak,1869.048,Distillate Fuel Oil,2010
0200065,Adak,1885.810,Distillate Fuel Oil,2011
0200065,Adak,3656.038,Distillate Fuel Oil,2012
0200065,Adak,2681.948,Distillate Fuel Oil,2013
0200065,Adak,2060.313,Distillate Fuel Oil,2014
0200065,Adak,2017.680,Distillate Fuel Oil,2015
0200065,Adak,1977.794,Distillate Fuel Oil,2016
0200065,Adak,1987.416,Distillate Fuel Oil,2017
0200065,Adak,2071.426,Distillate Fuel Oil,2018
0200065,Adak,2142.743,Distillate Fuel Oil,2019
0200065,Adak,1983.991,Distillate Fuel Oil,2020
0200065,Adak,1845.950,Distillate Fuel Oil,2021
0200650,Akhiok,120.649,Distillate Fuel Oil,2001
0200650,Akhiok,17.825,Distillate Fuel Oil,2002
0200650,Akhiok,70.370,Distillate Fuel Oil,2013
0200650,Akhiok,252.263,Distillate Fuel Oil,2014
0200650,Akhiok,257.111,Distillate Fuel Oil,2015
0200650,Akhiok,312.066,Distillate Fuel Oil,2016
0200650,Akhiok,272.273,Distillate Fuel Oil,2017
0200650,Akhiok,275.529,Distillate Fuel Oil,2018
0200650,Akhiok,249.420,Distillate Fuel Oil,2019
0200650,Akhiok,250.903,Distillate Fuel Oil,2020
0200650,Akhiok,286.831,Distillate Fuel Oil,2021
0200760,Akiachak,593.263,Distillate Fuel Oil,2001
0200760,Akiachak,1293.111,Distillate Fuel Oil,2002
0200760,Akiachak,1277.812,Distillate Fuel Oil,2003
0200760,Akiachak,1446.431,Distillate Fuel Oil,2004
0200760,Akiachak,1748.743,Distillate Fuel Oil,2005
0200760,Akiachak,1835.935,Distillate Fuel Oil,2006
0200760,Akiachak,1738.817,Distillate Fuel Oil,2007
0200760,Akiachak,2811.711,Distillate Fuel Oil,2008
0200760,Akiachak,1966.326,Distillate Fuel Oil,2009
0200760,Akiachak,1901.467,Distillate Fuel Oil,2010
0200760,Akiachak,1885.185,Distillate Fuel Oil,2011
0200760,Akiachak,1963.726,Distillate Fuel Oil,2012
0200760,Akiachak,1908.909,Distillate Fuel Oil,2013
0200760,Akiachak,1871.996,Distillate Fuel Oil,2014
0200760,Akiachak,1951.908,Distillate Fuel Oil,2015
0200760,Akiachak,1971.032,Distillate Fuel Oil,2016
0200760,Akiachak,1945.101,Distillate Fuel Oil,2017
0200760,Akiachak,1919.966,Distillate Fuel Oil,2018
0200760,Akiachak,1733.814,Distillate Fuel Oil,2019
0200760,Akiachak,1910.344,Distillate Fuel Oil,2020
0200760,Akiachak,2003.701,Distillate Fuel Oil,2021
0200870,Akiak,179.910,Distillate Fuel Oil,2001
0200870,Akiak,897.143,Distillate Fuel Oil,2003
0200870,Akiak,906.539,Distillate Fuel Oil,2004
0200870,Akiak,1117.234,Distillate Fuel Oil,2005
0200870,Akiak,1026.299,Distillate Fuel Oil,2006
0200870,Akiak,1158.294,Distillate Fuel Oil,2007
0200870,Akiak,1091.263,Distillate Fuel Oil,2008
0200870,Akiak,1061.523,Distillate Fuel Oil,2009
0200870,Akiak,1109.799,Distillate Fuel Oil,2010
0200870,Akiak,1059.510,Distillate Fuel Oil,2011
0200870,Akiak,1208.747,Distillate Fuel Oil,2012
0200870,Akiak,1176.879,Distillate Fuel Oil,2013
0200870,Akiak,1204.634,Distillate Fuel Oil,2014
0200870,Akiak,1067.311,Distillate Fuel Oil,2015
0200870,Akiak,1133.561,Distillate Fuel Oil,2016
0200870,Akiak,1203.404,Distillate Fuel Oil,2017
0200870,Akiak,1202.145,Distillate Fuel Oil,2018
0200870,Akiak,929.501,Distillate Fuel Oil,2019
0200870,Akiak,997.522,Distillate Fuel Oil,2020
0200870,Akiak,224.694,Distillate Fuel Oil,2021
0201090,Akutan,248.458,Distillate Fuel Oil,2001
0201090,Akutan,537.520,Distillate Fuel Oil,2002
0201090,Akutan,12.286,Water at Hydroelectric Turbine,2002
0201090,Akutan,574.650,Distillate Fuel Oil,2003
0201090,Akutan,1.664,Water at Hydroelectric Turbine,2003
0201090,Akutan,528.244,Distillate Fuel Oil,2004
0201090,Akutan,535.352,Distillate Fuel Oil,2005
0201090,Akutan,527.647,Distillate Fuel Oil,2006
0201090,Akutan,103.762,Water at Hydroelectric Turbine,2006
0201090,Akutan,609.862,Distillate Fuel Oil,2007
0201090,Akutan,0.825,Water at Hydroelectric Turbine,2007
0201090,Akutan,667.067,Distillate Fuel Oil,2008
0201090,Akutan,567.169,Distillate Fuel Oil,2009
0201090,Akutan,12.924,Water at Hydroelectric Turbine,2009
0201090,Akutan,603.591,Distillate Fuel Oil,2010
0201090,Akutan,501.375,Distillate Fuel Oil,2011
0201090,Akutan,42.111,Water at Hydroelectric Turbine,2011
0201090,Akutan,366.944,Distillate Fuel Oil,2012
0201090,Akutan,365.204,Water at Hydroelectric Turbine,2012
0201090,Akutan,530.167,Distillate Fuel Oil,2013
0201090,Akutan,86.922,Water at Hydroelectric Turbine,2013
0201090,Akutan,661.252,Distillate Fuel Oil,2014
0201090,Akutan,285.172,Distillate Fuel Oil,2015
0201090,Akutan,2.142,Water at Hydroelectric Turbine,2015
0201090,Akutan,463.935,Distillate Fuel Oil,2016
0201090,Akutan,112.431,Water at Hydroelectric Turbine,2016
0201090,Akutan,446.216,Distillate Fuel Oil,2017
0201090,Akutan,114.539,Water at Hydroelectric Turbine,2017
0201090,Akutan,538.796,Distillate Fuel Oil,2018
0201090,Akutan,102.201,Water at Hydroelectric Turbine,2018
0201090,Akutan,642.182,Distillate Fuel Oil,2019
0201090,Akutan,0.002,Water at Hydroelectric Turbine,2019
0201090,Akutan,443.286,Distillate Fuel Oil,2020
0201090,Akutan,28.072,Water at Hydroelectric Turbine,2020
0201090,Akutan,515.405,Distillate Fuel Oil,2021
0201090,Akutan,168.137,Water at Hydroelectric Turbine,2021
0201200,Alakanuk,1548.000,Distillate Fuel Oil,2001
0201200,Alakanuk,1653.335,Distillate Fuel Oil,2002
0201200,Alakanuk,1819.635,Distillate Fuel Oil,2003
0201200,Alakanuk,1845.957,Distillate Fuel Oil,2004
0201200,Alakanuk,1770.349,Distillate Fuel Oil,2005
0201200,Alakanuk,1711.093,Distillate Fuel Oil,2006
0201200,Alakanuk,1814.017,Distillate Fuel Oil,2007
0201200,Alakanuk,1864.678,Distillate Fuel Oil,2008
0201200,Alakanuk,1863.730,Distillate Fuel Oil,2009
0201200,Alakanuk,1887.717,Distillate Fuel Oil,2010
0201200,Alakanuk,1972.137,Distillate Fuel Oil,2011
0201200,Alakanuk,2068.585,Distillate Fuel Oil,2012
0201200,Alakanuk,2329.994,Distillate Fuel Oil,2013
0201200,Alakanuk,2284.423,Distillate Fuel Oil,2014
0201200,Alakanuk,2161.015,Distillate Fuel Oil,2015
0201200,Alakanuk,1282.889,Distillate Fuel Oil,2016
0201200,Alakanuk,56.000,Jet Fuel,2017
0201200,Alakanuk,0.000,Jet Fuel,2018
0201200,Alakanuk,-14.000,Jet Fuel,2019
0201200,Alakanuk,0.000,Jet Fuel,2020
0201200,Alakanuk,0.000,Jet Fuel,2021
0201305,Alatna,576.001,Distillate Fuel Oil,2001
0201305,Alatna,598.730,Distillate Fuel Oil,2002
0201305,Alatna,653.688,Distillate Fuel Oil,2003
0201305,Alatna,638.676,Distillate Fuel Oil,2004
0201305,Alatna,621.038,Distillate Fuel Oil,2005
0201305,Alatna,631.255,Distillate Fuel Oil,2006
0201305,Alatna,651.749,Distillate Fuel Oil,2007
0201305,Alatna,660.484,Distillate Fuel Oil,2008
0201305,Alatna,715.166,Distillate Fuel Oil,2009
0201305,Alatna,694.388,Distillate Fuel Oil,2010
0201305,Alatna,689.401,Distillate Fuel Oil,2011
0201305,Alatna,729.312,Distillate Fuel Oil,2012
0201305,Alatna,725.568,Distillate Fuel Oil,2013
0201305,Alatna,634.584,Distillate Fuel Oil,2014
0201305,Alatna,596.952,Distillate Fuel Oil,2015
0201305,Alatna,589.679,Distillate Fuel Oil,2016
0201305,Alatna,618.048,Distillate Fuel Oil,2017
0201305,Alatna,593.712,Distillate Fuel Oil,2018
0201305,Alatna,611.182,Distillate Fuel Oil,2019
0201305,Alatna,667.394,Distillate Fuel Oil,2020
0201305,Alatna,662.064,Distillate Fuel Oil,2021
0201390,Alcan Border,1557.000,Distillate Fuel Oil,2001
0201390,Alcan Border,1558.268,Distillate Fuel Oil,2002
0201390,Alcan Border,1619.475,Distillate Fuel Oil,2003
0201390,Alcan Border,1505.784,Distillate Fuel Oil,2004
0201390,Alcan Border,1422.779,Distillate Fuel Oil,2005
0201390,Alcan Border,1438.318,Distillate Fuel Oil,2006
0201390,Alcan Border,1376.229,Distillate Fuel Oil,2007
0201390,Alcan Border,1458.459,Distillate Fuel Oil,2008
0201390,Alcan Border,1409.993,Distillate Fuel Oil,2009
0201390,Alcan Border,1287.701,Distillate Fuel Oil,2010
0201390,Alcan Border,1298.122,Distillate Fuel Oil,2011
0201390,Alcan Border,1289.600,Distillate Fuel Oil,2012
0201390,Alcan Border,1248.000,Distillate Fuel Oil,2013
0201390,Alcan Border,1169.600,Distillate Fuel Oil,2014
0201390,Alcan Border,1156.800,Distillate Fuel Oil,2015
0201390,Alcan Border,1124.801,Distillate Fuel Oil,2016
0201390,Alcan Border,1159.999,Distillate Fuel Oil,2017
0201390,Alcan Border,1116.799,Distillate Fuel Oil,2018
0201390,Alcan Border,1041.601,Distillate Fuel Oil,2019
0201390,Alcan Border,1102.400,Distillate Fuel Oil,2020
0201390,Alcan Border,1096.000,Distillate Fuel Oil,2021
0201420,Aleknagik,8984.400,Distillate Fuel Oil,2001
0201420,Aleknagik,18147.300,Distillate Fuel Oil,2002
0201420,Aleknagik,18618.300,Distillate Fuel Oil,2003
0201420,Aleknagik,19360.500,Distillate Fuel Oil,2004
0201420,Aleknagik,19318.400,Distillate Fuel Oil,2005
0201420,Aleknagik,19264.500,Distillate Fuel Oil,2006
0201420,Aleknagik,18525.200,Distillate Fuel Oil,2007
0201420,Aleknagik,18738.500,Distillate Fuel Oil,2008
0201420,Aleknagik,18730.700,Distillate Fuel Oil,2009
0201420,Aleknagik,19267.450,Distillate Fuel Oil,2010
0201420,Aleknagik,18919.700,Distillate Fuel Oil,2011
0201420,Aleknagik,19352.000,Distillate Fuel Oil,2012
0201420,Aleknagik,18504.842,Distillate Fuel Oil,2013
0201420,Aleknagik,18811.000,Distillate Fuel Oil,2014
0201420,Aleknagik,18511.600,Distillate Fuel Oil,2015
0201420,Aleknagik,18479.200,Distillate Fuel Oil,2016
0201420,Aleknagik,19143.180,Distillate Fuel Oil,2017
0201420,Aleknagik,19186.147,Distillate Fuel Oil,2018
0201420,Aleknagik,19189.907,Distillate Fuel Oil,2019
0201420,Aleknagik,18565.575,Distillate Fuel Oil,2020
0201420,Aleknagik,19099.986,Distillate Fuel Oil,2021
0201560,Aleneva,,,
0201860,Allakaket,576.001,Distillate Fuel Oil,2001
0201860,Allakaket,598.730,Distillate Fuel Oil,2002
0201860,Allakaket,653.688,Distillate Fuel Oil,2003
0201860,Allakaket,638.676,Distillate Fuel Oil,2004
0201860,Allakaket,621.038,Distillate Fuel Oil,2005
0201860,Allakaket,631.255,Distillate Fuel Oil,2006
0201860,Allakaket,651.749,Distillate Fuel Oil,2007
0201860,Allakaket,660.484,Distillate Fuel Oil,2008
0201860,Allakaket,715.166,Distillate Fuel Oil,2009
0201860,Allakaket,694.388,Distillate Fuel Oil,2010
0201860,Allakaket,689.401,Distillate Fuel Oil,2011
0201860,Allakaket,729.312,Distillate Fuel Oil,2012
0201860,Allakaket,725.568,Distillate Fuel Oil,2013
0201860,Allakaket,634.584,Distillate Fuel Oil,2014
0201860,Allakaket,596.952,Distillate Fuel Oil,2015
0201860,Allakaket,589.679,Distillate Fuel Oil,2016
0201860,Allakaket,618.048,Distillate Fuel Oil,2017
0201860,Allakaket,593.712,Distillate Fuel Oil,2018
0201860,Allakaket,611.182,Distillate Fuel Oil,2019
0201860,Allakaket,667.394,Distillate Fuel Oil,2020
0201860,Allakaket,662.064,Distillate Fuel Oil,2021
0201970,Ambler,1114.000,Distillate Fuel Oil,2001
0201970,Ambler,1180.518,Distillate Fuel Oil,2002
0201970,Ambler,1308.917,Distillate Fuel Oil,2003
0201970,Ambler,1425.464,Distillate Fuel Oil,2004
0201970,Ambler,1295.166,Distillate Fuel Oil,2005
0201970,Ambler,1315.042,Distillate Fuel Oil,2006
0201970,Ambler,1374.285,Distillate Fuel Oil,2007
0201970,Ambler,1259.105,Distillate Fuel Oil,2008
0201970,Ambler,1253.915,Distillate Fuel Oil,2009
0201970,Ambler,1285.316,Distillate Fuel Oil,2010
0201970,Ambler,1308.841,Distillate Fuel Oil,2011
0201970,Ambler,1350.086,Distillate Fuel Oil,2012
0201970,Ambler,1288.629,Distillate Fuel Oil,2013
0201970,Ambler,1234.382,Distillate Fuel Oil,2014
0201970,Ambler,1362.904,Distillate Fuel Oil,2015
0201970,Ambler,1338.498,Distillate Fuel Oil,2016
0201970,Ambler,1302.225,Distillate Fuel Oil,2017
0201970,Ambler,1234.807,Distillate Fuel Oil,2018
0201970,Ambler,1176.000,Distillate Fuel Oil,2019
0201970,Ambler,1246.482,Distillate Fuel Oil,2020
0201970,Ambler,1330.930,Distillate Fuel Oil,2021
0202080,Anaktuvuk Pass,1816.800,Distillate Fuel Oil,2001
0202080,Anaktuvuk Pass,4111.200,Distillate Fuel Oil,2002
0202080,Anaktuvuk Pass,3920.459,Distillate Fuel Oil,2003
0202080,Anaktuvuk Pass,4262.432,Distillate Fuel Oil,2004
0202080,Anaktuvuk Pass,4691.092,Distillate Fuel Oil,2005
0202080,Anaktuvuk Pass,4662.721,Distillate Fuel Oil,2006
0202080,Anaktuvuk Pass,3999.999,Distillate Fuel Oil,2007
0202080,Anaktuvuk Pass,3185.000,Distillate Fuel Oil,2008
0202080,Anaktuvuk Pass,3942.122,Distillate Fuel Oil,2009
0202080,Anaktuvuk Pass,3854.199,Distillate Fuel Oil,2010
0202080,Anaktuvuk Pass,3769.000,Distillate Fuel Oil,2011
0202080,Anaktuvuk Pass,4251.301,Distillate Fuel Oil,2012
0202080,Anaktuvuk Pass,4253.000,Distillate Fuel Oil,2013
0202080,Anaktuvuk Pass,4231.000,Distillate Fuel Oil,2014
0202080,Anaktuvuk Pass,4110.000,Distillate Fuel Oil,2015
0202080,Anaktuvuk Pass,4256.000,Distillate Fuel Oil,2016
0202080,Anaktuvuk Pass,4244.298,Distillate Fuel Oil,2017
0202080,Anaktuvuk Pass,4033.000,Distillate Fuel Oil,2018
0202080,Anaktuvuk Pass,4042.567,Distillate Fuel Oil,2019
0202080,Anaktuvuk Pass,4094.432,Distillate Fuel Oil,2020
0202080,Anaktuvuk Pass,4260.000,Distillate Fuel Oil,2021
0203110,Anchor Point,490.999,Distillate Fuel Oil,2001
0203110,Anchor Point,426710.001,Natural Gas,2001
0203110,Anchor Point,345681.000,Water at Hydroelectric Turbine,2001
0203110,Anchor Point,355.740,Distillate Fuel Oil,2002
0203110,Anchor Point,473327.141,Natural Gas,2002
0203110,Anchor Point,484899.000,Water at Hydroelectric Turbine,2002
0203110,Anchor Point,243.001,Distillate Fuel Oil,2003
0203110,Anchor Point,399766.998,Natural Gas,2003
0203110,Anchor Point,500875.000,Water at Hydroelectric Turbine,2003
0203110,Anchor Point,336.702,Distillate Fuel Oil,2004
0203110,Anchor Point,398518.890,Natural Gas,2004
0203110,Anchor Point,429709.000,Water at Hydroelectric Turbine,2004
0203110,Anchor Point,235.643,Distillate Fuel Oil,2005
0203110,Anchor Point,490271.637,Natural Gas,2005
0203110,Anchor Point,452757.000,Water at Hydroelectric Turbine,2005
0203110,Anchor Point,236.000,Distillate Fuel Oil,2006
0203110,Anchor Point,2147.575,Jet Fuel,2006
0203110,Anchor Point,451056.328,Natural Gas,2006
0203110,Anchor Point,343766.000,Water at Hydroelectric Turbine,2006
0203110,Anchor Point,382.001,Distillate Fuel Oil,2007
0203110,Anchor Point,264.025,Jet Fuel,2007
0203110,Anchor Point,443609.870,Natural Gas,2007
0203110,Anchor Point,336288.000,Water at Hydroelectric Turbine,2007
0203110,Anchor Point,22.000,Distillate Fuel Oil,2008
0203110,Anchor Point,3.268,Jet Fuel,2008
0203110,Anchor Point,473626.372,Natural Gas,2008
0203110,Anchor Point,296759.000,Water at Hydroelectric Turbine,2008
0203110,Anchor Point,324.649,Distillate Fuel Oil,2009
0203110,Anchor Point,163.399,Jet Fuel,2009
0203110,Anchor Point,378362.432,Natural Gas,2009
0203110,Anchor Point,362293.410,Water at Hydroelectric Turbine,2009
0203110,Anchor Point,202.000,Distillate Fuel Oil,2010
0203110,Anchor Point,0.000,Jet Fuel,2010
0203110,Anchor Point,354378.140,Natural Gas,2010
0203110,Anchor Point,348270.970,Water at Hydroelectric Turbine,2010
0203110,Anchor Point,160.167,Distillate Fuel Oil,2011
0203110,Anchor Point,0.000,Jet Fuel,2011
0203110,Anchor Point,375394.769,Natural Gas,2011
0203110,Anchor Point,2738.304,Other Gas,2011
0203110,Anchor Point,303900.000,Water at Hydroelectric Turbine,2011
0203110,Anchor Point,214.332,Distillate Fuel Oil,2012
0203110,Anchor Point,0.000,Jet Fuel,2012
0203110,Anchor Point,355032.847,Natural Gas,2012
0203110,Anchor Point,2658.441,Other Gas,2012
0203110,Anchor Point,397373.000,Water at Hydroelectric Turbine,2012
0203110,Anchor Point,101.277,Distillate Fuel Oil,2013
0203110,Anchor Point,0.000,Jet Fuel,2013
0203110,Anchor Point,201008.184,Natural Gas,2013
0203110,Anchor Point,430.659,Waste Oil,2013
0203110,Anchor Point,368254.000,Water at Hydroelectric Turbine,2013
0203110,Anchor Point,444.000,Distillate Fuel Oil,2014
0203110,Anchor Point,0.000,Jet Fuel,2014
0203110,Anchor Point,306144.240,Natural Gas,2014
0203110,Anchor Point,0.000,Waste Oil,2014
0203110,Anchor Point,432575.000,Water at Hydroelectric Turbine,2014
0203110,Anchor Point,228.103,Distillate Fuel Oil,2015
0203110,Anchor Point,0.000,Jet Fuel,2015
0203110,Anchor Point,315789.997,Natural Gas,2015
0203110,Anchor Point,471705.000,Water at Hydroelectric Turbine,2015
0203110,Anchor Point,87.000,Distillate Fuel Oil,2016
0203110,Anchor Point,0.000,Jet Fuel,2016
0203110,Anchor Point,316448.000,Natural Gas,2016
0203110,Anchor Point,430509.000,Water at Hydroelectric Turbine,2016
0203110,Anchor Point,15.000,Distillate Fuel Oil,2017
0203110,Anchor Point,0.000,Jet Fuel,2017
0203110,Anchor Point,316493.000,Natural Gas,2017
0203110,Anchor Point,387059.000,Water at Hydroelectric Turbine,2017
0203110,Anchor Point,85.461,Distillate Fuel Oil,2018
0203110,Anchor Point,0.000,Jet Fuel,2018
0203110,Anchor Point,276027.539,Natural Gas,2018
0203110,Anchor Point,404479.000,Water at Hydroelectric Turbine,2018
0203110,Anchor Point,63.000,Distillate Fuel Oil,2019
0203110,Anchor Point,0.000,Jet Fuel,2019
0203110,Anchor Point,237333.000,Natural Gas,2019
0203110,Anchor Point,413592.000,Water at Hydroelectric Turbine,2019
0203110,Anchor Point,4329.915,Distillate Fuel Oil,2020
0203110,Anchor Point,302127.085,Natural Gas,2020
0203110,Anchor Point,466635.000,Water at Hydroelectric Turbine,2020
0203110,Anchor Point,224.000,Distillate Fuel Oil,2021
0203110,Anchor Point,290511.000,Natural Gas,2021
0203110,Anchor Point,391018.000,Water at Hydroelectric Turbine,2021
0203000,Anchorage,571.000,Distillate Fuel Oil,2001
0203000,Anchorage,2690002.000,Natural Gas,2001
0203000,Anchorage,59447.000,Water at Hydroelectric Turbine,2001
0203000,Anchorage,309.000,Distillate Fuel Oil,2002
0203000,Anchorage,2583439.000,Natural Gas,2002
0203000,Anchorage,65555.000,Water at Hydroelectric Turbine,2002
0203000,Anchorage,260.000,Distillate Fuel Oil,2003
0203000,Anchorage,1097628.000,Natural Gas,2003
0203000,Anchorage,47662.000,Water at Hydroelectric Turbine,2003
0203000,Anchorage,344.884,Distillate Fuel Oil,2004
0203000,Anchorage,941642.001,Natural Gas,2004
0203000,Anchorage,48351.001,Water at Hydroelectric Turbine,2004
0203000,Anchorage,115.276,Distillate Fuel Oil,2005
0203000,Anchorage,795761.001,Natural Gas,2005
0203000,Anchorage,34043.001,Water at Hydroelectric Turbine,2005
0203000,Anchorage,92.932,Distillate Fuel Oil,2006
0203000,Anchorage,1194561.001,Natural Gas,2006
0203000,Anchorage,30089.001,Water at Hydroelectric Turbine,2006
0203000,Anchorage,152.344,Distillate Fuel Oil,2007
0203000,Anchorage,1127247.621,Natural Gas,2007
0203000,Anchorage,24303.000,Water at Hydroelectric Turbine,2007
0203000,Anchorage,120.484,Distillate Fuel Oil,2008
0203000,Anchorage,1248362.767,Natural Gas,2008
0203000,Anchorage,6663.000,Water at Hydroelectric Turbine,2008
0203000,Anchorage,253.636,Distillate Fuel Oil,2009
0203000,Anchorage,1412095.075,Natural Gas,2009
0203000,Anchorage,33262.000,Water at Hydroelectric Turbine,2009
0203000,Anchorage,575.859,Distillate Fuel Oil,2010
0203000,Anchorage,994667.057,Natural Gas,2010
0203000,Anchorage,45390.000,Water at Hydroelectric Turbine,2010
0203000,Anchorage,109.853,Distillate Fuel Oil,2011
0203000,Anchorage,1419720.471,Natural Gas,2011
0203000,Anchorage,28759.000,Water at Hydroelectric Turbine,2011
0203000,Anchorage,857.634,Distillate Fuel Oil,2012
0203000,Anchorage,1027320.761,Natural Gas,2012
0203000,Anchorage,77589.000,Water at Hydroelectric Turbine,2012
0203000,Anchorage,935.896,Distillate Fuel Oil,2013
0203000,Anchorage,1125792.387,Natural Gas,2013
0203000,Anchorage,35928.000,Water at Hydroelectric Turbine,2013
0203000,Anchorage,44784.000,Wind,2013
0203000,Anchorage,466.953,Distillate Fuel Oil,2014
0203000,Anchorage,870092.532,Natural Gas,2014
0203000,Anchorage,32050.000,Water at Hydroelectric Turbine,2014
0203000,Anchorage,47813.000,Wind,2014
0203000,Anchorage,493.112,Distillate Fuel Oil,2015
0203000,Anchorage,616460.562,Natural Gas,2015
0203000,Anchorage,16425.000,Water at Hydroelectric Turbine,2015
0203000,Anchorage,50562.000,Wind,2015
0203000,Anchorage,70.123,Distillate Fuel Oil,2016
0203000,Anchorage,615436.794,Natural Gas,2016
0203000,Anchorage,86666.000,Water at Hydroelectric Turbine,2016
0203000,Anchorage,56022.000,Wind,2016
0203000,Anchorage,49.623,Distillate Fuel Oil,2017
0203000,Anchorage,685153.102,Natural Gas,2017
0203000,Anchorage,25713.000,Water at Hydroelectric Turbine,2017
0203000,Anchorage,47715.000,Wind,2017
0203000,Anchorage,63.041,Distillate Fuel Oil,2018
0203000,Anchorage,650295.739,Natural Gas,2018
0203000,Anchorage,59832.000,Water at Hydroelectric Turbine,2018
0203000,Anchorage,51829.000,Wind,2018
0203000,Anchorage,32.526,Distillate Fuel Oil,2019
0203000,Anchorage,685057.722,Natural Gas,2019
0203000,Anchorage,46102.000,Water at Hydroelectric Turbine,2019
0203000,Anchorage,48221.000,Wind,2019
0203000,Anchorage,69.606,Distillate Fuel Oil,2020
0203000,Anchorage,451805.484,Natural Gas,2020
0203000,Anchorage,60854.000,Water at Hydroelectric Turbine,2020
0203000,Anchorage,47201.000,Wind,2020
0203000,Anchorage,0.000,Distillate Fuel Oil,2021
0203000,Anchorage,937447.089,Natural Gas,2021
0203000,Anchorage,36381.000,Water at Hydroelectric Turbine,2021
0203000,Anchorage,41759.000,Wind,2021
0203000,Anchorage,,,
0203220,Anderson,320199.883,Coal,2001
0203220,Anderson,10180.000,Distillate Fuel Oil,2001
0203220,Anderson,579967.000,Residual Fuel Oil,2001
0203220,Anderson,481090.841,Coal,2002
0203220,Anderson,17426.909,Distillate Fuel Oil,2002
0203220,Anderson,546300.000,Residual Fuel Oil,2002
0203220,Anderson,32.000,Waste Oil,2002
0203220,Anderson,1031.000,Wood Waste Solids,2002
0203220,Anderson,456747.980,Coal,2003
0203220,Anderson,6308.990,Distillate Fuel Oil,2003
0203220,Anderson,453733.000,Residual Fuel Oil,2003
0203220,Anderson,64.000,Waste Oil,2003
0203220,Anderson,758.001,Wood Waste Solids,2003
0203220,Anderson,519938.432,Coal,2004
0203220,Anderson,9963.938,Distillate Fuel Oil,2004
0203220,Anderson,360379.000,Residual Fuel Oil,2004
0203220,Anderson,0.000,Waste Oil,2004
0203220,Anderson,388.500,Wood Waste Solids,2004
0203220,Anderson,525017.007,Coal,2005
0203220,Anderson,2907.565,Distillate Fuel Oil,2005
0203220,Anderson,360562.000,Residual Fuel Oil,2005
0203220,Anderson,0.000,Waste Oil,2005
0203220,Anderson,382.565,Wood Waste Solids,2005
0203220,Anderson,532341.253,Coal,2006
0203220,Anderson,3215.258,Distillate Fuel Oil,2006
0203220,Anderson,337599.000,Residual Fuel Oil,2006
0203220,Anderson,0.000,Waste Oil,2006
0203220,Anderson,515.509,Wood Waste Solids,2006
0203220,Anderson,538127.163,Coal,2007
0203220,Anderson,5102.496,Distillate Fuel Oil,2007
0203220,Anderson,284406.908,Jet Fuel,2007
0203220,Anderson,436.577,Natural Gas,2007
0203220,Anderson,266301.606,Residual Fuel Oil,2007
0203220,Anderson,0.000,Waste Oil,2007
0203220,Anderson,21.755,Wood Waste Solids,2007
0203220,Anderson,512423.237,Coal,2008
0203220,Anderson,5916.308,Distillate Fuel Oil,2008
0203220,Anderson,387339.730,Jet Fuel,2008
0203220,Anderson,0.000,Natural Gas,2008
0203220,Anderson,126668.178,Residual Fuel Oil,2008
0203220,Anderson,0.000,Wood Waste Solids,2008
0203220,Anderson,515890.711,Coal,2009
0203220,Anderson,7005.089,Distillate Fuel Oil,2009
0203220,Anderson,370545.007,Jet Fuel,2009
0203220,Anderson,0.000,Natural Gas,2009
0203220,Anderson,343136.891,Residual Fuel Oil,2009
0203220,Anderson,463538.211,Coal,2010
0203220,Anderson,7652.130,Distillate Fuel Oil,2010
0203220,Anderson,0.000,Jet Fuel,2010
0203220,Anderson,639.868,Natural Gas,2010
0203220,Anderson,192178.603,Residual Fuel Oil,2010
0203220,Anderson,423964.882,Coal,2011
0203220,Anderson,3653.416,Distillate Fuel Oil,2011
0203220,Anderson,155547.000,Jet Fuel,2011
0203220,Anderson,2837.823,Natural Gas,2011
0203220,Anderson,102593.325,Residual Fuel Oil,2011
0203220,Anderson,463815.730,Coal,2012
0203220,Anderson,5994.123,Distillate Fuel Oil,2012
0203220,Anderson,197942.000,Jet Fuel,2012
0203220,Anderson,2683.523,Natural Gas,2012
0203220,Anderson,175535.364,Residual Fuel Oil,2012
0203220,Anderson,374005.564,Coal,2013
0203220,Anderson,3916.995,Distillate Fuel Oil,2013
0203220,Anderson,91958.000,Jet Fuel,2013
0203220,Anderson,5000.441,Natural Gas,2013
0203220,Anderson,33991.362,Residual Fuel Oil,2013
0203220,Anderson,72610.000,Wind,2013
0203220,Anderson,0.000,Wood Waste Solids,2013
0203220,Anderson,376282.303,Coal,2014
0203220,Anderson,1508.242,Distillate Fuel Oil,2014
0203220,Anderson,131279.730,Jet Fuel,2014
0203220,Anderson,2161.112,Natural Gas,2014
0203220,Anderson,47426.548,Residual Fuel Oil,2014
0203220,Anderson,76279.000,Wind,2014
0203220,Anderson,0.000,Wood Waste Solids,2014
0203220,Anderson,432567.508,Coal,2015
0203220,Anderson,14837.204,Distillate Fuel Oil,2015
0203220,Anderson,0.000,Jet Fuel,2015
0203220,Anderson,0.000,Natural Gas,2015
0203220,Anderson,48522.553,Residual Fuel Oil,2015
0203220,Anderson,163960.164,Waste Oil,2015
0203220,Anderson,76784.000,Wind,2015
0203220,Anderson,0.000,Wood Waste Solids,2015
0203220,Anderson,395864.156,Coal,2016
0203220,Anderson,46782.391,Distillate Fuel Oil,2016
0203220,Anderson,-2392.000,Electricity used for Energy Storage,2016
0203220,Anderson,0.000,Jet Fuel,2016
0203220,Anderson,1129.934,Natural Gas,2016
0203220,Anderson,0.000,Residual Fuel Oil,2016
0203220,Anderson,48474.738,Waste Oil,2016
0203220,Anderson,78291.000,Wind,2016
0203220,Anderson,0.000,Wood Waste Solids,2016
0203220,Anderson,356409.011,Coal,2017
0203220,Anderson,70874.044,Distillate Fuel Oil,2017
0203220,Anderson,-2711.000,Electricity used for Energy Storage,2017
0203220,Anderson,0.000,Jet Fuel,2017
0203220,Anderson,554.666,Natural Gas,2017
0203220,Anderson,0.000,Residual Fuel Oil,2017
0203220,Anderson,144787.681,Waste Oil,2017
0203220,Anderson,64121.000,Wind,2017
0203220,Anderson,0.000,Wood Waste Solids,2017
0203220,Anderson,392019.635,Coal,2018
0203220,Anderson,64419.043,Distillate Fuel Oil,2018
0203220,Anderson,-2428.000,Electricity used for Energy Storage,2018
0203220,Anderson,0.000,Jet Fuel,2018
0203220,Anderson,0.000,Natural Gas,2018
0203220,Anderson,0.000,Residual Fuel Oil,2018
0203220,Anderson,82114.648,Waste Oil,2018
0203220,Anderson,70012.000,Wind,2018
0203220,Anderson,0.000,Wood Waste Solids,2018
0203220,Anderson,0.000,Agricultural By-Products,2019
0203220,Anderson,481171.537,Coal,2019
0203220,Anderson,28027.598,Distillate Fuel Oil,2019
0203220,Anderson,-3280.000,Electricity used for Energy Storage,2019
0203220,Anderson,2627.119,Jet Fuel,2019
0203220,Anderson,0.080,Natural Gas,2019
0203220,Anderson,0.000,Residual Fuel Oil,2019
0203220,Anderson,164462.097,Waste Oil,2019
0203220,Anderson,64076.000,Wind,2019
0203220,Anderson,0.000,Wood Waste Solids,2019
0203220,Anderson,466648.747,Coal,2020
0203220,Anderson,153461.063,Distillate Fuel Oil,2020
0203220,Anderson,-2810.000,Electricity used for Energy Storage,2020
0203220,Anderson,2081.775,Jet Fuel,2020
0203220,Anderson,6.054,Natural Gas,2020
0203220,Anderson,211433.728,Waste Oil,2020
0203220,Anderson,49937.000,Wind,2020
0203220,Anderson,503966.256,Coal,2021
0203220,Anderson,88907.304,Distillate Fuel Oil,2021
0203220,Anderson,-3433.000,Electricity used for Energy Storage,2021
0203220,Anderson,671.883,Jet Fuel,2021
0203220,Anderson,3.471,Natural Gas,2021
0203220,Anderson,184970.610,Waste Oil,2021
0203220,Anderson,60302.000,Wind,2021
0203220,Anderson,,,
0203440,Angoon,974.409,Distillate Fuel Oil,2001
0203440,Angoon,1996.306,Distillate Fuel Oil,2002
0203440,Angoon,2015.239,Distillate Fuel Oil,2003
0203440,Angoon,2036.059,Distillate Fuel Oil,2004
0203440,Angoon,1982.338,Distillate Fuel Oil,2005
0203440,Angoon,1948.064,Distillate Fuel Oil,2006
0203440,Angoon,1906.912,Distillate Fuel Oil,2007
0203440,Angoon,1889.757,Distillate Fuel Oil,2008
0203440,Angoon,1950.138,Distillate Fuel Oil,2009
0203440,Angoon,2034.398,Distillate Fuel Oil,2010
0203440,Angoon,2088.673,Distillate Fuel Oil,2011
0203440,Angoon,1879.404,Distillate Fuel Oil,2012
0203440,Angoon,1830.393,Distillate Fuel Oil,2013
0203440,Angoon,1812.726,Distillate Fuel Oil,2014
0203440,Angoon,1806.774,Distillate Fuel Oil,2015
0203440,Angoon,1846.135,Distillate Fuel Oil,2016
0203440,Angoon,1799.437,Distillate Fuel Oil,2017
0203440,Angoon,1771.994,Distillate Fuel Oil,2018
0203440,Angoon,1723.443,Distillate Fuel Oil,2019
0203440,Angoon,1745.979,Distillate Fuel Oil,2020
0203440,Angoon,1822.265,Distillate Fuel Oil,2021
0203550,Aniak,1299.000,Distillate Fuel Oil,2001
0203550,Aniak,2454.000,Distillate Fuel Oil,2002
0203550,Aniak,2453.600,Distillate Fuel Oil,2003
0203550,Aniak,2451.400,Distillate Fuel Oil,2004
0203550,Aniak,2561.200,Distillate Fuel Oil,2005
0203550,Aniak,2578.000,Distillate Fuel Oil,2006
0203550,Aniak,2575.000,Distillate Fuel Oil,2007
0203550,Aniak,2595.900,Distillate Fuel Oil,2008
0203550,Aniak,2587.800,Distillate Fuel Oil,2009
0203550,Aniak,2736.900,Distillate Fuel Oil,2010
0203550,Aniak,2652.700,Distillate Fuel Oil,2011
0203550,Aniak,2758.800,Distillate Fuel Oil,2012
0203550,Aniak,2592.900,Distillate Fuel Oil,2013
0203550,Aniak,2629.600,Distillate Fuel Oil,2014
0203550,Aniak,2673.800,Distillate Fuel Oil,2015
0203550,Aniak,2613.996,Distillate Fuel Oil,2016
0203550,Aniak,2604.100,Distillate Fuel Oil,2017
0203550,Aniak,2582.300,Distillate Fuel Oil,2018
0203550,Aniak,2466.810,Distillate Fuel Oil,2019
0203550,Aniak,2523.500,Distillate Fuel Oil,2020
0203550,Aniak,2670.900,Distillate Fuel Oil,2021
0203880,Anvik,445.001,Distillate Fuel Oil,2001
0203880,Anvik,437.441,Distillate Fuel Oil,2002
0203880,Anvik,457.785,Distillate Fuel Oil,2003
0203880,Anvik,469.961,Distillate Fuel Oil,2004
0203880,Anvik,462.985,Distillate Fuel Oil,2005
0203880,Anvik,489.373,Distillate Fuel Oil,2006
0203880,Anvik,508.123,Distillate Fuel Oil,2007
0203880,Anvik,427.812,Distillate Fuel Oil,2008
0203880,Anvik,418.535,Distillate Fuel Oil,2009
0203880,Anvik,422.593,Distillate Fuel Oil,2010
0203880,Anvik,420.600,Distillate Fuel Oil,2011
0203880,Anvik,431.519,Distillate Fuel Oil,2012
0203880,Anvik,435.376,Distillate Fuel Oil,2013
0203880,Anvik,410.482,Distillate Fuel Oil,2014
0203880,Anvik,430.561,Distillate Fuel Oil,2015
0203880,Anvik,425.774,Distillate Fuel Oil,2016
0203880,Anvik,402.087,Distillate Fuel Oil,2017
0203880,Anvik,406.776,Distillate Fuel Oil,2018
0203880,Anvik,413.962,Distillate Fuel Oil,2019
0203880,Anvik,398.054,Distillate Fuel Oil,2020
0203880,Anvik,400.100,Distillate Fuel Oil,2021
0203990,Arctic Village,,,
0204210,Atka,68.503,Distillate Fuel Oil,2001
0204210,Atka,365.762,Distillate Fuel Oil,2002
0204210,Atka,353.788,Distillate Fuel Oil,2003
0204210,Atka,309.488,Distillate Fuel Oil,2004
0204210,Atka,342.542,Distillate Fuel Oil,2005
0204210,Atka,359.511,Distillate Fuel Oil,2006
0204210,Atka,437.223,Distillate Fuel Oil,2007
0204210,Atka,473.425,Distillate Fuel Oil,2008
0204210,Atka,469.251,Distillate Fuel Oil,2009
0204210,Atka,509.533,Distillate Fuel Oil,2010
0204210,Atka,471.626,Distillate Fuel Oil,2011
0204210,Atka,437.041,Distillate Fuel Oil,2012
0204210,Atka,6.642,Water at Hydroelectric Turbine,2012
0204210,Atka,81.404,Distillate Fuel Oil,2013
0204210,Atka,443.142,Water at Hydroelectric Turbine,2013
0204210,Atka,240.280,Distillate Fuel Oil,2014
0204210,Atka,276.175,Water at Hydroelectric Turbine,2014
0204210,Atka,141.865,Distillate Fuel Oil,2015
0204210,Atka,371.320,Water at Hydroelectric Turbine,2015
0204210,Atka,120.057,Distillate Fuel Oil,2016
0204210,Atka,358.759,Water at Hydroelectric Turbine,2016
0204210,Atka,63.834,Distillate Fuel Oil,2017
0204210,Atka,408.298,Water at Hydroelectric Turbine,2017
0204210,Atka,56.281,Distillate Fuel Oil,2018
0204210,Atka,361.062,Water at Hydroelectric Turbine,2018
0204210,Atka,83.651,Distillate Fuel Oil,2019
0204210,Atka,261.938,Water at Hydroelectric Turbine,2019
0204210,Atka,67.615,Distillate Fuel Oil,2020
0204210,Atka,285.258,Water at Hydroelectric Turbine,2020
0204210,Atka,57.140,Distillate Fuel Oil,2021
0204210,Atka,310.000,Water at Hydroelectric Turbine,2021
0204430,Atmautluak,441.200,Distillate Fuel Oil,2001
0204430,Atmautluak,815.500,Distillate Fuel Oil,2002
0204430,Atmautluak,676.785,Distillate Fuel Oil,2003
0204430,Atmautluak,188.886,Distillate Fuel Oil,2004
0204430,Atmautluak,581.859,Distillate Fuel Oil,2007
0204430,Atmautluak,665.726,Distillate Fuel Oil,2008
0204430,Atmautluak,647.425,Distillate Fuel Oil,2009
0204430,Atmautluak,838.584,Distillate Fuel Oil,2010
0204430,Atmautluak,818.663,Distillate Fuel Oil,2011
0204430,Atmautluak,760.317,Distillate Fuel Oil,2012
0204430,Atmautluak,740.252,Distillate Fuel Oil,2013
0204430,Atmautluak,655.181,Distillate Fuel Oil,2014
0204430,Atmautluak,692.751,Distillate Fuel Oil,2015
0204430,Atmautluak,724.502,Distillate Fuel Oil,2016
0204430,Atmautluak,560.928,Distillate Fuel Oil,2017
0204430,Atmautluak,609.759,Distillate Fuel Oil,2018
0204430,Atmautluak,287.729,Distillate Fuel Oil,2019
0204430,Atmautluak,944.928,Distillate Fuel Oil,2020
0204430,Atmautluak,1112.585,Distillate Fuel Oil,2021
0204500,Atqasuk,1568.999,Distillate Fuel Oil,2001
0204500,Atqasuk,3720.292,Distillate Fuel Oil,2002
0204500,Atqasuk,3391.177,Distillate Fuel Oil,2003
0204500,Atqasuk,3575.181,Distillate Fuel Oil,2004
0204500,Atqasuk,3475.971,Distillate Fuel Oil,2005
0204500,Atqasuk,3360.240,Distillate Fuel Oil,2006
0204500,Atqasuk,2000.000,Distillate Fuel Oil,2007
0204500,Atqasuk,2948.000,Distillate Fuel Oil,2008
0204500,Atqasuk,3545.677,Distillate Fuel Oil,2009
0204500,Atqasuk,3380.083,Distillate Fuel Oil,2010
0204500,Atqasuk,3350.880,Distillate Fuel Oil,2011
0204500,Atqasuk,3615.714,Distillate Fuel Oil,2012
0204500,Atqasuk,3469.440,Distillate Fuel Oil,2013
0204500,Atqasuk,3481.920,Distillate Fuel Oil,2014
0204500,Atqasuk,3442.360,Distillate Fuel Oil,2015
0204500,Atqasuk,3300.275,Distillate Fuel Oil,2016
0204500,Atqasuk,3401.747,Distillate Fuel Oil,2017
0204500,Atqasuk,2653.826,Distillate Fuel Oil,2018
0204500,Atqasuk,2782.000,Distillate Fuel Oil,2019
0204500,Atqasuk,2909.000,Distillate Fuel Oil,2020
0204500,Atqasuk,2161.000,Distillate Fuel Oil,2021
0204670,Attu Station,,,
0205000,Badger,320199.883,Coal,2001
0205000,Badger,10180.000,Distillate Fuel Oil,2001
0205000,Badger,579967.000,Residual Fuel Oil,2001
0205000,Badger,481090.841,Coal,2002
0205000,Badger,17426.909,Distillate Fuel Oil,2002
0205000,Badger,546300.000,Residual Fuel Oil,2002
0205000,Badger,32.000,Waste Oil,2002
0205000,Badger,1031.000,Wood Waste Solids,2002
0205000,Badger,456747.980,Coal,2003
0205000,Badger,6308.990,Distillate Fuel Oil,2003
0205000,Badger,453733.000,Residual Fuel Oil,2003
0205000,Badger,64.000,Waste Oil,2003
0205000,Badger,758.001,Wood Waste Solids,2003
0205000,Badger,519938.432,Coal,2004
0205000,Badger,9963.938,Distillate Fuel Oil,2004
0205000,Badger,360379.000,Residual Fuel Oil,2004
0205000,Badger,0.000,Waste Oil,2004
0205000,Badger,388.500,Wood Waste Solids,2004
0205000,Badger,525017.007,Coal,2005
0205000,Badger,2907.565,Distillate Fuel Oil,2005
0205000,Badger,360562.000,Residual Fuel Oil,2005
0205000,Badger,0.000,Waste Oil,2005
0205000,Badger,382.565,Wood Waste Solids,2005
0205000,Badger,532341.253,Coal,2006
0205000,Badger,3215.258,Distillate Fuel Oil,2006
0205000,Badger,337599.000,Residual Fuel Oil,2006
0205000,Badger,0.000,Waste Oil,2006
0205000,Badger,515.509,Wood Waste Solids,2006
0205000,Badger,538127.163,Coal,2007
0205000,Badger,5102.496,Distillate Fuel Oil,2007
0205000,Badger,284406.908,Jet Fuel,2007
0205000,Badger,436.577,Natural Gas,2007
0205000,Badger,266301.606,Residual Fuel Oil,2007
0205000,Badger,0.000,Waste Oil,2007
0205000,Badger,21.755,Wood Waste Solids,2007
0205000,Badger,512423.237,Coal,2008
0205000,Badger,5916.308,Distillate Fuel Oil,2008
0205000,Badger,387339.730,Jet Fuel,2008
0205000,Badger,0.000,Natural Gas,2008
0205000,Badger,126668.178,Residual Fuel Oil,2008
0205000,Badger,0.000,Wood Waste Solids,2008
0205000,Badger,515890.711,Coal,2009
0205000,Badger,7005.089,Distillate Fuel Oil,2009
0205000,Badger,370545.007,Jet Fuel,2009
0205000,Badger,0.000,Natural Gas,2009
0205000,Badger,343136.891,Residual Fuel Oil,2009
0205000,Badger,463538.211,Coal,2010
0205000,Badger,7652.130,Distillate Fuel Oil,2010
0205000,Badger,0.000,Jet Fuel,2010
0205000,Badger,639.868,Natural Gas,2010
0205000,Badger,192178.603,Residual Fuel Oil,2010
0205000,Badger,423964.882,Coal,2011
0205000,Badger,3653.416,Distillate Fuel Oil,2011
0205000,Badger,155547.000,Jet Fuel,2011
0205000,Badger,2837.823,Natural Gas,2011
0205000,Badger,102593.325,Residual Fuel Oil,2011
0205000,Badger,463815.730,Coal,2012
0205000,Badger,5994.123,Distillate Fuel Oil,2012
0205000,Badger,197942.000,Jet Fuel,2012
0205000,Badger,2683.523,Natural Gas,2012
0205000,Badger,175535.364,Residual Fuel Oil,2012
0205000,Badger,374005.564,Coal,2013
0205000,Badger,3916.995,Distillate Fuel Oil,2013
0205000,Badger,91958.000,Jet Fuel,2013
0205000,Badger,5000.441,Natural Gas,2013
0205000,Badger,33991.362,Residual Fuel Oil,2013
0205000,Badger,72610.000,Wind,2013
0205000,Badger,0.000,Wood Waste Solids,2013
0205000,Badger,376282.303,Coal,2014
0205000,Badger,1508.242,Distillate Fuel Oil,2014
0205000,Badger,131279.730,Jet Fuel,2014
0205000,Badger,2161.112,Natural Gas,2014
0205000,Badger,47426.548,Residual Fuel Oil,2014
0205000,Badger,76279.000,Wind,2014
0205000,Badger,0.000,Wood Waste Solids,2014
0205000,Badger,432567.508,Coal,2015
0205000,Badger,14837.204,Distillate Fuel Oil,2015
0205000,Badger,0.000,Jet Fuel,2015
0205000,Badger,0.000,Natural Gas,2015
0205000,Badger,48522.553,Residual Fuel Oil,2015
0205000,Badger,163960.164,Waste Oil,2015
0205000,Badger,76784.000,Wind,2015
0205000,Badger,0.000,Wood Waste Solids,2015
0205000,Badger,395864.156,Coal,2016
0205000,Badger,46782.391,Distillate Fuel Oil,2016
0205000,Badger,-2392.000,Electricity used for Energy Storage,2016
0205000,Badger,0.000,Jet Fuel,2016
0205000,Badger,1129.934,Natural Gas,2016
0205000,Badger,0.000,Residual Fuel Oil,2016
0205000,Badger,48474.738,Waste Oil,2016
0205000,Badger,78291.000,Wind,2016
0205000,Badger,0.000,Wood Waste Solids,2016
0205000,Badger,356409.011,Coal,2017
0205000,Badger,70874.044,Distillate Fuel Oil,2017
0205000,Badger,-2711.000,Electricity used for Energy Storage,2017
0205000,Badger,0.000,Jet Fuel,2017
0205000,Badger,554.666,Natural Gas,2017
0205000,Badger,0.000,Residual Fuel Oil,2017
0205000,Badger,144787.681,Waste Oil,2017
0205000,Badger,64121.000,Wind,2017
0205000,Badger,0.000,Wood Waste Solids,2017
0205000,Badger,392019.635,Coal,2018
0205000,Badger,64419.043,Distillate Fuel Oil,2018
0205000,Badger,-2428.000,Electricity used for Energy Storage,2018
0205000,Badger,0.000,Jet Fuel,2018
0205000,Badger,0.000,Natural Gas,2018
0205000,Badger,0.000,Residual Fuel Oil,2018
0205000,Badger,82114.648,Waste Oil,2018
0205000,Badger,70012.000,Wind,2018
0205000,Badger,0.000,Wood Waste Solids,2018
0205000,Badger,0.000,Agricultural By-Products,2019
0205000,Badger,481171.537,Coal,2019
0205000,Badger,28027.598,Distillate Fuel Oil,2019
0205000,Badger,-3280.000,Electricity used for Energy Storage,2019
0205000,Badger,2627.119,Jet Fuel,2019
0205000,Badger,0.080,Natural Gas,2019
0205000,Badger,0.000,Residual Fuel Oil,2019
0205000,Badger,164462.097,Waste Oil,2019
0205000,Badger,64076.000,Wind,2019
0205000,Badger,0.000,Wood Waste Solids,2019
0205000,Badger,466648.747,Coal,2020
0205000,Badger,153461.063,Distillate Fuel Oil,2020
0205000,Badger,-2810.000,Electricity used for Energy Storage,2020
0205000,Badger,2081.775,Jet Fuel,2020
0205000,Badger,6.054,Natural Gas,2020
0205000,Badger,211433.728,Waste Oil,2020
0205000,Badger,49937.000,Wind,2020
0205000,Badger,503966.256,Coal,2021
0205000,Badger,88907.304,Distillate Fuel Oil,2021
0205000,Badger,-3433.000,Electricity used for Energy Storage,2021
0205000,Badger,671.883,Jet Fuel,2021
0205000,Badger,3.471,Natural Gas,2021
0205000,Badger,184970.610,Waste Oil,2021
0205000,Badger,60302.000,Wind,2021
0205000,Badger,,,
0205585,Bear Creek,581.001,Distillate Fuel Oil,2002
0205585,Bear Creek,0.000,Distillate Fuel Oil,2003
0205585,Bear Creek,239.999,Distillate Fuel Oil,2004
0205585,Bear Creek,180.999,Distillate Fuel Oil,2005
0205585,Bear Creek,196.001,Distillate Fuel Oil,2006
0205585,Bear Creek,2811.003,Distillate Fuel Oil,2007
0205585,Bear Creek,77.420,Distillate Fuel Oil,2009
0205585,Bear Creek,678.000,Distillate Fuel Oil,2010
0205585,Bear Creek,44.000,Distillate Fuel Oil,2011
0205585,Bear Creek,100.000,Distillate Fuel Oil,2012
0205585,Bear Creek,306.000,Distillate Fuel Oil,2013
0205585,Bear Creek,49.000,Distillate Fuel Oil,2014
0205585,Bear Creek,386.000,Distillate Fuel Oil,2015
0205585,Bear Creek,105.000,Distillate Fuel Oil,2016
0205585,Bear Creek,85.000,Distillate Fuel Oil,2017
0205585,Bear Creek,144.000,Distillate Fuel Oil,2018
0205585,Bear Creek,218.000,Distillate Fuel Oil,2019
0205585,Bear Creek,335.000,Distillate Fuel Oil,2021
0205750,Beaver,328.840,Distillate Fuel Oil,2004
0205750,Beaver,439.419,Distillate Fuel Oil,2005
0205750,Beaver,188.803,Distillate Fuel Oil,2006
0205750,Beaver,81.439,Distillate Fuel Oil,2009
0205750,Beaver,360.561,Distillate Fuel Oil,2010
0205750,Beaver,318.030,Distillate Fuel Oil,2011
0205750,Beaver,333.563,Distillate Fuel Oil,2012
0205750,Beaver,296.851,Distillate Fuel Oil,2013
0205750,Beaver,264.725,Distillate Fuel Oil,2014
0205750,Beaver,298.784,Distillate Fuel Oil,2015
0205750,Beaver,299.878,Distillate Fuel Oil,2016
0205750,Beaver,295.067,Distillate Fuel Oil,2017
0205750,Beaver,135.058,Distillate Fuel Oil,2018
0205750,Beaver,223.446,Distillate Fuel Oil,2019
0205750,Beaver,253.020,Distillate Fuel Oil,2020
0205750,Beaver,91.300,Distillate Fuel Oil,2021
0206245,Beluga,571.000,Distillate Fuel Oil,2001
0206245,Beluga,2690002.000,Natural Gas,2001
0206245,Beluga,59447.000,Water at Hydroelectric Turbine,2001
0206245,Beluga,309.000,Distillate Fuel Oil,2002
0206245,Beluga,2583439.000,Natural Gas,2002
0206245,Beluga,65555.000,Water at Hydroelectric Turbine,2002
0206245,Beluga,260.000,Distillate Fuel Oil,2003
0206245,Beluga,1097628.000,Natural Gas,2003
0206245,Beluga,47662.000,Water at Hydroelectric Turbine,2003
0206245,Beluga,344.884,Distillate Fuel Oil,2004
0206245,Beluga,941642.001,Natural Gas,2004
0206245,Beluga,48351.001,Water at Hydroelectric Turbine,2004
0206245,Beluga,115.276,Distillate Fuel Oil,2005
0206245,Beluga,795761.001,Natural Gas,2005
0206245,Beluga,34043.001,Water at Hydroelectric Turbine,2005
0206245,Beluga,92.932,Distillate Fuel Oil,2006
0206245,Beluga,1194561.001,Natural Gas,2006
0206245,Beluga,30089.001,Water at Hydroelectric Turbine,2006
0206245,Beluga,152.344,Distillate Fuel Oil,2007
0206245,Beluga,1127247.621,Natural Gas,2007
0206245,Beluga,24303.000,Water at Hydroelectric Turbine,2007
0206245,Beluga,120.484,Distillate Fuel Oil,2008
0206245,Beluga,1248362.767,Natural Gas,2008
0206245,Beluga,6663.000,Water at Hydroelectric Turbine,2008
0206245,Beluga,253.636,Distillate Fuel Oil,2009
0206245,Beluga,1412095.075,Natural Gas,2009
0206245,Beluga,33262.000,Water at Hydroelectric Turbine,2009
0206245,Beluga,575.859,Distillate Fuel Oil,2010
0206245,Beluga,994667.057,Natural Gas,2010
0206245,Beluga,45390.000,Water at Hydroelectric Turbine,2010
0206245,Beluga,109.853,Distillate Fuel Oil,2011
0206245,Beluga,1419720.471,Natural Gas,2011
0206245,Beluga,28759.000,Water at Hydroelectric Turbine,2011
0206245,Beluga,857.634,Distillate Fuel Oil,2012
0206245,Beluga,1027320.761,Natural Gas,2012
0206245,Beluga,77589.000,Water at Hydroelectric Turbine,2012
0206245,Beluga,935.896,Distillate Fuel Oil,2013
0206245,Beluga,1125792.387,Natural Gas,2013
0206245,Beluga,35928.000,Water at Hydroelectric Turbine,2013
0206245,Beluga,44784.000,Wind,2013
0206245,Beluga,466.953,Distillate Fuel Oil,2014
0206245,Beluga,870092.532,Natural Gas,2014
0206245,Beluga,32050.000,Water at Hydroelectric Turbine,2014
0206245,Beluga,47813.000,Wind,2014
0206245,Beluga,493.112,Distillate Fuel Oil,2015
0206245,Beluga,616460.562,Natural Gas,2015
0206245,Beluga,16425.000,Water at Hydroelectric Turbine,2015
0206245,Beluga,50562.000,Wind,2015
0206245,Beluga,70.123,Distillate Fuel Oil,2016
0206245,Beluga,615436.794,Natural Gas,2016
0206245,Beluga,86666.000,Water at Hydroelectric Turbine,2016
0206245,Beluga,56022.000,Wind,2016
0206245,Beluga,49.623,Distillate Fuel Oil,2017
0206245,Beluga,685153.102,Natural Gas,2017
0206245,Beluga,25713.000,Water at Hydroelectric Turbine,2017
0206245,Beluga,47715.000,Wind,2017
0206245,Beluga,63.041,Distillate Fuel Oil,2018
0206245,Beluga,650295.739,Natural Gas,2018
0206245,Beluga,59832.000,Water at Hydroelectric Turbine,2018
0206245,Beluga,51829.000,Wind,2018
0206245,Beluga,32.526,Distillate Fuel Oil,2019
0206245,Beluga,685057.722,Natural Gas,2019
0206245,Beluga,46102.000,Water at Hydroelectric Turbine,2019
0206245,Beluga,48221.000,Wind,2019
0206245,Beluga,69.606,Distillate Fuel Oil,2020
0206245,Beluga,451805.484,Natural Gas,2020
0206245,Beluga,60854.000,Water at Hydroelectric Turbine,2020
0206245,Beluga,47201.000,Wind,2020
0206245,Beluga,0.000,Distillate Fuel Oil,2021
0206245,Beluga,937447.089,Natural Gas,2021
0206245,Beluga,36381.000,Water at Hydroelectric Turbine,2021
0206245,Beluga,41759.000,Wind,2021
0206245,Beluga,,,
0206520,Bethel,21296.000,Distillate Fuel Oil,2001
0206520,Bethel,41564.800,Distillate Fuel Oil,2002
0206520,Bethel,42944.000,Distillate Fuel Oil,2003
0206520,Bethel,43622.400,Distillate Fuel Oil,2004
0206520,Bethel,43030.400,Distillate Fuel Oil,2005
0206520,Bethel,42169.600,Distillate Fuel Oil,2006
0206520,Bethel,42358.400,Distillate Fuel Oil,2007
0206520,Bethel,42342.400,Distillate Fuel Oil,2008
0206520,Bethel,41718.400,Distillate Fuel Oil,2009
0206520,Bethel,42556.800,Distillate Fuel Oil,2010
0206520,Bethel,42409.600,Distillate Fuel Oil,2011
0206520,Bethel,44841.600,Distillate Fuel Oil,2012
0206520,Bethel,43251.200,Distillate Fuel Oil,2013
0206520,Bethel,42645.600,Distillate Fuel Oil,2014
0206520,Bethel,42481.800,Distillate Fuel Oil,2015
0206520,Bethel,41975.000,Distillate Fuel Oil,2016
0206520,Bethel,42044.000,Distillate Fuel Oil,2017
0206520,Bethel,41814.295,Distillate Fuel Oil,2018
0206520,Bethel,212.732,Wind,2018
0206520,Bethel,42283.041,Distillate Fuel Oil,2019
0206520,Bethel,1121.743,Wind,2019
0206520,Bethel,42396.910,Distillate Fuel Oil,2020
0206520,Bethel,1346.765,Wind,2020
0206520,Bethel,41601.500,Distillate Fuel Oil,2021
0206520,Bethel,1340.568,Wind,2021
0206630,Bettles,812.000,Distillate Fuel Oil,2001
0206630,Bettles,782.128,Distillate Fuel Oil,2002
0206630,Bettles,731.542,Distillate Fuel Oil,2003
0206630,Bettles,671.561,Distillate Fuel Oil,2004
0206630,Bettles,657.112,Distillate Fuel Oil,2005
0206630,Bettles,636.139,Distillate Fuel Oil,2006
0206630,Bettles,610.499,Distillate Fuel Oil,2007
0206630,Bettles,646.697,Distillate Fuel Oil,2008
0206630,Bettles,614.894,Distillate Fuel Oil,2009
0206630,Bettles,609.869,Distillate Fuel Oil,2010
0206630,Bettles,574.790,Distillate Fuel Oil,2011
0206630,Bettles,584.001,Distillate Fuel Oil,2012
0206630,Bettles,574.741,Distillate Fuel Oil,2013
0206630,Bettles,557.697,Distillate Fuel Oil,2014
0206630,Bettles,537.300,Distillate Fuel Oil,2015
0206630,Bettles,519.400,Distillate Fuel Oil,2016
0206630,Bettles,545.200,Distillate Fuel Oil,2017
0206630,Bettles,538.300,Distillate Fuel Oil,2018
0206630,Bettles,475.700,Distillate Fuel Oil,2019
0206630,Bettles,489.100,Distillate Fuel Oil,2020
0206630,Bettles,517.500,Distillate Fuel Oil,2021
0206850,Big Delta,320199.883,Coal,2001
0206850,Big Delta,10180.000,Distillate Fuel Oil,2001
0206850,Big Delta,579967.000,Residual Fuel Oil,2001
0206850,Big Delta,481090.841,Coal,2002
0206850,Big Delta,17426.909,Distillate Fuel Oil,2002
0206850,Big Delta,546300.000,Residual Fuel Oil,2002
0206850,Big Delta,32.000,Waste Oil,2002
0206850,Big Delta,1031.000,Wood Waste Solids,2002
0206850,Big Delta,456747.980,Coal,2003
0206850,Big Delta,6308.990,Distillate Fuel Oil,2003
0206850,Big Delta,453733.000,Residual Fuel Oil,2003
0206850,Big Delta,64.000,Waste Oil,2003
0206850,Big Delta,758.001,Wood Waste Solids,2003
0206850,Big Delta,519938.432,Coal,2004
0206850,Big Delta,9963.938,Distillate Fuel Oil,2004
0206850,Big Delta,360379.000,Residual Fuel Oil,2004
0206850,Big Delta,0.000,Waste Oil,2004
0206850,Big Delta,388.500,Wood Waste Solids,2004
0206850,Big Delta,525017.007,Coal,2005
0206850,Big Delta,2907.565,Distillate Fuel Oil,2005
0206850,Big Delta,360562.000,Residual Fuel Oil,2005
0206850,Big Delta,0.000,Waste Oil,2005
0206850,Big Delta,382.565,Wood Waste Solids,2005
0206850,Big Delta,532341.253,Coal,2006
0206850,Big Delta,3215.258,Distillate Fuel Oil,2006
0206850,Big Delta,337599.000,Residual Fuel Oil,2006
0206850,Big Delta,0.000,Waste Oil,2006
0206850,Big Delta,515.509,Wood Waste Solids,2006
0206850,Big Delta,538127.163,Coal,2007
0206850,Big Delta,5102.496,Distillate Fuel Oil,2007
0206850,Big Delta,284406.908,Jet Fuel,2007
0206850,Big Delta,436.577,Natural Gas,2007
0206850,Big Delta,266301.606,Residual Fuel Oil,2007
0206850,Big Delta,0.000,Waste Oil,2007
0206850,Big Delta,21.755,Wood Waste Solids,2007
0206850,Big Delta,512423.237,Coal,2008
0206850,Big Delta,5916.308,Distillate Fuel Oil,2008
0206850,Big Delta,387339.730,Jet Fuel,2008
0206850,Big Delta,0.000,Natural Gas,2008
0206850,Big Delta,126668.178,Residual Fuel Oil,2008
0206850,Big Delta,0.000,Wood Waste Solids,2008
0206850,Big Delta,515890.711,Coal,2009
0206850,Big Delta,7005.089,Distillate Fuel Oil,2009
0206850,Big Delta,370545.007,Jet Fuel,2009
0206850,Big Delta,0.000,Natural Gas,2009
0206850,Big Delta,343136.891,Residual Fuel Oil,2009
0206850,Big Delta,463538.211,Coal,2010
0206850,Big Delta,7652.130,Distillate Fuel Oil,2010
0206850,Big Delta,0.000,Jet Fuel,2010
0206850,Big Delta,639.868,Natural Gas,2010
0206850,Big Delta,192178.603,Residual Fuel Oil,2010
0206850,Big Delta,423964.882,Coal,2011
0206850,Big Delta,3653.416,Distillate Fuel Oil,2011
0206850,Big Delta,155547.000,Jet Fuel,2011
0206850,Big Delta,2837.823,Natural Gas,2011
0206850,Big Delta,102593.325,Residual Fuel Oil,2011
0206850,Big Delta,463815.730,Coal,2012
0206850,Big Delta,5994.123,Distillate Fuel Oil,2012
0206850,Big Delta,197942.000,Jet Fuel,2012
0206850,Big Delta,2683.523,Natural Gas,2012
0206850,Big Delta,175535.364,Residual Fuel Oil,2012
0206850,Big Delta,374005.564,Coal,2013
0206850,Big Delta,3916.995,Distillate Fuel Oil,2013
0206850,Big Delta,91958.000,Jet Fuel,2013
0206850,Big Delta,5000.441,Natural Gas,2013
0206850,Big Delta,33991.362,Residual Fuel Oil,2013
0206850,Big Delta,72610.000,Wind,2013
0206850,Big Delta,0.000,Wood Waste Solids,2013
0206850,Big Delta,376282.303,Coal,2014
0206850,Big Delta,1508.242,Distillate Fuel Oil,2014
0206850,Big Delta,131279.730,Jet Fuel,2014
0206850,Big Delta,2161.112,Natural Gas,2014
0206850,Big Delta,47426.548,Residual Fuel Oil,2014
0206850,Big Delta,76279.000,Wind,2014
0206850,Big Delta,0.000,Wood Waste Solids,2014
0206850,Big Delta,432567.508,Coal,2015
0206850,Big Delta,14837.204,Distillate Fuel Oil,2015
0206850,Big Delta,0.000,Jet Fuel,2015
0206850,Big Delta,0.000,Natural Gas,2015
0206850,Big Delta,48522.553,Residual Fuel Oil,2015
0206850,Big Delta,163960.164,Waste Oil,2015
0206850,Big Delta,76784.000,Wind,2015
0206850,Big Delta,0.000,Wood Waste Solids,2015
0206850,Big Delta,395864.156,Coal,2016
0206850,Big Delta,46782.391,Distillate Fuel Oil,2016
0206850,Big Delta,-2392.000,Electricity used for Energy Storage,2016
0206850,Big Delta,0.000,Jet Fuel,2016
0206850,Big Delta,1129.934,Natural Gas,2016
0206850,Big Delta,0.000,Residual Fuel Oil,2016
0206850,Big Delta,48474.738,Waste Oil,2016
0206850,Big Delta,78291.000,Wind,2016
0206850,Big Delta,0.000,Wood Waste Solids,2016
0206850,Big Delta,356409.011,Coal,2017
0206850,Big Delta,70874.044,Distillate Fuel Oil,2017
0206850,Big Delta,-2711.000,Electricity used for Energy Storage,2017
0206850,Big Delta,0.000,Jet Fuel,2017
0206850,Big Delta,554.666,Natural Gas,2017
0206850,Big Delta,0.000,Residual Fuel Oil,2017
0206850,Big Delta,144787.681,Waste Oil,2017
0206850,Big Delta,64121.000,Wind,2017
0206850,Big Delta,0.000,Wood Waste Solids,2017
0206850,Big Delta,392019.635,Coal,2018
0206850,Big Delta,64419.043,Distillate Fuel Oil,2018
0206850,Big Delta,-2428.000,Electricity used for Energy Storage,2018
0206850,Big Delta,0.000,Jet Fuel,2018
0206850,Big Delta,0.000,Natural Gas,2018
0206850,Big Delta,0.000,Residual Fuel Oil,2018
0206850,Big Delta,82114.648,Waste Oil,2018
0206850,Big Delta,70012.000,Wind,2018
0206850,Big Delta,0.000,Wood Waste Solids,2018
0206850,Big Delta,0.000,Agricultural By-Products,2019
0206850,Big Delta,481171.537,Coal,2019
0206850,Big Delta,28027.598,Distillate Fuel Oil,2019
0206850,Big Delta,-3280.000,Electricity used for Energy Storage,2019
0206850,Big Delta,2627.119,Jet Fuel,2019
0206850,Big Delta,0.080,Natural Gas,2019
0206850,Big Delta,0.000,Residual Fuel Oil,2019
0206850,Big Delta,164462.097,Waste Oil,2019
0206850,Big Delta,64076.000,Wind,2019
0206850,Big Delta,0.000,Wood Waste Solids,2019
0206850,Big Delta,466648.747,Coal,2020
0206850,Big Delta,153461.063,Distillate Fuel Oil,2020
0206850,Big Delta,-2810.000,Electricity used for Energy Storage,2020
0206850,Big Delta,2081.775,Jet Fuel,2020
0206850,Big Delta,6.054,Natural Gas,2020
0206850,Big Delta,211433.728,Waste Oil,2020
0206850,Big Delta,49937.000,Wind,2020
0206850,Big Delta,503966.256,Coal,2021
0206850,Big Delta,88907.304,Distillate Fuel Oil,2021
0206850,Big Delta,-3433.000,Electricity used for Energy Storage,2021
0206850,Big Delta,671.883,Jet Fuel,2021
0206850,Big Delta,3.471,Natural Gas,2021
0206850,Big Delta,184970.610,Waste Oil,2021
0206850,Big Delta,60302.000,Wind,2021
0206850,Big Delta,,,
0207070,Big Lake,146252.000,Water at Hydroelectric Turbine,2001
0207070,Big Lake,161266.000,Water at Hydroelectric Turbine,2002
0207070,Big Lake,177204.000,Water at Hydroelectric Turbine,2003
0207070,Big Lake,173604.000,Water at Hydroelectric Turbine,2004
0207070,Big Lake,134178.000,Water at Hydroelectric Turbine,2005
0207070,Big Lake,66807.000,Water at Hydroelectric Turbine,2006
0207070,Big Lake,62105.000,Water at Hydroelectric Turbine,2007
0207070,Big Lake,57824.000,Water at Hydroelectric Turbine,2008
0207070,Big Lake,57056.000,Water at Hydroelectric Turbine,2009
0207070,Big Lake,74203.000,Water at Hydroelectric Turbine,2010
0207070,Big Lake,66088.000,Water at Hydroelectric Turbine,2011
0207070,Big Lake,71126.000,Water at Hydroelectric Turbine,2012
0207070,Big Lake,45541.199,Landfill Gas,2013
0207070,Big Lake,38.801,Natural Gas,2013
0207070,Big Lake,89936.000,Water at Hydroelectric Turbine,2013
0207070,Big Lake,56165.769,Landfill Gas,2014
0207070,Big Lake,1.231,Natural Gas,2014
0207070,Big Lake,83110.000,Water at Hydroelectric Turbine,2014
0207070,Big Lake,0.000,Distillate Fuel Oil,2015
0207070,Big Lake,50131.473,Landfill Gas,2015
0207070,Big Lake,476985.527,Natural Gas,2015
0207070,Big Lake,92243.000,Water at Hydroelectric Turbine,2015
0207070,Big Lake,0.000,Distillate Fuel Oil,2016
0207070,Big Lake,42514.846,Landfill Gas,2016
0207070,Big Lake,819047.154,Natural Gas,2016
0207070,Big Lake,76916.000,Water at Hydroelectric Turbine,2016
0207070,Big Lake,0.000,Distillate Fuel Oil,2017
0207070,Big Lake,42184.516,Landfill Gas,2017
0207070,Big Lake,750519.484,Natural Gas,2017
0207070,Big Lake,119240.000,Water at Hydroelectric Turbine,2017
0207070,Big Lake,0.000,Distillate Fuel Oil,2018
0207070,Big Lake,42684.134,Landfill Gas,2018
0207070,Big Lake,615054.866,Natural Gas,2018
0207070,Big Lake,168115.000,Water at Hydroelectric Turbine,2018
0207070,Big Lake,0.000,Distillate Fuel Oil,2019
0207070,Big Lake,36884.461,Landfill Gas,2019
0207070,Big Lake,723828.539,Natural Gas,2019
0207070,Big Lake,190971.000,Water at Hydroelectric Turbine,2019
0207070,Big Lake,38945.273,Landfill Gas,2020
0207070,Big Lake,729105.727,Natural Gas,2020
0207070,Big Lake,170181.000,Water at Hydroelectric Turbine,2020
0207070,Big Lake,38070.956,Landfill Gas,2021
0207070,Big Lake,678574.044,Natural Gas,2021
0207070,Big Lake,139994.000,Water at Hydroelectric Turbine,2021
0207070,Big Lake,,,
0207620,Birch Creek,17.659,Distillate Fuel Oil,2017
0207620,Birch Creek,107.920,Distillate Fuel Oil,2018
0207620,Birch Creek,108.804,Distillate Fuel Oil,2019
0207620,Birch Creek,97.770,Distillate Fuel Oil,2020
0207620,Birch Creek,81.952,Distillate Fuel Oil,2021
0208740,Brevig Mission,653.000,Distillate Fuel Oil,2001
0208740,Brevig Mission,783.511,Distillate Fuel Oil,2002
0208740,Brevig Mission,837.832,Distillate Fuel Oil,2003
0208740,Brevig Mission,890.250,Distillate Fuel Oil,2004
0208740,Brevig Mission,921.988,Distillate Fuel Oil,2005
0208740,Brevig Mission,926.374,Distillate Fuel Oil,2006
0208740,Brevig Mission,954.901,Distillate Fuel Oil,2007
0208740,Brevig Mission,1025.065,Distillate Fuel Oil,2008
0208740,Brevig Mission,1137.041,Distillate Fuel Oil,2009
0208740,Brevig Mission,1207.506,Distillate Fuel Oil,2010
0208740,Brevig Mission,1228.862,Distillate Fuel Oil,2011
0208740,Brevig Mission,1237.412,Distillate Fuel Oil,2012
0208740,Brevig Mission,1156.613,Distillate Fuel Oil,2013
0208740,Brevig Mission,1101.112,Distillate Fuel Oil,2014
0208740,Brevig Mission,1143.206,Distillate Fuel Oil,2015
0208740,Brevig Mission,1179.566,Distillate Fuel Oil,2016
0208740,Brevig Mission,1188.819,Distillate Fuel Oil,2017
0208740,Brevig Mission,1199.979,Distillate Fuel Oil,2018
0208740,Brevig Mission,1188.000,Distillate Fuel Oil,2019
0208740,Brevig Mission,1292.448,Distillate Fuel Oil,2020
0208740,Brevig Mission,1321.128,Distillate Fuel Oil,2021
0209600,Buckland,413.460,Distillate Fuel Oil,2001
0209600,Buckland,907.954,Distillate Fuel Oil,2002
0209600,Buckland,1149.771,Distillate Fuel Oil,2003
0209600,Buckland,1536.957,Distillate Fuel Oil,2004
0209600,Buckland,1460.843,Distillate Fuel Oil,2005
0209600,Buckland,1545.994,Distillate Fuel Oil,2006
0209600,Buckland,1442.972,Distillate Fuel Oil,2007
0209600,Buckland,1618.752,Distillate Fuel Oil,2008
0209600,Buckland,1400.121,Distillate Fuel Oil,2009
0209600,Buckland,1475.573,Distillate Fuel Oil,2010
0209600,Buckland,1625.820,Distillate Fuel Oil,2011
0209600,Buckland,1603.180,Distillate Fuel Oil,2012
0209600,Buckland,1786.607,Distillate Fuel Oil,2013
0209600,Buckland,1681.389,Distillate Fuel Oil,2014
0209600,Buckland,1733.572,Distillate Fuel Oil,2015
0209600,Buckland,73.840,Wind,2015
0209600,Buckland,1556.771,Distillate Fuel Oil,2016
0209600,Buckland,159.849,Wind,2016
0209600,Buckland,1676.262,Distillate Fuel Oil,2017
0209600,Buckland,57.190,Wind,2017
0209600,Buckland,1064.660,Distillate Fuel Oil,2018
0209600,Buckland,49.296,Wind,2018
0209600,Buckland,1439.622,Distillate Fuel Oil,2019
0209600,Buckland,129.595,Wind,2019
0209600,Buckland,1519.632,Distillate Fuel Oil,2020
0209600,Buckland,298.727,Wind,2020
0209600,Buckland,1695.800,Distillate Fuel Oil,2021
0209600,Buckland,239.392,Wind,2021
0209657,Buffalo Soapstone,146252.000,Water at Hydroelectric Turbine,2001
0209657,Buffalo Soapstone,161266.000,Water at Hydroelectric Turbine,2002
0209657,Buffalo Soapstone,177204.000,Water at Hydroelectric Turbine,2003
0209657,Buffalo Soapstone,173604.000,Water at Hydroelectric Turbine,2004
0209657,Buffalo Soapstone,134178.000,Water at Hydroelectric Turbine,2005
0209657,Buffalo Soapstone,66807.000,Water at Hydroelectric Turbine,2006
0209657,Buffalo Soapstone,62105.000,Water at Hydroelectric Turbine,2007
0209657,Buffalo Soapstone,57824.000,Water at Hydroelectric Turbine,2008
0209657,Buffalo Soapstone,57056.000,Water at Hydroelectric Turbine,2009
0209657,Buffalo Soapstone,74203.000,Water at Hydroelectric Turbine,2010
0209657,Buffalo Soapstone,66088.000,Water at Hydroelectric Turbine,2011
0209657,Buffalo Soapstone,71126.000,Water at Hydroelectric Turbine,2012
0209657,Buffalo Soapstone,45541.199,Landfill Gas,2013
0209657,Buffalo Soapstone,38.801,Natural Gas,2013
0209657,Buffalo Soapstone,89936.000,Water at Hydroelectric Turbine,2013
0209657,Buffalo Soapstone,56165.769,Landfill Gas,2014
0209657,Buffalo Soapstone,1.231,Natural Gas,2014
0209657,Buffalo Soapstone,83110.000,Water at Hydroelectric Turbine,2014
0209657,Buffalo Soapstone,0.000,Distillate Fuel Oil,2015
0209657,Buffalo Soapstone,50131.473,Landfill Gas,2015
0209657,Buffalo Soapstone,476985.527,Natural Gas,2015
0209657,Buffalo Soapstone,92243.000,Water at Hydroelectric Turbine,2015
0209657,Buffalo Soapstone,0.000,Distillate Fuel Oil,2016
0209657,Buffalo Soapstone,42514.846,Landfill Gas,2016
0209657,Buffalo Soapstone,819047.154,Natural Gas,2016
0209657,Buffalo Soapstone,76916.000,Water at Hydroelectric Turbine,2016
0209657,Buffalo Soapstone,0.000,Distillate Fuel Oil,2017
0209657,Buffalo Soapstone,42184.516,Landfill Gas,2017
0209657,Buffalo Soapstone,750519.484,Natural Gas,2017
0209657,Buffalo Soapstone,119240.000,Water at Hydroelectric Turbine,2017
0209657,Buffalo Soapstone,0.000,Distillate Fuel Oil,2018
0209657,Buffalo Soapstone,42684.134,Landfill Gas,2018
0209657,Buffalo Soapstone,615054.866,Natural Gas,2018
0209657,Buffalo Soapstone,168115.000,Water at Hydroelectric Turbine,2018
0209657,Buffalo Soapstone,0.000,Distillate Fuel Oil,2019
0209657,Buffalo Soapstone,36884.461,Landfill Gas,2019
0209657,Buffalo Soapstone,723828.539,Natural Gas,2019
0209657,Buffalo Soapstone,190971.000,Water at Hydroelectric Turbine,2019
0209657,Buffalo Soapstone,38945.273,Landfill Gas,2020
0209657,Buffalo Soapstone,729105.727,Natural Gas,2020
0209657,Buffalo Soapstone,170181.000,Water at Hydroelectric Turbine,2020
0209657,Buffalo Soapstone,38070.956,Landfill Gas,2021
0209657,Buffalo Soapstone,678574.044,Natural Gas,2021
0209657,Buffalo Soapstone,139994.000,Water at Hydroelectric Turbine,2021
0209657,Buffalo Soapstone,,,
0209710,Butte,146252.000,Water at Hydroelectric Turbine,2001
0209710,Butte,161266.000,Water at Hydroelectric Turbine,2002
0209710,Butte,177204.000,Water at Hydroelectric Turbine,2003
0209710,Butte,173604.000,Water at Hydroelectric Turbine,2004
0209710,Butte,134178.000,Water at Hydroelectric Turbine,2005
0209710,Butte,66807.000,Water at Hydroelectric Turbine,2006
0209710,Butte,62105.000,Water at Hydroelectric Turbine,2007
0209710,Butte,57824.000,Water at Hydroelectric Turbine,2008
0209710,Butte,57056.000,Water at Hydroelectric Turbine,2009
0209710,Butte,74203.000,Water at Hydroelectric Turbine,2010
0209710,Butte,66088.000,Water at Hydroelectric Turbine,2011
0209710,Butte,71126.000,Water at Hydroelectric Turbine,2012
0209710,Butte,45541.199,Landfill Gas,2013
0209710,Butte,38.801,Natural Gas,2013
0209710,Butte,89936.000,Water at Hydroelectric Turbine,2013
0209710,Butte,56165.769,Landfill Gas,2014
0209710,Butte,1.231,Natural Gas,2014
0209710,Butte,83110.000,Water at Hydroelectric Turbine,2014
0209710,Butte,0.000,Distillate Fuel Oil,2015
0209710,Butte,50131.473,Landfill Gas,2015
0209710,Butte,476985.527,Natural Gas,2015
0209710,Butte,92243.000,Water at Hydroelectric Turbine,2015
0209710,Butte,0.000,Distillate Fuel Oil,2016
0209710,Butte,42514.846,Landfill Gas,2016
0209710,Butte,819047.154,Natural Gas,2016
0209710,Butte,76916.000,Water at Hydroelectric Turbine,2016
0209710,Butte,0.000,Distillate Fuel Oil,2017
0209710,Butte,42184.516,Landfill Gas,2017
0209710,Butte,750519.484,Natural Gas,2017
0209710,Butte,119240.000,Water at Hydroelectric Turbine,2017
0209710,Butte,0.000,Distillate Fuel Oil,2018
0209710,Butte,42684.134,Landfill Gas,2018
0209710,Butte,615054.866,Natural Gas,2018
0209710,Butte,168115.000,Water at Hydroelectric Turbine,2018
0209710,Butte,0.000,Distillate Fuel Oil,2019
0209710,Butte,36884.461,Landfill Gas,2019
0209710,Butte,723828.539,Natural Gas,2019
0209710,Butte,190971.000,Water at Hydroelectric Turbine,2019
0209710,Butte,38945.273,Landfill Gas,2020
0209710,Butte,729105.727,Natural Gas,2020
0209710,Butte,170181.000,Water at Hydroelectric Turbine,2020
0209710,Butte,38070.956,Landfill Gas,2021
0209710,Butte,678574.044,Natural Gas,2021
0209710,Butte,139994.000,Water at Hydroelectric Turbine,2021
0209710,Butte,,,
0210150,Cantwell,320199.883,Coal,2001
0210150,Cantwell,10180.000,Distillate Fuel Oil,2001
0210150,Cantwell,579967.000,Residual Fuel Oil,2001
0210150,Cantwell,481090.841,Coal,2002
0210150,Cantwell,17426.909,Distillate Fuel Oil,2002
0210150,Cantwell,546300.000,Residual Fuel Oil,2002
0210150,Cantwell,32.000,Waste Oil,2002
0210150,Cantwell,1031.000,Wood Waste Solids,2002
0210150,Cantwell,456747.980,Coal,2003
0210150,Cantwell,6308.990,Distillate Fuel Oil,2003
0210150,Cantwell,453733.000,Residual Fuel Oil,2003
0210150,Cantwell,64.000,Waste Oil,2003
0210150,Cantwell,758.001,Wood Waste Solids,2003
0210150,Cantwell,519938.432,Coal,2004
0210150,Cantwell,9963.938,Distillate Fuel Oil,2004
0210150,Cantwell,360379.000,Residual Fuel Oil,2004
0210150,Cantwell,0.000,Waste Oil,2004
0210150,Cantwell,388.500,Wood Waste Solids,2004
0210150,Cantwell,525017.007,Coal,2005
0210150,Cantwell,2907.565,Distillate Fuel Oil,2005
0210150,Cantwell,360562.000,Residual Fuel Oil,2005
0210150,Cantwell,0.000,Waste Oil,2005
0210150,Cantwell,382.565,Wood Waste Solids,2005
0210150,Cantwell,532341.253,Coal,2006
0210150,Cantwell,3215.258,Distillate Fuel Oil,2006
0210150,Cantwell,337599.000,Residual Fuel Oil,2006
0210150,Cantwell,0.000,Waste Oil,2006
0210150,Cantwell,515.509,Wood Waste Solids,2006
0210150,Cantwell,538127.163,Coal,2007
0210150,Cantwell,5102.496,Distillate Fuel Oil,2007
0210150,Cantwell,284406.908,Jet Fuel,2007
0210150,Cantwell,436.577,Natural Gas,2007
0210150,Cantwell,266301.606,Residual Fuel Oil,2007
0210150,Cantwell,0.000,Waste Oil,2007
0210150,Cantwell,21.755,Wood Waste Solids,2007
0210150,Cantwell,512423.237,Coal,2008
0210150,Cantwell,5916.308,Distillate Fuel Oil,2008
0210150,Cantwell,387339.730,Jet Fuel,2008
0210150,Cantwell,0.000,Natural Gas,2008
0210150,Cantwell,126668.178,Residual Fuel Oil,2008
0210150,Cantwell,0.000,Wood Waste Solids,2008
0210150,Cantwell,515890.711,Coal,2009
0210150,Cantwell,7005.089,Distillate Fuel Oil,2009
0210150,Cantwell,370545.007,Jet Fuel,2009
0210150,Cantwell,0.000,Natural Gas,2009
0210150,Cantwell,343136.891,Residual Fuel Oil,2009
0210150,Cantwell,463538.211,Coal,2010
0210150,Cantwell,7652.130,Distillate Fuel Oil,2010
0210150,Cantwell,0.000,Jet Fuel,2010
0210150,Cantwell,639.868,Natural Gas,2010
0210150,Cantwell,192178.603,Residual Fuel Oil,2010
0210150,Cantwell,423964.882,Coal,2011
0210150,Cantwell,3653.416,Distillate Fuel Oil,2011
0210150,Cantwell,155547.000,Jet Fuel,2011
0210150,Cantwell,2837.823,Natural Gas,2011
0210150,Cantwell,102593.325,Residual Fuel Oil,2011
0210150,Cantwell,463815.730,Coal,2012
0210150,Cantwell,5994.123,Distillate Fuel Oil,2012
0210150,Cantwell,197942.000,Jet Fuel,2012
0210150,Cantwell,2683.523,Natural Gas,2012
0210150,Cantwell,175535.364,Residual Fuel Oil,2012
0210150,Cantwell,374005.564,Coal,2013
0210150,Cantwell,3916.995,Distillate Fuel Oil,2013
0210150,Cantwell,91958.000,Jet Fuel,2013
0210150,Cantwell,5000.441,Natural Gas,2013
0210150,Cantwell,33991.362,Residual Fuel Oil,2013
0210150,Cantwell,72610.000,Wind,2013
0210150,Cantwell,0.000,Wood Waste Solids,2013
0210150,Cantwell,376282.303,Coal,2014
0210150,Cantwell,1508.242,Distillate Fuel Oil,2014
0210150,Cantwell,131279.730,Jet Fuel,2014
0210150,Cantwell,2161.112,Natural Gas,2014
0210150,Cantwell,47426.548,Residual Fuel Oil,2014
0210150,Cantwell,76279.000,Wind,2014
0210150,Cantwell,0.000,Wood Waste Solids,2014
0210150,Cantwell,432567.508,Coal,2015
0210150,Cantwell,14837.204,Distillate Fuel Oil,2015
0210150,Cantwell,0.000,Jet Fuel,2015
0210150,Cantwell,0.000,Natural Gas,2015
0210150,Cantwell,48522.553,Residual Fuel Oil,2015
0210150,Cantwell,163960.164,Waste Oil,2015
0210150,Cantwell,76784.000,Wind,2015
0210150,Cantwell,0.000,Wood Waste Solids,2015
0210150,Cantwell,395864.156,Coal,2016
0210150,Cantwell,46782.391,Distillate Fuel Oil,2016
0210150,Cantwell,-2392.000,Electricity used for Energy Storage,2016
0210150,Cantwell,0.000,Jet Fuel,2016
0210150,Cantwell,1129.934,Natural Gas,2016
0210150,Cantwell,0.000,Residual Fuel Oil,2016
0210150,Cantwell,48474.738,Waste Oil,2016
0210150,Cantwell,78291.000,Wind,2016
0210150,Cantwell,0.000,Wood Waste Solids,2016
0210150,Cantwell,356409.011,Coal,2017
0210150,Cantwell,70874.044,Distillate Fuel Oil,2017
0210150,Cantwell,-2711.000,Electricity used for Energy Storage,2017
0210150,Cantwell,0.000,Jet Fuel,2017
0210150,Cantwell,554.666,Natural Gas,2017
0210150,Cantwell,0.000,Residual Fuel Oil,2017
0210150,Cantwell,144787.681,Waste Oil,2017
0210150,Cantwell,64121.000,Wind,2017
0210150,Cantwell,0.000,Wood Waste Solids,2017
0210150,Cantwell,392019.635,Coal,2018
0210150,Cantwell,64419.043,Distillate Fuel Oil,2018
0210150,Cantwell,-2428.000,Electricity used for Energy Storage,2018
0210150,Cantwell,0.000,Jet Fuel,2018
0210150,Cantwell,0.000,Natural Gas,2018
0210150,Cantwell,0.000,Residual Fuel Oil,2018
0210150,Cantwell,82114.648,Waste Oil,2018
0210150,Cantwell,70012.000,Wind,2018
0210150,Cantwell,0.000,Wood Waste Solids,2018
0210150,Cantwell,0.000,Agricultural By-Products,2019
0210150,Cantwell,481171.537,Coal,2019
0210150,Cantwell,28027.598,Distillate Fuel Oil,2019
0210150,Cantwell,-3280.000,Electricity used for Energy Storage,2019
0210150,Cantwell,2627.119,Jet Fuel,2019
0210150,Cantwell,0.080,Natural Gas,2019
0210150,Cantwell,0.000,Residual Fuel Oil,2019
0210150,Cantwell,164462.097,Waste Oil,2019
0210150,Cantwell,64076.000,Wind,2019
0210150,Cantwell,0.000,Wood Waste Solids,2019
0210150,Cantwell,466648.747,Coal,2020
0210150,Cantwell,153461.063,Distillate Fuel Oil,2020
0210150,Cantwell,-2810.000,Electricity used for Energy Storage,2020
0210150,Cantwell,2081.775,Jet Fuel,2020
0210150,Cantwell,6.054,Natural Gas,2020
0210150,Cantwell,211433.728,Waste Oil,2020
0210150,Cantwell,49937.000,Wind,2020
0210150,Cantwell,503966.256,Coal,2021
0210150,Cantwell,88907.304,Distillate Fuel Oil,2021
0210150,Cantwell,-3433.000,Electricity used for Energy Storage,2021
0210150,Cantwell,671.883,Jet Fuel,2021
0210150,Cantwell,3.471,Natural Gas,2021
0210150,Cantwell,184970.610,Waste Oil,2021
0210150,Cantwell,60302.000,Wind,2021
0210150,Cantwell,,,
0211690,Central,325.285,Distillate Fuel Oil,2001
0211690,Central,616.873,Distillate Fuel Oil,2002
0211690,Central,482.625,Distillate Fuel Oil,2003
0211690,Central,542.157,Distillate Fuel Oil,2004
0211690,Central,496.027,Distillate Fuel Oil,2005
0211690,Central,436.776,Distillate Fuel Oil,2006
0211690,Central,477.515,Distillate Fuel Oil,2007
0211690,Central,460.497,Distillate Fuel Oil,2008
0211690,Central,476.556,Distillate Fuel Oil,2009
0211690,Central,459.051,Distillate Fuel Oil,2010
0211690,Central,493.854,Distillate Fuel Oil,2011
0211690,Central,543.040,Distillate Fuel Oil,2012
0211690,Central,537.849,Distillate Fuel Oil,2013
0211690,Central,571.300,Distillate Fuel Oil,2014
0211690,Central,558.813,Distillate Fuel Oil,2015
0211690,Central,515.643,Distillate Fuel Oil,2016
0211690,Central,474.922,Distillate Fuel Oil,2017
0211690,Central,484.071,Distillate Fuel Oil,2018
0211690,Central,446.269,Distillate Fuel Oil,2019
0211690,Central,450.076,Distillate Fuel Oil,2020
0211690,Central,460.249,Distillate Fuel Oil,2021
0211800,Chalkyitsik,68.460,Distillate Fuel Oil,2001
0211800,Chalkyitsik,150.630,Distillate Fuel Oil,2008
0211800,Chalkyitsik,315.193,Distillate Fuel Oil,2009
0211800,Chalkyitsik,301.810,Distillate Fuel Oil,2010
0211800,Chalkyitsik,331.570,Distillate Fuel Oil,2011
0211800,Chalkyitsik,302.800,Distillate Fuel Oil,2012
0211800,Chalkyitsik,376.658,Distillate Fuel Oil,2013
0211800,Chalkyitsik,273.641,Distillate Fuel Oil,2014
0211800,Chalkyitsik,126.930,Distillate Fuel Oil,2015
0211800,Chalkyitsik,163.910,Distillate Fuel Oil,2016
0211800,Chalkyitsik,317.770,Distillate Fuel Oil,2017
0211800,Chalkyitsik,289.288,Distillate Fuel Oil,2018
0211800,Chalkyitsik,208.330,Distillate Fuel Oil,2019
0211800,Chalkyitsik,283.050,Distillate Fuel Oil,2020
0211800,Chalkyitsik,50.670,Distillate Fuel Oil,2021
0212350,Chase,146252.000,Water at Hydroelectric Turbine,2001
0212350,Chase,161266.000,Water at Hydroelectric Turbine,2002
0212350,Chase,177204.000,Water at Hydroelectric Turbine,2003
0212350,Chase,173604.000,Water at Hydroelectric Turbine,2004
0212350,Chase,134178.000,Water at Hydroelectric Turbine,2005
0212350,Chase,66807.000,Water at Hydroelectric Turbine,2006
0212350,Chase,62105.000,Water at Hydroelectric Turbine,2007
0212350,Chase,57824.000,Water at Hydroelectric Turbine,2008
0212350,Chase,57056.000,Water at Hydroelectric Turbine,2009
0212350,Chase,74203.000,Water at Hydroelectric Turbine,2010
0212350,Chase,66088.000,Water at Hydroelectric Turbine,2011
0212350,Chase,71126.000,Water at Hydroelectric Turbine,2012
0212350,Chase,45541.199,Landfill Gas,2013
0212350,Chase,38.801,Natural Gas,2013
0212350,Chase,89936.000,Water at Hydroelectric Turbine,2013
0212350,Chase,56165.769,Landfill Gas,2014
0212350,Chase,1.231,Natural Gas,2014
0212350,Chase,83110.000,Water at Hydroelectric Turbine,2014
0212350,Chase,0.000,Distillate Fuel Oil,2015
0212350,Chase,50131.473,Landfill Gas,2015
0212350,Chase,476985.527,Natural Gas,2015
0212350,Chase,92243.000,Water at Hydroelectric Turbine,2015
0212350,Chase,0.000,Distillate Fuel Oil,2016
0212350,Chase,42514.846,Landfill Gas,2016
0212350,Chase,819047.154,Natural Gas,2016
0212350,Chase,76916.000,Water at Hydroelectric Turbine,2016
0212350,Chase,0.000,Distillate Fuel Oil,2017
0212350,Chase,42184.516,Landfill Gas,2017
0212350,Chase,750519.484,Natural Gas,2017
0212350,Chase,119240.000,Water at Hydroelectric Turbine,2017
0212350,Chase,0.000,Distillate Fuel Oil,2018
0212350,Chase,42684.134,Landfill Gas,2018
0212350,Chase,615054.866,Natural Gas,2018
0212350,Chase,168115.000,Water at Hydroelectric Turbine,2018
0212350,Chase,0.000,Distillate Fuel Oil,2019
0212350,Chase,36884.461,Landfill Gas,2019
0212350,Chase,723828.539,Natural Gas,2019
0212350,Chase,190971.000,Water at Hydroelectric Turbine,2019
0212350,Chase,38945.273,Landfill Gas,2020
0212350,Chase,729105.727,Natural Gas,2020
0212350,Chase,170181.000,Water at Hydroelectric Turbine,2020
0212350,Chase,38070.956,Landfill Gas,2021
0212350,Chase,678574.044,Natural Gas,2021
0212350,Chase,139994.000,Water at Hydroelectric Turbine,2021
0212350,Chase,,,
0212680,Chefornak,448.048,Distillate Fuel Oil,2001
0212680,Chefornak,846.182,Distillate Fuel Oil,2002
0212680,Chefornak,822.941,Distillate Fuel Oil,2003
0212680,Chefornak,844.945,Distillate Fuel Oil,2004
0212680,Chefornak,859.066,Distillate Fuel Oil,2005
0212680,Chefornak,884.332,Distillate Fuel Oil,2006
0212680,Chefornak,918.981,Distillate Fuel Oil,2007
0212680,Chefornak,1062.600,Distillate Fuel Oil,2008
0212680,Chefornak,1221.617,Distillate Fuel Oil,2009
0212680,Chefornak,1331.348,Distillate Fuel Oil,2010
0212680,Chefornak,1660.501,Distillate Fuel Oil,2011
0212680,Chefornak,1891.691,Distillate Fuel Oil,2012
0212680,Chefornak,1645.465,Distillate Fuel Oil,2013
0212680,Chefornak,1521.699,Distillate Fuel Oil,2014
0212680,Chefornak,1593.556,Distillate Fuel Oil,2015
0212680,Chefornak,1516.727,Distillate Fuel Oil,2016
0212680,Chefornak,1550.304,Distillate Fuel Oil,2017
0212680,Chefornak,1507.844,Distillate Fuel Oil,2018
0212680,Chefornak,1452.696,Distillate Fuel Oil,2019
0212680,Chefornak,1445.440,Distillate Fuel Oil,2020
0212680,Chefornak,1184.104,Distillate Fuel Oil,2021
0212920,Chena Ridge,320199.883,Coal,2001
0212920,Chena Ridge,10180.000,Distillate Fuel Oil,2001
0212920,Chena Ridge,579967.000,Residual Fuel Oil,2001
0212920,Chena Ridge,481090.841,Coal,2002
0212920,Chena Ridge,17426.909,Distillate Fuel Oil,2002
0212920,Chena Ridge,546300.000,Residual Fuel Oil,2002
0212920,Chena Ridge,32.000,Waste Oil,2002
0212920,Chena Ridge,1031.000,Wood Waste Solids,2002
0212920,Chena Ridge,456747.980,Coal,2003
0212920,Chena Ridge,6308.990,Distillate Fuel Oil,2003
0212920,Chena Ridge,453733.000,Residual Fuel Oil,2003
0212920,Chena Ridge,64.000,Waste Oil,2003
0212920,Chena Ridge,758.001,Wood Waste Solids,2003
0212920,Chena Ridge,519938.432,Coal,2004
0212920,Chena Ridge,9963.938,Distillate Fuel Oil,2004
0212920,Chena Ridge,360379.000,Residual Fuel Oil,2004
0212920,Chena Ridge,0.000,Waste Oil,2004
0212920,Chena Ridge,388.500,Wood Waste Solids,2004
0212920,Chena Ridge,525017.007,Coal,2005
0212920,Chena Ridge,2907.565,Distillate Fuel Oil,2005
0212920,Chena Ridge,360562.000,Residual Fuel Oil,2005
0212920,Chena Ridge,0.000,Waste Oil,2005
0212920,Chena Ridge,382.565,Wood Waste Solids,2005
0212920,Chena Ridge,532341.253,Coal,2006
0212920,Chena Ridge,3215.258,Distillate Fuel Oil,2006
0212920,Chena Ridge,337599.000,Residual Fuel Oil,2006
0212920,Chena Ridge,0.000,Waste Oil,2006
0212920,Chena Ridge,515.509,Wood Waste Solids,2006
0212920,Chena Ridge,538127.163,Coal,2007
0212920,Chena Ridge,5102.496,Distillate Fuel Oil,2007
0212920,Chena Ridge,284406.908,Jet Fuel,2007
0212920,Chena Ridge,436.577,Natural Gas,2007
0212920,Chena Ridge,266301.606,Residual Fuel Oil,2007
0212920,Chena Ridge,0.000,Waste Oil,2007
0212920,Chena Ridge,21.755,Wood Waste Solids,2007
0212920,Chena Ridge,512423.237,Coal,2008
0212920,Chena Ridge,5916.308,Distillate Fuel Oil,2008
0212920,Chena Ridge,387339.730,Jet Fuel,2008
0212920,Chena Ridge,0.000,Natural Gas,2008
0212920,Chena Ridge,126668.178,Residual Fuel Oil,2008
0212920,Chena Ridge,0.000,Wood Waste Solids,2008
0212920,Chena Ridge,515890.711,Coal,2009
0212920,Chena Ridge,7005.089,Distillate Fuel Oil,2009
0212920,Chena Ridge,370545.007,Jet Fuel,2009
0212920,Chena Ridge,0.000,Natural Gas,2009
0212920,Chena Ridge,343136.891,Residual Fuel Oil,2009
0212920,Chena Ridge,463538.211,Coal,2010
0212920,Chena Ridge,7652.130,Distillate Fuel Oil,2010
0212920,Chena Ridge,0.000,Jet Fuel,2010
0212920,Chena Ridge,639.868,Natural Gas,2010
0212920,Chena Ridge,192178.603,Residual Fuel Oil,2010
0212920,Chena Ridge,423964.882,Coal,2011
0212920,Chena Ridge,3653.416,Distillate Fuel Oil,2011
0212920,Chena Ridge,155547.000,Jet Fuel,2011
0212920,Chena Ridge,2837.823,Natural Gas,2011
0212920,Chena Ridge,102593.325,Residual Fuel Oil,2011
0212920,Chena Ridge,463815.730,Coal,2012
0212920,Chena Ridge,5994.123,Distillate Fuel Oil,2012
0212920,Chena Ridge,197942.000,Jet Fuel,2012
0212920,Chena Ridge,2683.523,Natural Gas,2012
0212920,Chena Ridge,175535.364,Residual Fuel Oil,2012
0212920,Chena Ridge,374005.564,Coal,2013
0212920,Chena Ridge,3916.995,Distillate Fuel Oil,2013
0212920,Chena Ridge,91958.000,Jet Fuel,2013
0212920,Chena Ridge,5000.441,Natural Gas,2013
0212920,Chena Ridge,33991.362,Residual Fuel Oil,2013
0212920,Chena Ridge,72610.000,Wind,2013
0212920,Chena Ridge,0.000,Wood Waste Solids,2013
0212920,Chena Ridge,376282.303,Coal,2014
0212920,Chena Ridge,1508.242,Distillate Fuel Oil,2014
0212920,Chena Ridge,131279.730,Jet Fuel,2014
0212920,Chena Ridge,2161.112,Natural Gas,2014
0212920,Chena Ridge,47426.548,Residual Fuel Oil,2014
0212920,Chena Ridge,76279.000,Wind,2014
0212920,Chena Ridge,0.000,Wood Waste Solids,2014
0212920,Chena Ridge,432567.508,Coal,2015
0212920,Chena Ridge,14837.204,Distillate Fuel Oil,2015
0212920,Chena Ridge,0.000,Jet Fuel,2015
0212920,Chena Ridge,0.000,Natural Gas,2015
0212920,Chena Ridge,48522.553,Residual Fuel Oil,2015
0212920,Chena Ridge,163960.164,Waste Oil,2015
0212920,Chena Ridge,76784.000,Wind,2015
0212920,Chena Ridge,0.000,Wood Waste Solids,2015
0212920,Chena Ridge,395864.156,Coal,2016
0212920,Chena Ridge,46782.391,Distillate Fuel Oil,2016
0212920,Chena Ridge,-2392.000,Electricity used for Energy Storage,2016
0212920,Chena Ridge,0.000,Jet Fuel,2016
0212920,Chena Ridge,1129.934,Natural Gas,2016
0212920,Chena Ridge,0.000,Residual Fuel Oil,2016
0212920,Chena Ridge,48474.738,Waste Oil,2016
0212920,Chena Ridge,78291.000,Wind,2016
0212920,Chena Ridge,0.000,Wood Waste Solids,2016
0212920,Chena Ridge,356409.011,Coal,2017
0212920,Chena Ridge,70874.044,Distillate Fuel Oil,2017
0212920,Chena Ridge,-2711.000,Electricity used for Energy Storage,2017
0212920,Chena Ridge,0.000,Jet Fuel,2017
0212920,Chena Ridge,554.666,Natural Gas,2017
0212920,Chena Ridge,0.000,Residual Fuel Oil,2017
0212920,Chena Ridge,144787.681,Waste Oil,2017
0212920,Chena Ridge,64121.000,Wind,2017
0212920,Chena Ridge,0.000,Wood Waste Solids,2017
0212920,Chena Ridge,392019.635,Coal,2018
0212920,Chena Ridge,64419.043,Distillate Fuel Oil,2018
0212920,Chena Ridge,-2428.000,Electricity used for Energy Storage,2018
0212920,Chena Ridge,0.000,Jet Fuel,2018
0212920,Chena Ridge,0.000,Natural Gas,2018
0212920,Chena Ridge,0.000,Residual Fuel Oil,2018
0212920,Chena Ridge,82114.648,Waste Oil,2018
0212920,Chena Ridge,70012.000,Wind,2018
0212920,Chena Ridge,0.000,Wood Waste Solids,2018
0212920,Chena Ridge,0.000,Agricultural By-Products,2019
0212920,Chena Ridge,481171.537,Coal,2019
0212920,Chena Ridge,28027.598,Distillate Fuel Oil,2019
0212920,Chena Ridge,-3280.000,Electricity used for Energy Storage,2019
0212920,Chena Ridge,2627.119,Jet Fuel,2019
0212920,Chena Ridge,0.080,Natural Gas,2019
0212920,Chena Ridge,0.000,Residual Fuel Oil,2019
0212920,Chena Ridge,164462.097,Waste Oil,2019
0212920,Chena Ridge,64076.000,Wind,2019
0212920,Chena Ridge,0.000,Wood Waste Solids,2019
0212920,Chena Ridge,466648.747,Coal,2020
0212920,Chena Ridge,153461.063,Distillate Fuel Oil,2020
0212920,Chena Ridge,-2810.000,Electricity used for Energy Storage,2020
0212920,Chena Ridge,2081.775,Jet Fuel,2020
0212920,Chena Ridge,6.054,Natural Gas,2020
0212920,Chena Ridge,211433.728,Waste Oil,2020
0212920,Chena Ridge,49937.000,Wind,2020
0212920,Chena Ridge,503966.256,Coal,2021
0212920,Chena Ridge,88907.304,Distillate Fuel Oil,2021
0212920,Chena Ridge,-3433.000,Electricity used for Energy Storage,2021
0212920,Chena Ridge,671.883,Jet Fuel,2021
0212920,Chena Ridge,3.471,Natural Gas,2021
0212920,Chena Ridge,184970.610,Waste Oil,2021
0212920,Chena Ridge,60302.000,Wind,2021
0212920,Chena Ridge,,,
0212970,Chenega,153.000,Distillate Fuel Oil,2001
0212970,Chenega,281.760,Distillate Fuel Oil,2002
0212970,Chenega,271.130,Distillate Fuel Oil,2003
0212970,Chenega,274.440,Distillate Fuel Oil,2004
0212970,Chenega,286.020,Distillate Fuel Oil,2005
0212970,Chenega,274.680,Distillate Fuel Oil,2006
0212970,Chenega,257.460,Distillate Fuel Oil,2007
0212970,Chenega,275.672,Distillate Fuel Oil,2008
0212970,Chenega,167.225,Distillate Fuel Oil,2009
0212970,Chenega,335.452,Distillate Fuel Oil,2010
0212970,Chenega,320.695,Distillate Fuel Oil,2011
0212970,Chenega,308.832,Distillate Fuel Oil,2012
0212970,Chenega,281.946,Distillate Fuel Oil,2013
0212970,Chenega,258.105,Distillate Fuel Oil,2014
0212970,Chenega,247.922,Distillate Fuel Oil,2015
0212970,Chenega,269.070,Distillate Fuel Oil,2016
0212970,Chenega,268.078,Distillate Fuel Oil,2017
0212970,Chenega,246.470,Distillate Fuel Oil,2018
0212970,Chenega,143.816,Distillate Fuel Oil,2019
0212970,Chenega,115.076,Distillate Fuel Oil,2020
0212970,Chenega,218.882,Distillate Fuel Oil,2021
0213230,Chevak,1829.001,Distillate Fuel Oil,2001
0213230,Chevak,2184.087,Distillate Fuel Oil,2002
0213230,Chevak,2590.615,Distillate Fuel Oil,2003
0213230,Chevak,2631.907,Distillate Fuel Oil,2004
0213230,Chevak,2308.357,Distillate Fuel Oil,2005
0213230,Chevak,2284.852,Distillate Fuel Oil,2006
0213230,Chevak,2302.019,Distillate Fuel Oil,2007
0213230,Chevak,2339.101,Distillate Fuel Oil,2008
0213230,Chevak,2386.741,Distillate Fuel Oil,2009
0213230,Chevak,1957.486,Distillate Fuel Oil,2010
0213230,Chevak,531.414,Wind,2010
0213230,Chevak,1755.890,Distillate Fuel Oil,2011
0213230,Chevak,741.629,Wind,2011
0213230,Chevak,1856.581,Distillate Fuel Oil,2012
0213230,Chevak,822.204,Wind,2012
0213230,Chevak,1781.299,Distillate Fuel Oil,2013
0213230,Chevak,803.160,Wind,2013
0213230,Chevak,1681.383,Distillate Fuel Oil,2014
0213230,Chevak,829.138,Wind,2014
0213230,Chevak,1653.595,Distillate Fuel Oil,2015
0213230,Chevak,922.659,Wind,2015
0213230,Chevak,1811.252,Distillate Fuel Oil,2016
0213230,Chevak,734.708,Wind,2016
0213230,Chevak,2007.096,Distillate Fuel Oil,2017
0213230,Chevak,599.473,Wind,2017
0213230,Chevak,1775.076,Distillate Fuel Oil,2018
0213230,Chevak,736.898,Wind,2018
0213230,Chevak,1750.759,Distillate Fuel Oil,2019
0213230,Chevak,730.810,Wind,2019
0213230,Chevak,1825.064,Distillate Fuel Oil,2020
0213230,Chevak,739.255,Wind,2020
0213230,Chevak,1794.790,Distillate Fuel Oil,2021
0213230,Chevak,842.517,Wind,2021
0213340,Chickaloon,146252.000,Water at Hydroelectric Turbine,2001
0213340,Chickaloon,161266.000,Water at Hydroelectric Turbine,2002
0213340,Chickaloon,177204.000,Water at Hydroelectric Turbine,2003
0213340,Chickaloon,173604.000,Water at Hydroelectric Turbine,2004
0213340,Chickaloon,134178.000,Water at Hydroelectric Turbine,2005
0213340,Chickaloon,66807.000,Water at Hydroelectric Turbine,2006
0213340,Chickaloon,62105.000,Water at Hydroelectric Turbine,2007
0213340,Chickaloon,57824.000,Water at Hydroelectric Turbine,2008
0213340,Chickaloon,57056.000,Water at Hydroelectric Turbine,2009
0213340,Chickaloon,74203.000,Water at Hydroelectric Turbine,2010
0213340,Chickaloon,66088.000,Water at Hydroelectric Turbine,2011
0213340,Chickaloon,71126.000,Water at Hydroelectric Turbine,2012
0213340,Chickaloon,45541.199,Landfill Gas,2013
0213340,Chickaloon,38.801,Natural Gas,2013
0213340,Chickaloon,89936.000,Water at Hydroelectric Turbine,2013
0213340,Chickaloon,56165.769,Landfill Gas,2014
0213340,Chickaloon,1.231,Natural Gas,2014
0213340,Chickaloon,83110.000,Water at Hydroelectric Turbine,2014
0213340,Chickaloon,0.000,Distillate Fuel Oil,2015
0213340,Chickaloon,50131.473,Landfill Gas,2015
0213340,Chickaloon,476985.527,Natural Gas,2015
0213340,Chickaloon,92243.000,Water at Hydroelectric Turbine,2015
0213340,Chickaloon,0.000,Distillate Fuel Oil,2016
0213340,Chickaloon,42514.846,Landfill Gas,2016
0213340,Chickaloon,819047.154,Natural Gas,2016
0213340,Chickaloon,76916.000,Water at Hydroelectric Turbine,2016
0213340,Chickaloon,0.000,Distillate Fuel Oil,2017
0213340,Chickaloon,42184.516,Landfill Gas,2017
0213340,Chickaloon,750519.484,Natural Gas,2017
0213340,Chickaloon,119240.000,Water at Hydroelectric Turbine,2017
0213340,Chickaloon,0.000,Distillate Fuel Oil,2018
0213340,Chickaloon,42684.134,Landfill Gas,2018
0213340,Chickaloon,615054.866,Natural Gas,2018
0213340,Chickaloon,168115.000,Water at Hydroelectric Turbine,2018
0213340,Chickaloon,0.000,Distillate Fuel Oil,2019
0213340,Chickaloon,36884.461,Landfill Gas,2019
0213340,Chickaloon,723828.539,Natural Gas,2019
0213340,Chickaloon,190971.000,Water at Hydroelectric Turbine,2019
0213340,Chickaloon,38945.273,Landfill Gas,2020
0213340,Chickaloon,729105.727,Natural Gas,2020
0213340,Chickaloon,170181.000,Water at Hydroelectric Turbine,2020
0213340,Chickaloon,38070.956,Landfill Gas,2021
0213340,Chickaloon,678574.044,Natural Gas,2021
0213340,Chickaloon,139994.000,Water at Hydroelectric Turbine,2021
0213340,Chickaloon,,,
0213450,Chicken,,,
0213550,Chignik,,,
0213670,Chignik Lagoon,319.725,Distillate Fuel Oil,2001
0213670,Chignik Lagoon,564.626,Distillate Fuel Oil,2002
0213670,Chignik Lagoon,579.937,Distillate Fuel Oil,2003
0213670,Chignik Lagoon,542.805,Distillate Fuel Oil,2004
0213670,Chignik Lagoon,543.387,Distillate Fuel Oil,2005
0213670,Chignik Lagoon,538.592,Distillate Fuel Oil,2006
0213670,Chignik Lagoon,502.608,Distillate Fuel Oil,2007
0213670,Chignik Lagoon,42.729,Wind,2007
0213670,Chignik Lagoon,506.802,Distillate Fuel Oil,2008
0213670,Chignik Lagoon,48.760,Wind,2008
0213670,Chignik Lagoon,533.078,Distillate Fuel Oil,2009
0213670,Chignik Lagoon,13.186,Wind,2009
0213670,Chignik Lagoon,531.485,Distillate Fuel Oil,2010
0213670,Chignik Lagoon,523.894,Distillate Fuel Oil,2011
0213670,Chignik Lagoon,462.930,Distillate Fuel Oil,2012
0213670,Chignik Lagoon,395.032,Distillate Fuel Oil,2013
0213670,Chignik Lagoon,446.893,Distillate Fuel Oil,2014
0213670,Chignik Lagoon,80.819,Distillate Fuel Oil,2015
0213670,Chignik Lagoon,561.994,Water at Hydroelectric Turbine,2015
0213670,Chignik Lagoon,8.548,Distillate Fuel Oil,2016
0213670,Chignik Lagoon,666.373,Water at Hydroelectric Turbine,2016
0213670,Chignik Lagoon,303.999,Distillate Fuel Oil,2017
0213670,Chignik Lagoon,214.163,Water at Hydroelectric Turbine,2017
0213670,Chignik Lagoon,164.578,Distillate Fuel Oil,2018
0213670,Chignik Lagoon,473.086,Water at Hydroelectric Turbine,2018
0213670,Chignik Lagoon,69.109,Distillate Fuel Oil,2019
0213670,Chignik Lagoon,430.863,Water at Hydroelectric Turbine,2019
0213670,Chignik Lagoon,280.141,Distillate Fuel Oil,2020
0213670,Chignik Lagoon,235.858,Water at Hydroelectric Turbine,2020
0213670,Chignik Lagoon,513.656,Distillate Fuel Oil,2021
0213670,Chignik Lagoon,18.350,Water at Hydroelectric Turbine,2021
0213780,Chignik Lake,,,
0213860,Chiniak,41633.000,Distillate Fuel Oil,2001
0213860,Chiniak,91855.001,Water at Hydroelectric Turbine,2001
0213860,Chiniak,14168.999,Distillate Fuel Oil,2002
0213860,Chiniak,114546.000,Water at Hydroelectric Turbine,2002
0213860,Chiniak,3075.998,Distillate Fuel Oil,2003
0213860,Chiniak,126884.000,Water at Hydroelectric Turbine,2003
0213860,Chiniak,2217.000,Distillate Fuel Oil,2004
0213860,Chiniak,134232.000,Water at Hydroelectric Turbine,2004
0213860,Chiniak,14548.997,Distillate Fuel Oil,2005
0213860,Chiniak,121463.001,Water at Hydroelectric Turbine,2005
0213860,Chiniak,41023.000,Distillate Fuel Oil,2006
0213860,Chiniak,9648.000,Water at Hydroelectric Turbine,2006
0213860,Chiniak,54411.000,Distillate Fuel Oil,2007
0213860,Chiniak,91915.001,Water at Hydroelectric Turbine,2007
0213860,Chiniak,21035.000,Distillate Fuel Oil,2008
0213860,Chiniak,120879.000,Water at Hydroelectric Turbine,2008
0213860,Chiniak,20930.000,Distillate Fuel Oil,2009
0213860,Chiniak,98551.000,Water at Hydroelectric Turbine,2009
0213860,Chiniak,6138.000,Wind,2009
0213860,Chiniak,9766.000,Distillate Fuel Oil,2010
0213860,Chiniak,123964.000,Water at Hydroelectric Turbine,2010
0213860,Chiniak,12606.000,Wind,2010
0213860,Chiniak,21851.580,Distillate Fuel Oil,2011
0213860,Chiniak,114186.000,Water at Hydroelectric Turbine,2011
0213860,Chiniak,12445.000,Wind,2011
0213860,Chiniak,5627.000,Distillate Fuel Oil,2012
0213860,Chiniak,131121.000,Water at Hydroelectric Turbine,2012
0213860,Chiniak,16313.000,Wind,2012
0213860,Chiniak,5808.000,Distillate Fuel Oil,2013
0213860,Chiniak,119142.000,Water at Hydroelectric Turbine,2013
0213860,Chiniak,26699.000,Wind,2013
0213860,Chiniak,0.000,Distillate Fuel Oil,2014
0213860,Chiniak,134031.000,Water at Hydroelectric Turbine,2014
0213860,Chiniak,23323.000,Wind,2014
0213860,Chiniak,0.000,Distillate Fuel Oil,2015
0213860,Chiniak,128893.000,Water at Hydroelectric Turbine,2015
0213860,Chiniak,29107.000,Wind,2015
0213860,Chiniak,0.000,Distillate Fuel Oil,2016
0213860,Chiniak,0.000,Electricity used for Energy Storage,2016
0213860,Chiniak,124484.000,Water at Hydroelectric Turbine,2016
0213860,Chiniak,29309.000,Wind,2016
0213860,Chiniak,912.000,Distillate Fuel Oil,2017
0213860,Chiniak,0.000,Electricity used for Energy Storage,2017
0213860,Chiniak,137014.000,Water at Hydroelectric Turbine,2017
0213860,Chiniak,24155.000,Wind,2017
0213860,Chiniak,74.000,Distillate Fuel Oil,2018
0213860,Chiniak,-582.000,Electricity used for Energy Storage,2018
0213860,Chiniak,121969.000,Water at Hydroelectric Turbine,2018
0213860,Chiniak,26170.000,Wind,2018
0213860,Chiniak,0.000,Distillate Fuel Oil,2019
0213860,Chiniak,-615.000,Electricity used for Energy Storage,2019
0213860,Chiniak,124762.000,Water at Hydroelectric Turbine,2019
0213860,Chiniak,25015.000,Wind,2019
0213860,Chiniak,0.000,Distillate Fuel Oil,2020
0213860,Chiniak,-516.000,Electricity used for Energy Storage,2020
0213860,Chiniak,126419.000,Water at Hydroelectric Turbine,2020
0213860,Chiniak,24682.000,Wind,2020
0213860,Chiniak,4.000,Distillate Fuel Oil,2021
0213860,Chiniak,-537.000,Electricity used for Energy Storage,2021
0213860,Chiniak,132333.000,Water at Hydroelectric Turbine,2021
0213860,Chiniak,25238.000,Wind,2021
0213890,Chisana,,,
0214000,Chistochina,270.000,Distillate Fuel Oil,2001
0214000,Chistochina,276.299,Distillate Fuel Oil,2002
0214000,Chistochina,287.615,Distillate Fuel Oil,2003
0214000,Chistochina,337.207,Distillate Fuel Oil,2004
0214000,Chistochina,360.247,Distillate Fuel Oil,2005
0214000,Chistochina,322.056,Distillate Fuel Oil,2006
0214000,Chistochina,326.012,Distillate Fuel Oil,2007
0214000,Chistochina,339.122,Distillate Fuel Oil,2008
0214000,Chistochina,303.825,Distillate Fuel Oil,2009
0214000,Chistochina,0.057,Distillate Fuel Oil,2010
0214000,Chistochina,0.883,Distillate Fuel Oil,2011
0214000,Chistochina,50.220,Distillate Fuel Oil,2013
0214000,Chistochina,288.264,Distillate Fuel Oil,2014
0214000,Chistochina,179.340,Distillate Fuel Oil,2015
0214000,Chistochina,42.300,Distillate Fuel Oil,2016
0214110,Chitina,249.105,Distillate Fuel Oil,2001
0214110,Chitina,457.001,Distillate Fuel Oil,2002
0214110,Chitina,448.436,Distillate Fuel Oil,2003
0214110,Chitina,444.285,Distillate Fuel Oil,2004
0214110,Chitina,413.583,Distillate Fuel Oil,2005
0214110,Chitina,454.712,Distillate Fuel Oil,2006
0214110,Chitina,424.594,Distillate Fuel Oil,2007
0214110,Chitina,431.692,Distillate Fuel Oil,2008
0214110,Chitina,493.522,Distillate Fuel Oil,2009
0214110,Chitina,537.859,Distillate Fuel Oil,2010
0214110,Chitina,559.928,Distillate Fuel Oil,2011
0214110,Chitina,571.618,Distillate Fuel Oil,2012
0214110,Chitina,504.399,Distillate Fuel Oil,2013
0214110,Chitina,463.244,Distillate Fuel Oil,2014
0214110,Chitina,468.762,Distillate Fuel Oil,2015
0214110,Chitina,444.582,Distillate Fuel Oil,2016
0214110,Chitina,433.979,Distillate Fuel Oil,2017
0214110,Chitina,436.327,Distillate Fuel Oil,2018
0214110,Chitina,425.685,Distillate Fuel Oil,2019
0214110,Chitina,421.494,Distillate Fuel Oil,2020
0214110,Chitina,431.156,Distillate Fuel Oil,2021
0214330,Chuathbaluk,94.570,Distillate Fuel Oil,2001
0214330,Chuathbaluk,179.340,Distillate Fuel Oil,2002
0214330,Chuathbaluk,200.947,Distillate Fuel Oil,2003
0214330,Chuathbaluk,217.234,Distillate Fuel Oil,2004
0214330,Chuathbaluk,247.216,Distillate Fuel Oil,2005
0214330,Chuathbaluk,279.508,Distillate Fuel Oil,2006
0214330,Chuathbaluk,239.240,Distillate Fuel Oil,2007
0214330,Chuathbaluk,253.814,Distillate Fuel Oil,2008
0214330,Chuathbaluk,294.180,Distillate Fuel Oil,2009
0214330,Chuathbaluk,325.886,Distillate Fuel Oil,2010
0214330,Chuathbaluk,288.739,Distillate Fuel Oil,2011
0214330,Chuathbaluk,271.800,Distillate Fuel Oil,2012
0214330,Chuathbaluk,116.074,Distillate Fuel Oil,2013
0214330,Chuathbaluk,267.875,Distillate Fuel Oil,2014
0214330,Chuathbaluk,278.162,Distillate Fuel Oil,2015
0214330,Chuathbaluk,245.655,Distillate Fuel Oil,2016
0214330,Chuathbaluk,243.560,Distillate Fuel Oil,2017
0214330,Chuathbaluk,232.445,Distillate Fuel Oil,2018
0214330,Chuathbaluk,219.965,Distillate Fuel Oil,2019
0214330,Chuathbaluk,251.559,Distillate Fuel Oil,2020
0214330,Chuathbaluk,272.217,Distillate Fuel Oil,2021
0214880,Circle,191.760,Distillate Fuel Oil,2001
0214880,Circle,360.918,Distillate Fuel Oil,2002
0214880,Circle,353.680,Distillate Fuel Oil,2003
0214880,Circle,389.600,Distillate Fuel Oil,2004
0214880,Circle,362.400,Distillate Fuel Oil,2005
0214880,Circle,342.560,Distillate Fuel Oil,2006
0214880,Circle,350.080,Distillate Fuel Oil,2007
0214880,Circle,331.280,Distillate Fuel Oil,2008
0214880,Circle,358.160,Distillate Fuel Oil,2009
0214880,Circle,364.400,Distillate Fuel Oil,2010
0214880,Circle,394.120,Distillate Fuel Oil,2011
0214880,Circle,396.619,Distillate Fuel Oil,2012
0214880,Circle,410.240,Distillate Fuel Oil,2013
0214880,Circle,389.240,Distillate Fuel Oil,2014
0214880,Circle,371.920,Distillate Fuel Oil,2015
0214880,Circle,363.360,Distillate Fuel Oil,2016
0214880,Circle,382.960,Distillate Fuel Oil,2017
0214880,Circle,389.800,Distillate Fuel Oil,2018
0214880,Circle,386.800,Distillate Fuel Oil,2019
0214880,Circle,409.804,Distillate Fuel Oil,2020
0214880,Circle,421.562,Distillate Fuel Oil,2021
0215320,Clam Gulch,490.999,Distillate Fuel Oil,2001
0215320,Clam Gulch,426710.001,Natural Gas,2001
0215320,Clam Gulch,345681.000,Water at Hydroelectric Turbine,2001
0215320,Clam Gulch,355.740,Distillate Fuel Oil,2002
0215320,Clam Gulch,473327.141,Natural Gas,2002
0215320,Clam Gulch,484899.000,Water at Hydroelectric Turbine,2002
0215320,Clam Gulch,243.001,Distillate Fuel Oil,2003
0215320,Clam Gulch,399766.998,Natural Gas,2003
0215320,Clam Gulch,500875.000,Water at Hydroelectric Turbine,2003
0215320,Clam Gulch,336.702,Distillate Fuel Oil,2004
0215320,Clam Gulch,398518.890,Natural Gas,2004
0215320,Clam Gulch,429709.000,Water at Hydroelectric Turbine,2004
0215320,Clam Gulch,235.643,Distillate Fuel Oil,2005
0215320,Clam Gulch,490271.637,Natural Gas,2005
0215320,Clam Gulch,452757.000,Water at Hydroelectric Turbine,2005
0215320,Clam Gulch,236.000,Distillate Fuel Oil,2006
0215320,Clam Gulch,2147.575,Jet Fuel,2006
0215320,Clam Gulch,451056.328,Natural Gas,2006
0215320,Clam Gulch,343766.000,Water at Hydroelectric Turbine,2006
0215320,Clam Gulch,382.001,Distillate Fuel Oil,2007
0215320,Clam Gulch,264.025,Jet Fuel,2007
0215320,Clam Gulch,443609.870,Natural Gas,2007
0215320,Clam Gulch,336288.000,Water at Hydroelectric Turbine,2007
0215320,Clam Gulch,22.000,Distillate Fuel Oil,2008
0215320,Clam Gulch,3.268,Jet Fuel,2008
0215320,Clam Gulch,473626.372,Natural Gas,2008
0215320,Clam Gulch,296759.000,Water at Hydroelectric Turbine,2008
0215320,Clam Gulch,324.649,Distillate Fuel Oil,2009
0215320,Clam Gulch,163.399,Jet Fuel,2009
0215320,Clam Gulch,378362.432,Natural Gas,2009
0215320,Clam Gulch,362293.410,Water at Hydroelectric Turbine,2009
0215320,Clam Gulch,202.000,Distillate Fuel Oil,2010
0215320,Clam Gulch,0.000,Jet Fuel,2010
0215320,Clam Gulch,354378.140,Natural Gas,2010
0215320,Clam Gulch,348270.970,Water at Hydroelectric Turbine,2010
0215320,Clam Gulch,160.167,Distillate Fuel Oil,2011
0215320,Clam Gulch,0.000,Jet Fuel,2011
0215320,Clam Gulch,375394.769,Natural Gas,2011
0215320,Clam Gulch,2738.304,Other Gas,2011
0215320,Clam Gulch,303900.000,Water at Hydroelectric Turbine,2011
0215320,Clam Gulch,214.332,Distillate Fuel Oil,2012
0215320,Clam Gulch,0.000,Jet Fuel,2012
0215320,Clam Gulch,355032.847,Natural Gas,2012
0215320,Clam Gulch,2658.441,Other Gas,2012
0215320,Clam Gulch,397373.000,Water at Hydroelectric Turbine,2012
0215320,Clam Gulch,101.277,Distillate Fuel Oil,2013
0215320,Clam Gulch,0.000,Jet Fuel,2013
0215320,Clam Gulch,201008.184,Natural Gas,2013
0215320,Clam Gulch,430.659,Waste Oil,2013
0215320,Clam Gulch,368254.000,Water at Hydroelectric Turbine,2013
0215320,Clam Gulch,444.000,Distillate Fuel Oil,2014
0215320,Clam Gulch,0.000,Jet Fuel,2014
0215320,Clam Gulch,306144.240,Natural Gas,2014
0215320,Clam Gulch,0.000,Waste Oil,2014
0215320,Clam Gulch,432575.000,Water at Hydroelectric Turbine,2014
0215320,Clam Gulch,228.103,Distillate Fuel Oil,2015
0215320,Clam Gulch,0.000,Jet Fuel,2015
0215320,Clam Gulch,315789.997,Natural Gas,2015
0215320,Clam Gulch,471705.000,Water at Hydroelectric Turbine,2015
0215320,Clam Gulch,87.000,Distillate Fuel Oil,2016
0215320,Clam Gulch,0.000,Jet Fuel,2016
0215320,Clam Gulch,316448.000,Natural Gas,2016
0215320,Clam Gulch,430509.000,Water at Hydroelectric Turbine,2016
0215320,Clam Gulch,15.000,Distillate Fuel Oil,2017
0215320,Clam Gulch,0.000,Jet Fuel,2017
0215320,Clam Gulch,316493.000,Natural Gas,2017
0215320,Clam Gulch,387059.000,Water at Hydroelectric Turbine,2017
0215320,Clam Gulch,85.461,Distillate Fuel Oil,2018
0215320,Clam Gulch,0.000,Jet Fuel,2018
0215320,Clam Gulch,276027.539,Natural Gas,2018
0215320,Clam Gulch,404479.000,Water at Hydroelectric Turbine,2018
0215320,Clam Gulch,63.000,Distillate Fuel Oil,2019
0215320,Clam Gulch,0.000,Jet Fuel,2019
0215320,Clam Gulch,237333.000,Natural Gas,2019
0215320,Clam Gulch,413592.000,Water at Hydroelectric Turbine,2019
0215320,Clam Gulch,4329.915,Distillate Fuel Oil,2020
0215320,Clam Gulch,302127.085,Natural Gas,2020
0215320,Clam Gulch,466635.000,Water at Hydroelectric Turbine,2020
0215320,Clam Gulch,224.000,Distillate Fuel Oil,2021
0215320,Clam Gulch,290511.000,Natural Gas,2021
0215320,Clam Gulch,391018.000,Water at Hydroelectric Turbine,2021
0215430,Clark's Point,,,
0216360,Coffman Cove,763.001,Distillate Fuel Oil,2001
0216360,Coffman Cove,736.030,Distillate Fuel Oil,2002
0216360,Coffman Cove,758.930,Distillate Fuel Oil,2003
0216360,Coffman Cove,786.010,Distillate Fuel Oil,2004
0216360,Coffman Cove,806.120,Distillate Fuel Oil,2005
0216360,Coffman Cove,911.340,Distillate Fuel Oil,2006
0216360,Coffman Cove,943.996,Distillate Fuel Oil,2007
0216360,Coffman Cove,884.621,Distillate Fuel Oil,2008
0216360,Coffman Cove,838.752,Distillate Fuel Oil,2009
0216360,Coffman Cove,817.263,Distillate Fuel Oil,2010
0216360,Coffman Cove,611.584,Distillate Fuel Oil,2011
0216360,Coffman Cove,1.752,Distillate Fuel Oil,2012
0216360,Coffman Cove,18.272,Distillate Fuel Oil,2013
0216360,Coffman Cove,14.948,Distillate Fuel Oil,2014
0216360,Coffman Cove,8.518,Distillate Fuel Oil,2015
0216420,Cohoe,490.999,Distillate Fuel Oil,2001
0216420,Cohoe,426710.001,Natural Gas,2001
0216420,Cohoe,345681.000,Water at Hydroelectric Turbine,2001
0216420,Cohoe,355.740,Distillate Fuel Oil,2002
0216420,Cohoe,473327.141,Natural Gas,2002
0216420,Cohoe,484899.000,Water at Hydroelectric Turbine,2002
0216420,Cohoe,243.001,Distillate Fuel Oil,2003
0216420,Cohoe,399766.998,Natural Gas,2003
0216420,Cohoe,500875.000,Water at Hydroelectric Turbine,2003
0216420,Cohoe,336.702,Distillate Fuel Oil,2004
0216420,Cohoe,398518.890,Natural Gas,2004
0216420,Cohoe,429709.000,Water at Hydroelectric Turbine,2004
0216420,Cohoe,235.643,Distillate Fuel Oil,2005
0216420,Cohoe,490271.637,Natural Gas,2005
0216420,Cohoe,452757.000,Water at Hydroelectric Turbine,2005
0216420,Cohoe,236.000,Distillate Fuel Oil,2006
0216420,Cohoe,2147.575,Jet Fuel,2006
0216420,Cohoe,451056.328,Natural Gas,2006
0216420,Cohoe,343766.000,Water at Hydroelectric Turbine,2006
0216420,Cohoe,382.001,Distillate Fuel Oil,2007
0216420,Cohoe,264.025,Jet Fuel,2007
0216420,Cohoe,443609.870,Natural Gas,2007
0216420,Cohoe,336288.000,Water at Hydroelectric Turbine,2007
0216420,Cohoe,22.000,Distillate Fuel Oil,2008
0216420,Cohoe,3.268,Jet Fuel,2008
0216420,Cohoe,473626.372,Natural Gas,2008
0216420,Cohoe,296759.000,Water at Hydroelectric Turbine,2008
0216420,Cohoe,324.649,Distillate Fuel Oil,2009
0216420,Cohoe,163.399,Jet Fuel,2009
0216420,Cohoe,378362.432,Natural Gas,2009
0216420,Cohoe,362293.410,Water at Hydroelectric Turbine,2009
0216420,Cohoe,202.000,Distillate Fuel Oil,2010
0216420,Cohoe,0.000,Jet Fuel,2010
0216420,Cohoe,354378.140,Natural Gas,2010
0216420,Cohoe,348270.970,Water at Hydroelectric Turbine,2010
0216420,Cohoe,160.167,Distillate Fuel Oil,2011
0216420,Cohoe,0.000,Jet Fuel,2011
0216420,Cohoe,375394.769,Natural Gas,2011
0216420,Cohoe,2738.304,Other Gas,2011
0216420,Cohoe,303900.000,Water at Hydroelectric Turbine,2011
0216420,Cohoe,214.332,Distillate Fuel Oil,2012
0216420,Cohoe,0.000,Jet Fuel,2012
0216420,Cohoe,355032.847,Natural Gas,2012
0216420,Cohoe,2658.441,Other Gas,2012
0216420,Cohoe,397373.000,Water at Hydroelectric Turbine,2012
0216420,Cohoe,101.277,Distillate Fuel Oil,2013
0216420,Cohoe,0.000,Jet Fuel,2013
0216420,Cohoe,201008.184,Natural Gas,2013
0216420,Cohoe,430.659,Waste Oil,2013
0216420,Cohoe,368254.000,Water at Hydroelectric Turbine,2013
0216420,Cohoe,444.000,Distillate Fuel Oil,2014
0216420,Cohoe,0.000,Jet Fuel,2014
0216420,Cohoe,306144.240,Natural Gas,2014
0216420,Cohoe,0.000,Waste Oil,2014
0216420,Cohoe,432575.000,Water at Hydroelectric Turbine,2014
0216420,Cohoe,228.103,Distillate Fuel Oil,2015
0216420,Cohoe,0.000,Jet Fuel,2015
0216420,Cohoe,315789.997,Natural Gas,2015
0216420,Cohoe,471705.000,Water at Hydroelectric Turbine,2015
0216420,Cohoe,87.000,Distillate Fuel Oil,2016
0216420,Cohoe,0.000,Jet Fuel,2016
0216420,Cohoe,316448.000,Natural Gas,2016
0216420,Cohoe,430509.000,Water at Hydroelectric Turbine,2016
0216420,Cohoe,15.000,Distillate Fuel Oil,2017
0216420,Cohoe,0.000,Jet Fuel,2017
0216420,Cohoe,316493.000,Natural Gas,2017
0216420,Cohoe,387059.000,Water at Hydroelectric Turbine,2017
0216420,Cohoe,85.461,Distillate Fuel Oil,2018
0216420,Cohoe,0.000,Jet Fuel,2018
0216420,Cohoe,276027.539,Natural Gas,2018
0216420,Cohoe,404479.000,Water at Hydroelectric Turbine,2018
0216420,Cohoe,63.000,Distillate Fuel Oil,2019
0216420,Cohoe,0.000,Jet Fuel,2019
0216420,Cohoe,237333.000,Natural Gas,2019
0216420,Cohoe,413592.000,Water at Hydroelectric Turbine,2019
0216420,Cohoe,4329.915,Distillate Fuel Oil,2020
0216420,Cohoe,302127.085,Natural Gas,2020
0216420,Cohoe,466635.000,Water at Hydroelectric Turbine,2020
0216420,Cohoe,224.000,Distillate Fuel Oil,2021
0216420,Cohoe,290511.000,Natural Gas,2021
0216420,Cohoe,391018.000,Water at Hydroelectric Turbine,2021
0216530,Cold Bay,1424.267,Distillate Fuel Oil,2001
0216530,Cold Bay,2928.895,Distillate Fuel Oil,2002
0216530,Cold Bay,2924.958,Distillate Fuel Oil,2003
0216530,Cold Bay,3047.717,Distillate Fuel Oil,2004
0216530,Cold Bay,3004.660,Distillate Fuel Oil,2005
0216530,Cold Bay,2819.780,Distillate Fuel Oil,2006
0216530,Cold Bay,2701.025,Distillate Fuel Oil,2007
0216530,Cold Bay,2922.604,Distillate Fuel Oil,2008
0216530,Cold Bay,2876.502,Distillate Fuel Oil,2009
0216530,Cold Bay,2813.217,Distillate Fuel Oil,2010
0216530,Cold Bay,2725.411,Distillate Fuel Oil,2011
0216530,Cold Bay,3009.366,Distillate Fuel Oil,2012
0216530,Cold Bay,2790.318,Distillate Fuel Oil,2013
0216530,Cold Bay,2598.796,Distillate Fuel Oil,2014
0216530,Cold Bay,2436.210,Distillate Fuel Oil,2015
0216530,Cold Bay,1946.696,Distillate Fuel Oil,2016
0216530,Cold Bay,2328.823,Distillate Fuel Oil,2017
0216530,Cold Bay,2412.493,Distillate Fuel Oil,2018
0216530,Cold Bay,2102.400,Distillate Fuel Oil,2019
0216530,Cold Bay,2359.440,Distillate Fuel Oil,2020
0216530,Cold Bay,2425.300,Distillate Fuel Oil,2021
0216630,Coldfoot,,,
0216750,College,320199.883,Coal,2001
0216750,College,10180.000,Distillate Fuel Oil,2001
0216750,College,579967.000,Residual Fuel Oil,2001
0216750,College,481090.841,Coal,2002
0216750,College,17426.909,Distillate Fuel Oil,2002
0216750,College,546300.000,Residual Fuel Oil,2002
0216750,College,32.000,Waste Oil,2002
0216750,College,1031.000,Wood Waste Solids,2002
0216750,College,456747.980,Coal,2003
0216750,College,6308.990,Distillate Fuel Oil,2003
0216750,College,453733.000,Residual Fuel Oil,2003
0216750,College,64.000,Waste Oil,2003
0216750,College,758.001,Wood Waste Solids,2003
0216750,College,519938.432,Coal,2004
0216750,College,9963.938,Distillate Fuel Oil,2004
0216750,College,360379.000,Residual Fuel Oil,2004
0216750,College,0.000,Waste Oil,2004
0216750,College,388.500,Wood Waste Solids,2004
0216750,College,525017.007,Coal,2005
0216750,College,2907.565,Distillate Fuel Oil,2005
0216750,College,360562.000,Residual Fuel Oil,2005
0216750,College,0.000,Waste Oil,2005
0216750,College,382.565,Wood Waste Solids,2005
0216750,College,532341.253,Coal,2006
0216750,College,3215.258,Distillate Fuel Oil,2006
0216750,College,337599.000,Residual Fuel Oil,2006
0216750,College,0.000,Waste Oil,2006
0216750,College,515.509,Wood Waste Solids,2006
0216750,College,538127.163,Coal,2007
0216750,College,5102.496,Distillate Fuel Oil,2007
0216750,College,284406.908,Jet Fuel,2007
0216750,College,436.577,Natural Gas,2007
0216750,College,266301.606,Residual Fuel Oil,2007
0216750,College,0.000,Waste Oil,2007
0216750,College,21.755,Wood Waste Solids,2007
0216750,College,512423.237,Coal,2008
0216750,College,5916.308,Distillate Fuel Oil,2008
0216750,College,387339.730,Jet Fuel,2008
0216750,College,0.000,Natural Gas,2008
0216750,College,126668.178,Residual Fuel Oil,2008
0216750,College,0.000,Wood Waste Solids,2008
0216750,College,515890.711,Coal,2009
0216750,College,7005.089,Distillate Fuel Oil,2009
0216750,College,370545.007,Jet Fuel,2009
0216750,College,0.000,Natural Gas,2009
0216750,College,343136.891,Residual Fuel Oil,2009
0216750,College,463538.211,Coal,2010
0216750,College,7652.130,Distillate Fuel Oil,2010
0216750,College,0.000,Jet Fuel,2010
0216750,College,639.868,Natural Gas,2010
0216750,College,192178.603,Residual Fuel Oil,2010
0216750,College,423964.882,Coal,2011
0216750,College,3653.416,Distillate Fuel Oil,2011
0216750,College,155547.000,Jet Fuel,2011
0216750,College,2837.823,Natural Gas,2011
0216750,College,102593.325,Residual Fuel Oil,2011
0216750,College,463815.730,Coal,2012
0216750,College,5994.123,Distillate Fuel Oil,2012
0216750,College,197942.000,Jet Fuel,2012
0216750,College,2683.523,Natural Gas,2012
0216750,College,175535.364,Residual Fuel Oil,2012
0216750,College,374005.564,Coal,2013
0216750,College,3916.995,Distillate Fuel Oil,2013
0216750,College,91958.000,Jet Fuel,2013
0216750,College,5000.441,Natural Gas,2013
0216750,College,33991.362,Residual Fuel Oil,2013
0216750,College,72610.000,Wind,2013
0216750,College,0.000,Wood Waste Solids,2013
0216750,College,376282.303,Coal,2014
0216750,College,1508.242,Distillate Fuel Oil,2014
0216750,College,131279.730,Jet Fuel,2014
0216750,College,2161.112,Natural Gas,2014
0216750,College,47426.548,Residual Fuel Oil,2014
0216750,College,76279.000,Wind,2014
0216750,College,0.000,Wood Waste Solids,2014
0216750,College,432567.508,Coal,2015
0216750,College,14837.204,Distillate Fuel Oil,2015
0216750,College,0.000,Jet Fuel,2015
0216750,College,0.000,Natural Gas,2015
0216750,College,48522.553,Residual Fuel Oil,2015
0216750,College,163960.164,Waste Oil,2015
0216750,College,76784.000,Wind,2015
0216750,College,0.000,Wood Waste Solids,2015
0216750,College,395864.156,Coal,2016
0216750,College,46782.391,Distillate Fuel Oil,2016
0216750,College,-2392.000,Electricity used for Energy Storage,2016
0216750,College,0.000,Jet Fuel,2016
0216750,College,1129.934,Natural Gas,2016
0216750,College,0.000,Residual Fuel Oil,2016
0216750,College,48474.738,Waste Oil,2016
0216750,College,78291.000,Wind,2016
0216750,College,0.000,Wood Waste Solids,2016
0216750,College,356409.011,Coal,2017
0216750,College,70874.044,Distillate Fuel Oil,2017
0216750,College,-2711.000,Electricity used for Energy Storage,2017
0216750,College,0.000,Jet Fuel,2017
0216750,College,554.666,Natural Gas,2017
0216750,College,0.000,Residual Fuel Oil,2017
0216750,College,144787.681,Waste Oil,2017
0216750,College,64121.000,Wind,2017
0216750,College,0.000,Wood Waste Solids,2017
0216750,College,392019.635,Coal,2018
0216750,College,64419.043,Distillate Fuel Oil,2018
0216750,College,-2428.000,Electricity used for Energy Storage,2018
0216750,College,0.000,Jet Fuel,2018
0216750,College,0.000,Natural Gas,2018
0216750,College,0.000,Residual Fuel Oil,2018
0216750,College,82114.648,Waste Oil,2018
0216750,College,70012.000,Wind,2018
0216750,College,0.000,Wood Waste Solids,2018
0216750,College,0.000,Agricultural By-Products,2019
0216750,College,481171.537,Coal,2019
0216750,College,28027.598,Distillate Fuel Oil,2019
0216750,College,-3280.000,Electricity used for Energy Storage,2019
0216750,College,2627.119,Jet Fuel,2019
0216750,College,0.080,Natural Gas,2019
0216750,College,0.000,Residual Fuel Oil,2019
0216750,College,164462.097,Waste Oil,2019
0216750,College,64076.000,Wind,2019
0216750,College,0.000,Wood Waste Solids,2019
0216750,College,466648.747,Coal,2020
0216750,College,153461.063,Distillate Fuel Oil,2020
0216750,College,-2810.000,Electricity used for Energy Storage,2020
0216750,College,2081.775,Jet Fuel,2020
0216750,College,6.054,Natural Gas,2020
0216750,College,211433.728,Waste Oil,2020
0216750,College,49937.000,Wind,2020
0216750,College,503966.256,Coal,2021
0216750,College,88907.304,Distillate Fuel Oil,2021
0216750,College,-3433.000,Electricity used for Energy Storage,2021
0216750,College,671.883,Jet Fuel,2021
0216750,College,3.471,Natural Gas,2021
0216750,College,184970.610,Waste Oil,2021
0216750,College,60302.000,Wind,2021
0216750,College,,,
0217190,Cooper Landing,571.000,Distillate Fuel Oil,2001
0217190,Cooper Landing,2690002.000,Natural Gas,2001
0217190,Cooper Landing,59447.000,Water at Hydroelectric Turbine,2001
0217190,Cooper Landing,309.000,Distillate Fuel Oil,2002
0217190,Cooper Landing,2583439.000,Natural Gas,2002
0217190,Cooper Landing,65555.000,Water at Hydroelectric Turbine,2002
0217190,Cooper Landing,260.000,Distillate Fuel Oil,2003
0217190,Cooper Landing,1097628.000,Natural Gas,2003
0217190,Cooper Landing,47662.000,Water at Hydroelectric Turbine,2003
0217190,Cooper Landing,344.884,Distillate Fuel Oil,2004
0217190,Cooper Landing,941642.001,Natural Gas,2004
0217190,Cooper Landing,48351.001,Water at Hydroelectric Turbine,2004
0217190,Cooper Landing,115.276,Distillate Fuel Oil,2005
0217190,Cooper Landing,795761.001,Natural Gas,2005
0217190,Cooper Landing,34043.001,Water at Hydroelectric Turbine,2005
0217190,Cooper Landing,92.932,Distillate Fuel Oil,2006
0217190,Cooper Landing,1194561.001,Natural Gas,2006
0217190,Cooper Landing,30089.001,Water at Hydroelectric Turbine,2006
0217190,Cooper Landing,152.344,Distillate Fuel Oil,2007
0217190,Cooper Landing,1127247.621,Natural Gas,2007
0217190,Cooper Landing,24303.000,Water at Hydroelectric Turbine,2007
0217190,Cooper Landing,120.484,Distillate Fuel Oil,2008
0217190,Cooper Landing,1248362.767,Natural Gas,2008
0217190,Cooper Landing,6663.000,Water at Hydroelectric Turbine,2008
0217190,Cooper Landing,253.636,Distillate Fuel Oil,2009
0217190,Cooper Landing,1412095.075,Natural Gas,2009
0217190,Cooper Landing,33262.000,Water at Hydroelectric Turbine,2009
0217190,Cooper Landing,575.859,Distillate Fuel Oil,2010
0217190,Cooper Landing,994667.057,Natural Gas,2010
0217190,Cooper Landing,45390.000,Water at Hydroelectric Turbine,2010
0217190,Cooper Landing,109.853,Distillate Fuel Oil,2011
0217190,Cooper Landing,1419720.471,Natural Gas,2011
0217190,Cooper Landing,28759.000,Water at Hydroelectric Turbine,2011
0217190,Cooper Landing,857.634,Distillate Fuel Oil,2012
0217190,Cooper Landing,1027320.761,Natural Gas,2012
0217190,Cooper Landing,77589.000,Water at Hydroelectric Turbine,2012
0217190,Cooper Landing,935.896,Distillate Fuel Oil,2013
0217190,Cooper Landing,1125792.387,Natural Gas,2013
0217190,Cooper Landing,35928.000,Water at Hydroelectric Turbine,2013
0217190,Cooper Landing,44784.000,Wind,2013
0217190,Cooper Landing,466.953,Distillate Fuel Oil,2014
0217190,Cooper Landing,870092.532,Natural Gas,2014
0217190,Cooper Landing,32050.000,Water at Hydroelectric Turbine,2014
0217190,Cooper Landing,47813.000,Wind,2014
0217190,Cooper Landing,493.112,Distillate Fuel Oil,2015
0217190,Cooper Landing,616460.562,Natural Gas,2015
0217190,Cooper Landing,16425.000,Water at Hydroelectric Turbine,2015
0217190,Cooper Landing,50562.000,Wind,2015
0217190,Cooper Landing,70.123,Distillate Fuel Oil,2016
0217190,Cooper Landing,615436.794,Natural Gas,2016
0217190,Cooper Landing,86666.000,Water at Hydroelectric Turbine,2016
0217190,Cooper Landing,56022.000,Wind,2016
0217190,Cooper Landing,49.623,Distillate Fuel Oil,2017
0217190,Cooper Landing,685153.102,Natural Gas,2017
0217190,Cooper Landing,25713.000,Water at Hydroelectric Turbine,2017
0217190,Cooper Landing,47715.000,Wind,2017
0217190,Cooper Landing,63.041,Distillate Fuel Oil,2018
0217190,Cooper Landing,650295.739,Natural Gas,2018
0217190,Cooper Landing,59832.000,Water at Hydroelectric Turbine,2018
0217190,Cooper Landing,51829.000,Wind,2018
0217190,Cooper Landing,32.526,Distillate Fuel Oil,2019
0217190,Cooper Landing,685057.722,Natural Gas,2019
0217190,Cooper Landing,46102.000,Water at Hydroelectric Turbine,2019
0217190,Cooper Landing,48221.000,Wind,2019
0217190,Cooper Landing,69.606,Distillate Fuel Oil,2020
0217190,Cooper Landing,451805.484,Natural Gas,2020
0217190,Cooper Landing,60854.000,Water at Hydroelectric Turbine,2020
0217190,Cooper Landing,47201.000,Wind,2020
0217190,Cooper Landing,0.000,Distillate Fuel Oil,2021
0217190,Cooper Landing,937447.089,Natural Gas,2021
0217190,Cooper Landing,36381.000,Water at Hydroelectric Turbine,2021
0217190,Cooper Landing,41759.000,Wind,2021
0217190,Cooper Landing,,,
0217300,Copper Center,19012.999,Distillate Fuel Oil,2001
0217300,Copper Center,50788.001,Water at Hydroelectric Turbine,2001
0217300,Copper Center,11380.999,Distillate Fuel Oil,2002
0217300,Copper Center,0.000,Jet Fuel,2002
0217300,Copper Center,18565.000,Waste Oil,2002
0217300,Copper Center,56651.000,Water at Hydroelectric Turbine,2002
0217300,Copper Center,9009.296,Distillate Fuel Oil,2003
0217300,Copper Center,21484.001,Jet Fuel,2003
0217300,Copper Center,52811.998,Water at Hydroelectric Turbine,2003
0217300,Copper Center,10104.640,Distillate Fuel Oil,2004
0217300,Copper Center,21429.000,Jet Fuel,2004
0217300,Copper Center,51353.001,Water at Hydroelectric Turbine,2004
0217300,Copper Center,12625.558,Distillate Fuel Oil,2005
0217300,Copper Center,20519.000,Jet Fuel,2005
0217300,Copper Center,49426.999,Water at Hydroelectric Turbine,2005
0217300,Copper Center,10526.475,Distillate Fuel Oil,2006
0217300,Copper Center,19680.001,Jet Fuel,2006
0217300,Copper Center,54916.999,Water at Hydroelectric Turbine,2006
0217300,Copper Center,14456.820,Distillate Fuel Oil,2007
0217300,Copper Center,32393.999,Jet Fuel,2007
0217300,Copper Center,34556.000,Water at Hydroelectric Turbine,2007
0217300,Copper Center,7705.000,Distillate Fuel Oil,2008
0217300,Copper Center,24031.000,Jet Fuel,2008
0217300,Copper Center,47429.000,Water at Hydroelectric Turbine,2008
0217300,Copper Center,12229.725,Distillate Fuel Oil,2009
0217300,Copper Center,6756.000,Jet Fuel,2009
0217300,Copper Center,44988.000,Water at Hydroelectric Turbine,2009
0217300,Copper Center,5850.405,Distillate Fuel Oil,2010
0217300,Copper Center,30043.000,Jet Fuel,2010
0217300,Copper Center,44758.000,Water at Hydroelectric Turbine,2010
0217300,Copper Center,15160.000,Distillate Fuel Oil,2011
0217300,Copper Center,17519.000,Jet Fuel,2011
0217300,Copper Center,46189.000,Water at Hydroelectric Turbine,2011
0217300,Copper Center,14645.108,Distillate Fuel Oil,2012
0217300,Copper Center,29655.000,Jet Fuel,2012
0217300,Copper Center,44135.000,Water at Hydroelectric Turbine,2012
0217300,Copper Center,15495.027,Distillate Fuel Oil,2013
0217300,Copper Center,0.000,Jet Fuel,2013
0217300,Copper Center,17027.000,Waste Oil,2013
0217300,Copper Center,54750.000,Water at Hydroelectric Turbine,2013
0217300,Copper Center,9933.580,Distillate Fuel Oil,2014
0217300,Copper Center,0.000,Jet Fuel,2014
0217300,Copper Center,21217.000,Waste Oil,2014
0217300,Copper Center,54955.000,Water at Hydroelectric Turbine,2014
0217300,Copper Center,9040.578,Distillate Fuel Oil,2015
0217300,Copper Center,0.000,Jet Fuel,2015
0217300,Copper Center,21316.000,Waste Oil,2015
0217300,Copper Center,55982.000,Water at Hydroelectric Turbine,2015
0217300,Copper Center,11183.989,Distillate Fuel Oil,2016
0217300,Copper Center,0.000,Jet Fuel,2016
0217300,Copper Center,17636.000,Waste Oil,2016
0217300,Copper Center,55731.000,Water at Hydroelectric Turbine,2016
0217300,Copper Center,10387.013,Distillate Fuel Oil,2017
0217300,Copper Center,0.000,Jet Fuel,2017
0217300,Copper Center,21411.000,Waste Oil,2017
0217300,Copper Center,56473.000,Water at Hydroelectric Turbine,2017
0217300,Copper Center,9662.000,Distillate Fuel Oil,2018
0217300,Copper Center,0.000,Jet Fuel,2018
0217300,Copper Center,16993.000,Waste Oil,2018
0217300,Copper Center,65164.000,Water at Hydroelectric Turbine,2018
0217300,Copper Center,6062.000,Distillate Fuel Oil,2019
0217300,Copper Center,0.000,Jet Fuel,2019
0217300,Copper Center,17823.000,Waste Oil,2019
0217300,Copper Center,72333.000,Water at Hydroelectric Turbine,2019
0217300,Copper Center,10486.000,Distillate Fuel Oil,2020
0217300,Copper Center,23442.000,Waste Oil,2020
0217300,Copper Center,54317.000,Water at Hydroelectric Turbine,2020
0217300,Copper Center,12132.000,Distillate Fuel Oil,2021
0217300,Copper Center,25547.000,Waste Oil,2021
0217300,Copper Center,58733.000,Water at Hydroelectric Turbine,2021
0217410,Cordova,20795.001,Distillate Fuel Oil,2001
0217410,Cordova,2885.999,Water at Hydroelectric Turbine,2001
0217410,Cordova,10136.999,Distillate Fuel Oil,2002
0217410,Cordova,13970.998,Water at Hydroelectric Turbine,2002
0217410,Cordova,8314.000,Distillate Fuel Oil,2003
0217410,Cordova,15170.001,Water at Hydroelectric Turbine,2003
0217410,Cordova,7199.999,Distillate Fuel Oil,2004
0217410,Cordova,17820.000,Water at Hydroelectric Turbine,2004
0217410,Cordova,6017.001,Distillate Fuel Oil,2005
0217410,Cordova,20335.000,Water at Hydroelectric Turbine,2005
0217410,Cordova,11600.001,Distillate Fuel Oil,2006
0217410,Cordova,13290.001,Water at Hydroelectric Turbine,2006
0217410,Cordova,11287.000,Distillate Fuel Oil,2007
0217410,Cordova,15290.999,Water at Hydroelectric Turbine,2007
0217410,Cordova,10726.000,Distillate Fuel Oil,2008
0217410,Cordova,14670.000,Water at Hydroelectric Turbine,2008
0217410,Cordova,10482.000,Distillate Fuel Oil,2009
0217410,Cordova,14888.000,Water at Hydroelectric Turbine,2009
0217410,Cordova,8269.000,Distillate Fuel Oil,2010
0217410,Cordova,17599.000,Water at Hydroelectric Turbine,2010
0217410,Cordova,10268.000,Distillate Fuel Oil,2011
0217410,Cordova,17082.000,Water at Hydroelectric Turbine,2011
0217410,Cordova,10786.000,Distillate Fuel Oil,2012
0217410,Cordova,16774.000,Water at Hydroelectric Turbine,2012
0217410,Cordova,9086.000,Distillate Fuel Oil,2013
0217410,Cordova,19284.000,Water at Hydroelectric Turbine,2013
0217410,Cordova,7570.000,Distillate Fuel Oil,2014
0217410,Cordova,19625.000,Water at Hydroelectric Turbine,2014
0217410,Cordova,7739.000,Distillate Fuel Oil,2015
0217410,Cordova,20862.000,Water at Hydroelectric Turbine,2015
0217410,Cordova,5589.000,Distillate Fuel Oil,2016
0217410,Cordova,19282.000,Water at Hydroelectric Turbine,2016
0217410,Cordova,8659.000,Distillate Fuel Oil,2017
0217410,Cordova,19189.000,Water at Hydroelectric Turbine,2017
0217410,Cordova,7021.000,Distillate Fuel Oil,2018
0217410,Cordova,18438.000,Water at Hydroelectric Turbine,2018
0217410,Cordova,6137.000,Distillate Fuel Oil,2019
0217410,Cordova,0.000,Electricity used for Energy Storage,2019
0217410,Cordova,19778.000,Water at Hydroelectric Turbine,2019
0217410,Cordova,7925.000,Distillate Fuel Oil,2020
0217410,Cordova,-71.000,Electricity used for Energy Storage,2020
0217410,Cordova,16795.000,Water at Hydroelectric Turbine,2020
0217410,Cordova,8065.000,Distillate Fuel Oil,2021
0217410,Cordova,-85.000,Electricity used for Energy Storage,2021
0217410,Cordova,18681.000,Water at Hydroelectric Turbine,2021
0217670,Covenant Life,127.800,Distillate Fuel Oil,2001
0217670,Covenant Life,708.000,,2001
0217670,Covenant Life,1668.000,,2002
0217670,Covenant Life,30.000,Distillate Fuel Oil,2003
0217670,Covenant Life,1660.800,,2003
0217670,Covenant Life,1762.200,,2004
0217670,Covenant Life,42.578,Distillate Fuel Oil,2005
0217670,Covenant Life,1720.200,,2005
0217670,Covenant Life,3.495,Distillate Fuel Oil,2006
0217670,Covenant Life,1821.600,,2006
0217670,Covenant Life,412.462,Distillate Fuel Oil,2007
0217670,Covenant Life,1530.364,,2007
0217670,Covenant Life,1710.015,,2008
0217670,Covenant Life,1845.900,,2009
0217670,Covenant Life,1883.100,,2010
0217670,Covenant Life,183.540,Water at Hydroelectric Turbine,2011
0217670,Covenant Life,1466.400,,2011
0217670,Covenant Life,1059.300,Water at Hydroelectric Turbine,2012
0217670,Covenant Life,1015.602,Water at Hydroelectric Turbine,2013
0217670,Covenant Life,1002.420,Water at Hydroelectric Turbine,2014
0217670,Covenant Life,1141.540,Water at Hydroelectric Turbine,2015
0217670,Covenant Life,1051.500,Water at Hydroelectric Turbine,2016
0217670,Covenant Life,1002.540,Water at Hydroelectric Turbine,2017
0217670,Covenant Life,887.760,Water at Hydroelectric Turbine,2018
0217670,Covenant Life,884.068,Water at Hydroelectric Turbine,2019
0217670,Covenant Life,954.540,Water at Hydroelectric Turbine,2020
0217670,Covenant Life,166.080,Water at Hydroelectric Turbine,2021
0217740,Craig,590.000,Distillate Fuel Oil,2001
0217740,Craig,22825.999,Water at Hydroelectric Turbine,2001
0217740,Craig,3287.000,Distillate Fuel Oil,2002
0217740,Craig,19991.999,Water at Hydroelectric Turbine,2002
0217740,Craig,1557.002,Distillate Fuel Oil,2003
0217740,Craig,21937.000,Water at Hydroelectric Turbine,2003
0217740,Craig,697.999,Distillate Fuel Oil,2004
0217740,Craig,23307.000,Water at Hydroelectric Turbine,2004
0217740,Craig,763.996,Distillate Fuel Oil,2005
0217740,Craig,23250.000,Water at Hydroelectric Turbine,2005
0217740,Craig,1639.998,Distillate Fuel Oil,2006
0217740,Craig,24538.001,Water at Hydroelectric Turbine,2006
0217740,Craig,-110.000,Distillate Fuel Oil,2007
0217740,Craig,27276.999,Water at Hydroelectric Turbine,2007
0217740,Craig,4296.000,Distillate Fuel Oil,2008
0217740,Craig,21660.000,Water at Hydroelectric Turbine,2008
0217740,Craig,2087.000,Distillate Fuel Oil,2009
0217740,Craig,24895.000,Water at Hydroelectric Turbine,2009
0217740,Craig,257.000,Distillate Fuel Oil,2010
0217740,Craig,26579.000,Water at Hydroelectric Turbine,2010
0217740,Craig,3892.000,Distillate Fuel Oil,2011
0217740,Craig,23906.000,Water at Hydroelectric Turbine,2011
0217740,Craig,2323.000,Distillate Fuel Oil,2012
0217740,Craig,26111.000,Water at Hydroelectric Turbine,2012
0217740,Craig,3010.000,Distillate Fuel Oil,2013
0217740,Craig,26255.000,Water at Hydroelectric Turbine,2013
0217740,Craig,1085.000,Distillate Fuel Oil,2014
0217740,Craig,27020.000,Water at Hydroelectric Turbine,2014
0217740,Craig,2015.000,Distillate Fuel Oil,2015
0217740,Craig,27059.000,Water at Hydroelectric Turbine,2015
0217740,Craig,1109.000,Distillate Fuel Oil,2016
0217740,Craig,26085.000,Water at Hydroelectric Turbine,2016
0217740,Craig,3157.000,Distillate Fuel Oil,2017
0217740,Craig,24983.000,Water at Hydroelectric Turbine,2017
0217740,Craig,5332.000,Distillate Fuel Oil,2018
0217740,Craig,22245.000,Water at Hydroelectric Turbine,2018
0217740,Craig,4107.000,Distillate Fuel Oil,2019
0217740,Craig,24449.000,Water at Hydroelectric Turbine,2019
0217740,Craig,1525.000,Distillate Fuel Oil,2020
0217740,Craig,27172.000,Water at Hydroelectric Turbine,2020
0217740,Craig,1640.000,Distillate Fuel Oil,2021
0217740,Craig,28933.000,Water at Hydroelectric Turbine,2021
0217850,Crooked Creek,130.865,Distillate Fuel Oil,2001
0217850,Crooked Creek,243.063,Distillate Fuel Oil,2002
0217850,Crooked Creek,253.265,Distillate Fuel Oil,2003
0217850,Crooked Creek,247.995,Distillate Fuel Oil,2004
0217850,Crooked Creek,246.162,Distillate Fuel Oil,2005
0217850,Crooked Creek,260.552,Distillate Fuel Oil,2006
0217850,Crooked Creek,280.146,Distillate Fuel Oil,2007
0217850,Crooked Creek,276.505,Distillate Fuel Oil,2008
0217850,Crooked Creek,290.538,Distillate Fuel Oil,2009
0217850,Crooked Creek,293.232,Distillate Fuel Oil,2010
0217850,Crooked Creek,310.089,Distillate Fuel Oil,2011
0217850,Crooked Creek,298.713,Distillate Fuel Oil,2012
0217850,Crooked Creek,258.729,Distillate Fuel Oil,2013
0217850,Crooked Creek,233.035,Distillate Fuel Oil,2014
0217850,Crooked Creek,241.174,Distillate Fuel Oil,2015
0217850,Crooked Creek,257.797,Distillate Fuel Oil,2016
0217850,Crooked Creek,254.725,Distillate Fuel Oil,2017
0217850,Crooked Creek,242.862,Distillate Fuel Oil,2018
0217850,Crooked Creek,256.801,Distillate Fuel Oil,2019
0217850,Crooked Creek,303.312,Distillate Fuel Oil,2020
0217850,Crooked Creek,290.727,Distillate Fuel Oil,2021
0217960,Crown Point,581.001,Distillate Fuel Oil,2002
0217960,Crown Point,0.000,Distillate Fuel Oil,2003
0217960,Crown Point,239.999,Distillate Fuel Oil,2004
0217960,Crown Point,180.999,Distillate Fuel Oil,2005
0217960,Crown Point,196.001,Distillate Fuel Oil,2006
0217960,Crown Point,2811.003,Distillate Fuel Oil,2007
0217960,Crown Point,77.420,Distillate Fuel Oil,2009
0217960,Crown Point,678.000,Distillate Fuel Oil,2010
0217960,Crown Point,44.000,Distillate Fuel Oil,2011
0217960,Crown Point,100.000,Distillate Fuel Oil,2012
0217960,Crown Point,306.000,Distillate Fuel Oil,2013
0217960,Crown Point,49.000,Distillate Fuel Oil,2014
0217960,Crown Point,386.000,Distillate Fuel Oil,2015
0217960,Crown Point,105.000,Distillate Fuel Oil,2016
0217960,Crown Point,85.000,Distillate Fuel Oil,2017
0217960,Crown Point,144.000,Distillate Fuel Oil,2018
0217960,Crown Point,218.000,Distillate Fuel Oil,2019
0217960,Crown Point,335.000,Distillate Fuel Oil,2021
0218510,Deering,394.670,Distillate Fuel Oil,2001
0218510,Deering,803.726,Distillate Fuel Oil,2002
0218510,Deering,721.455,Distillate Fuel Oil,2003
0218510,Deering,764.238,Distillate Fuel Oil,2004
0218510,Deering,758.122,Distillate Fuel Oil,2005
0218510,Deering,676.341,Distillate Fuel Oil,2006
0218510,Deering,668.831,Distillate Fuel Oil,2007
0218510,Deering,699.892,Distillate Fuel Oil,2008
0218510,Deering,693.034,Distillate Fuel Oil,2009
0218510,Deering,346.076,Distillate Fuel Oil,2011
0218510,Deering,750.374,Distillate Fuel Oil,2012
0218510,Deering,725.768,Distillate Fuel Oil,2013
0218510,Deering,606.627,Distillate Fuel Oil,2014
0218510,Deering,700.837,Distillate Fuel Oil,2015
0218510,Deering,656.235,Distillate Fuel Oil,2016
0218510,Deering,626.982,Distillate Fuel Oil,2017
0218510,Deering,35.826,Wind,2017
0218510,Deering,551.940,Distillate Fuel Oil,2018
0218510,Deering,80.581,Wind,2018
0218510,Deering,362.517,Distillate Fuel Oil,2019
0218510,Deering,52.839,Wind,2019
0218510,Deering,403.654,Distillate Fuel Oil,2020
0218510,Deering,29.850,Solar,2020
0218510,Deering,85.507,Wind,2020
0218510,Deering,679.158,Distillate Fuel Oil,2021
0218510,Deering,42.956,Solar,2021
0218510,Deering,60.668,Wind,2021
0218620,Delta Junction,320199.883,Coal,2001
0218620,Delta Junction,10180.000,Distillate Fuel Oil,2001
0218620,Delta Junction,579967.000,Residual Fuel Oil,2001
0218620,Delta Junction,481090.841,Coal,2002
0218620,Delta Junction,17426.909,Distillate Fuel Oil,2002
0218620,Delta Junction,546300.000,Residual Fuel Oil,2002
0218620,Delta Junction,32.000,Waste Oil,2002
0218620,Delta Junction,1031.000,Wood Waste Solids,2002
0218620,Delta Junction,456747.980,Coal,2003
0218620,Delta Junction,6308.990,Distillate Fuel Oil,2003
0218620,Delta Junction,453733.000,Residual Fuel Oil,2003
0218620,Delta Junction,64.000,Waste Oil,2003
0218620,Delta Junction,758.001,Wood Waste Solids,2003
0218620,Delta Junction,519938.432,Coal,2004
0218620,Delta Junction,9963.938,Distillate Fuel Oil,2004
0218620,Delta Junction,360379.000,Residual Fuel Oil,2004
0218620,Delta Junction,0.000,Waste Oil,2004
0218620,Delta Junction,388.500,Wood Waste Solids,2004
0218620,Delta Junction,525017.007,Coal,2005
0218620,Delta Junction,2907.565,Distillate Fuel Oil,2005
0218620,Delta Junction,360562.000,Residual Fuel Oil,2005
0218620,Delta Junction,0.000,Waste Oil,2005
0218620,Delta Junction,382.565,Wood Waste Solids,2005
0218620,Delta Junction,532341.253,Coal,2006
0218620,Delta Junction,3215.258,Distillate Fuel Oil,2006
0218620,Delta Junction,337599.000,Residual Fuel Oil,2006
0218620,Delta Junction,0.000,Waste Oil,2006
0218620,Delta Junction,515.509,Wood Waste Solids,2006
0218620,Delta Junction,538127.163,Coal,2007
0218620,Delta Junction,5102.496,Distillate Fuel Oil,2007
0218620,Delta Junction,284406.908,Jet Fuel,2007
0218620,Delta Junction,436.577,Natural Gas,2007
0218620,Delta Junction,266301.606,Residual Fuel Oil,2007
0218620,Delta Junction,0.000,Waste Oil,2007
0218620,Delta Junction,21.755,Wood Waste Solids,2007
0218620,Delta Junction,512423.237,Coal,2008
0218620,Delta Junction,5916.308,Distillate Fuel Oil,2008
0218620,Delta Junction,387339.730,Jet Fuel,2008
0218620,Delta Junction,0.000,Natural Gas,2008
0218620,Delta Junction,126668.178,Residual Fuel Oil,2008
0218620,Delta Junction,0.000,Wood Waste Solids,2008
0218620,Delta Junction,515890.711,Coal,2009
0218620,Delta Junction,7005.089,Distillate Fuel Oil,2009
0218620,Delta Junction,370545.007,Jet Fuel,2009
0218620,Delta Junction,0.000,Natural Gas,2009
0218620,Delta Junction,343136.891,Residual Fuel Oil,2009
0218620,Delta Junction,463538.211,Coal,2010
0218620,Delta Junction,7652.130,Distillate Fuel Oil,2010
0218620,Delta Junction,0.000,Jet Fuel,2010
0218620,Delta Junction,639.868,Natural Gas,2010
0218620,Delta Junction,192178.603,Residual Fuel Oil,2010
0218620,Delta Junction,423964.882,Coal,2011
0218620,Delta Junction,3653.416,Distillate Fuel Oil,2011
0218620,Delta Junction,155547.000,Jet Fuel,2011
0218620,Delta Junction,2837.823,Natural Gas,2011
0218620,Delta Junction,102593.325,Residual Fuel Oil,2011
0218620,Delta Junction,463815.730,Coal,2012
0218620,Delta Junction,5994.123,Distillate Fuel Oil,2012
0218620,Delta Junction,197942.000,Jet Fuel,2012
0218620,Delta Junction,2683.523,Natural Gas,2012
0218620,Delta Junction,175535.364,Residual Fuel Oil,2012
0218620,Delta Junction,374005.564,Coal,2013
0218620,Delta Junction,3916.995,Distillate Fuel Oil,2013
0218620,Delta Junction,91958.000,Jet Fuel,2013
0218620,Delta Junction,5000.441,Natural Gas,2013
0218620,Delta Junction,33991.362,Residual Fuel Oil,2013
0218620,Delta Junction,72610.000,Wind,2013
0218620,Delta Junction,0.000,Wood Waste Solids,2013
0218620,Delta Junction,376282.303,Coal,2014
0218620,Delta Junction,1508.242,Distillate Fuel Oil,2014
0218620,Delta Junction,131279.730,Jet Fuel,2014
0218620,Delta Junction,2161.112,Natural Gas,2014
0218620,Delta Junction,47426.548,Residual Fuel Oil,2014
0218620,Delta Junction,76279.000,Wind,2014
0218620,Delta Junction,0.000,Wood Waste Solids,2014
0218620,Delta Junction,432567.508,Coal,2015
0218620,Delta Junction,14837.204,Distillate Fuel Oil,2015
0218620,Delta Junction,0.000,Jet Fuel,2015
0218620,Delta Junction,0.000,Natural Gas,2015
0218620,Delta Junction,48522.553,Residual Fuel Oil,2015
0218620,Delta Junction,163960.164,Waste Oil,2015
0218620,Delta Junction,76784.000,Wind,2015
0218620,Delta Junction,0.000,Wood Waste Solids,2015
0218620,Delta Junction,395864.156,Coal,2016
0218620,Delta Junction,46782.391,Distillate Fuel Oil,2016
0218620,Delta Junction,-2392.000,Electricity used for Energy Storage,2016
0218620,Delta Junction,0.000,Jet Fuel,2016
0218620,Delta Junction,1129.934,Natural Gas,2016
0218620,Delta Junction,0.000,Residual Fuel Oil,2016
0218620,Delta Junction,48474.738,Waste Oil,2016
0218620,Delta Junction,78291.000,Wind,2016
0218620,Delta Junction,0.000,Wood Waste Solids,2016
0218620,Delta Junction,356409.011,Coal,2017
0218620,Delta Junction,70874.044,Distillate Fuel Oil,2017
0218620,Delta Junction,-2711.000,Electricity used for Energy Storage,2017
0218620,Delta Junction,0.000,Jet Fuel,2017
0218620,Delta Junction,554.666,Natural Gas,2017
0218620,Delta Junction,0.000,Residual Fuel Oil,2017
0218620,Delta Junction,144787.681,Waste Oil,2017
0218620,Delta Junction,64121.000,Wind,2017
0218620,Delta Junction,0.000,Wood Waste Solids,2017
0218620,Delta Junction,392019.635,Coal,2018
0218620,Delta Junction,64419.043,Distillate Fuel Oil,2018
0218620,Delta Junction,-2428.000,Electricity used for Energy Storage,2018
0218620,Delta Junction,0.000,Jet Fuel,2018
0218620,Delta Junction,0.000,Natural Gas,2018
0218620,Delta Junction,0.000,Residual Fuel Oil,2018
0218620,Delta Junction,82114.648,Waste Oil,2018
0218620,Delta Junction,70012.000,Wind,2018
0218620,Delta Junction,0.000,Wood Waste Solids,2018
0218620,Delta Junction,0.000,Agricultural By-Products,2019
0218620,Delta Junction,481171.537,Coal,2019
0218620,Delta Junction,28027.598,Distillate Fuel Oil,2019
0218620,Delta Junction,-3280.000,Electricity used for Energy Storage,2019
0218620,Delta Junction,2627.119,Jet Fuel,2019
0218620,Delta Junction,0.080,Natural Gas,2019
0218620,Delta Junction,0.000,Residual Fuel Oil,2019
0218620,Delta Junction,164462.097,Waste Oil,2019
0218620,Delta Junction,64076.000,Wind,2019
0218620,Delta Junction,0.000,Wood Waste Solids,2019
0218620,Delta Junction,466648.747,Coal,2020
0218620,Delta Junction,153461.063,Distillate Fuel Oil,2020
0218620,Delta Junction,-2810.000,Electricity used for Energy Storage,2020
0218620,Delta Junction,2081.775,Jet Fuel,2020
0218620,Delta Junction,6.054,Natural Gas,2020
0218620,Delta Junction,211433.728,Waste Oil,2020
0218620,Delta Junction,49937.000,Wind,2020
0218620,Delta Junction,503966.256,Coal,2021
0218620,Delta Junction,88907.304,Distillate Fuel Oil,2021
0218620,Delta Junction,-3433.000,Electricity used for Energy Storage,2021
0218620,Delta Junction,671.883,Jet Fuel,2021
0218620,Delta Junction,3.471,Natural Gas,2021
0218620,Delta Junction,184970.610,Waste Oil,2021
0218620,Delta Junction,60302.000,Wind,2021
0218620,Delta Junction,,,
0218675,Deltana,320199.883,Coal,2001
0218675,Deltana,10180.000,Distillate Fuel Oil,2001
0218675,Deltana,579967.000,Residual Fuel Oil,2001
0218675,Deltana,481090.841,Coal,2002
0218675,Deltana,17426.909,Distillate Fuel Oil,2002
0218675,Deltana,546300.000,Residual Fuel Oil,2002
0218675,Deltana,32.000,Waste Oil,2002
0218675,Deltana,1031.000,Wood Waste Solids,2002
0218675,Deltana,456747.980,Coal,2003
0218675,Deltana,6308.990,Distillate Fuel Oil,2003
0218675,Deltana,453733.000,Residual Fuel Oil,2003
0218675,Deltana,64.000,Waste Oil,2003
0218675,Deltana,758.001,Wood Waste Solids,2003
0218675,Deltana,519938.432,Coal,2004
0218675,Deltana,9963.938,Distillate Fuel Oil,2004
0218675,Deltana,360379.000,Residual Fuel Oil,2004
0218675,Deltana,0.000,Waste Oil,2004
0218675,Deltana,388.500,Wood Waste Solids,2004
0218675,Deltana,525017.007,Coal,2005
0218675,Deltana,2907.565,Distillate Fuel Oil,2005
0218675,Deltana,360562.000,Residual Fuel Oil,2005
0218675,Deltana,0.000,Waste Oil,2005
0218675,Deltana,382.565,Wood Waste Solids,2005
0218675,Deltana,532341.253,Coal,2006
0218675,Deltana,3215.258,Distillate Fuel Oil,2006
0218675,Deltana,337599.000,Residual Fuel Oil,2006
0218675,Deltana,0.000,Waste Oil,2006
0218675,Deltana,515.509,Wood Waste Solids,2006
0218675,Deltana,538127.163,Coal,2007
0218675,Deltana,5102.496,Distillate Fuel Oil,2007
0218675,Deltana,284406.908,Jet Fuel,2007
0218675,Deltana,436.577,Natural Gas,2007
0218675,Deltana,266301.606,Residual Fuel Oil,2007
0218675,Deltana,0.000,Waste Oil,2007
0218675,Deltana,21.755,Wood Waste Solids,2007
0218675,Deltana,512423.237,Coal,2008
0218675,Deltana,5916.308,Distillate Fuel Oil,2008
0218675,Deltana,387339.730,Jet Fuel,2008
0218675,Deltana,0.000,Natural Gas,2008
0218675,Deltana,126668.178,Residual Fuel Oil,2008
0218675,Deltana,0.000,Wood Waste Solids,2008
0218675,Deltana,515890.711,Coal,2009
0218675,Deltana,7005.089,Distillate Fuel Oil,2009
0218675,Deltana,370545.007,Jet Fuel,2009
0218675,Deltana,0.000,Natural Gas,2009
0218675,Deltana,343136.891,Residual Fuel Oil,2009
0218675,Deltana,463538.211,Coal,2010
0218675,Deltana,7652.130,Distillate Fuel Oil,2010
0218675,Deltana,0.000,Jet Fuel,2010
0218675,Deltana,639.868,Natural Gas,2010
0218675,Deltana,192178.603,Residual Fuel Oil,2010
0218675,Deltana,423964.882,Coal,2011
0218675,Deltana,3653.416,Distillate Fuel Oil,2011
0218675,Deltana,155547.000,Jet Fuel,2011
0218675,Deltana,2837.823,Natural Gas,2011
0218675,Deltana,102593.325,Residual Fuel Oil,2011
0218675,Deltana,463815.730,Coal,2012
0218675,Deltana,5994.123,Distillate Fuel Oil,2012
0218675,Deltana,197942.000,Jet Fuel,2012
0218675,Deltana,2683.523,Natural Gas,2012
0218675,Deltana,175535.364,Residual Fuel Oil,2012
0218675,Deltana,374005.564,Coal,2013
0218675,Deltana,3916.995,Distillate Fuel Oil,2013
0218675,Deltana,91958.000,Jet Fuel,2013
0218675,Deltana,5000.441,Natural Gas,2013
0218675,Deltana,33991.362,Residual Fuel Oil,2013
0218675,Deltana,72610.000,Wind,2013
0218675,Deltana,0.000,Wood Waste Solids,2013
0218675,Deltana,376282.303,Coal,2014
0218675,Deltana,1508.242,Distillate Fuel Oil,2014
0218675,Deltana,131279.730,Jet Fuel,2014
0218675,Deltana,2161.112,Natural Gas,2014
0218675,Deltana,47426.548,Residual Fuel Oil,2014
0218675,Deltana,76279.000,Wind,2014
0218675,Deltana,0.000,Wood Waste Solids,2014
0218675,Deltana,432567.508,Coal,2015
0218675,Deltana,14837.204,Distillate Fuel Oil,2015
0218675,Deltana,0.000,Jet Fuel,2015
0218675,Deltana,0.000,Natural Gas,2015
0218675,Deltana,48522.553,Residual Fuel Oil,2015
0218675,Deltana,163960.164,Waste Oil,2015
0218675,Deltana,76784.000,Wind,2015
0218675,Deltana,0.000,Wood Waste Solids,2015
0218675,Deltana,395864.156,Coal,2016
0218675,Deltana,46782.391,Distillate Fuel Oil,2016
0218675,Deltana,-2392.000,Electricity used for Energy Storage,2016
0218675,Deltana,0.000,Jet Fuel,2016
0218675,Deltana,1129.934,Natural Gas,2016
0218675,Deltana,0.000,Residual Fuel Oil,2016
0218675,Deltana,48474.738,Waste Oil,2016
0218675,Deltana,78291.000,Wind,2016
0218675,Deltana,0.000,Wood Waste Solids,2016
0218675,Deltana,356409.011,Coal,2017
0218675,Deltana,70874.044,Distillate Fuel Oil,2017
0218675,Deltana,-2711.000,Electricity used for Energy Storage,2017
0218675,Deltana,0.000,Jet Fuel,2017
0218675,Deltana,554.666,Natural Gas,2017
0218675,Deltana,0.000,Residual Fuel Oil,2017
0218675,Deltana,144787.681,Waste Oil,2017
0218675,Deltana,64121.000,Wind,2017
0218675,Deltana,0.000,Wood Waste Solids,2017
0218675,Deltana,392019.635,Coal,2018
0218675,Deltana,64419.043,Distillate Fuel Oil,2018
0218675,Deltana,-2428.000,Electricity used for Energy Storage,2018
0218675,Deltana,0.000,Jet Fuel,2018
0218675,Deltana,0.000,Natural Gas,2018
0218675,Deltana,0.000,Residual Fuel Oil,2018
0218675,Deltana,82114.648,Waste Oil,2018
0218675,Deltana,70012.000,Wind,2018
0218675,Deltana,0.000,Wood Waste Solids,2018
0218675,Deltana,0.000,Agricultural By-Products,2019
0218675,Deltana,481171.537,Coal,2019
0218675,Deltana,28027.598,Distillate Fuel Oil,2019
0218675,Deltana,-3280.000,Electricity used for Energy Storage,2019
0218675,Deltana,2627.119,Jet Fuel,2019
0218675,Deltana,0.080,Natural Gas,2019
0218675,Deltana,0.000,Residual Fuel Oil,2019
0218675,Deltana,164462.097,Waste Oil,2019
0218675,Deltana,64076.000,Wind,2019
0218675,Deltana,0.000,Wood Waste Solids,2019
0218675,Deltana,466648.747,Coal,2020
0218675,Deltana,153461.063,Distillate Fuel Oil,2020
0218675,Deltana,-2810.000,Electricity used for Energy Storage,2020
0218675,Deltana,2081.775,Jet Fuel,2020
0218675,Deltana,6.054,Natural Gas,2020
0218675,Deltana,211433.728,Waste Oil,2020
0218675,Deltana,49937.000,Wind,2020
0218675,Deltana,503966.256,Coal,2021
0218675,Deltana,88907.304,Distillate Fuel Oil,2021
0218675,Deltana,-3433.000,Electricity used for Energy Storage,2021
0218675,Deltana,671.883,Jet Fuel,2021
0218675,Deltana,3.471,Natural Gas,2021
0218675,Deltana,184970.610,Waste Oil,2021
0218675,Deltana,60302.000,Wind,2021
0218675,Deltana,,,
0218805,Denali Park,320199.883,Coal,2001
0218805,Denali Park,10180.000,Distillate Fuel Oil,2001
0218805,Denali Park,579967.000,Residual Fuel Oil,2001
0218805,Denali Park,481090.841,Coal,2002
0218805,Denali Park,17426.909,Distillate Fuel Oil,2002
0218805,Denali Park,546300.000,Residual Fuel Oil,2002
0218805,Denali Park,32.000,Waste Oil,2002
0218805,Denali Park,1031.000,Wood Waste Solids,2002
0218805,Denali Park,456747.980,Coal,2003
0218805,Denali Park,6308.990,Distillate Fuel Oil,2003
0218805,Denali Park,453733.000,Residual Fuel Oil,2003
0218805,Denali Park,64.000,Waste Oil,2003
0218805,Denali Park,758.001,Wood Waste Solids,2003
0218805,Denali Park,519938.432,Coal,2004
0218805,Denali Park,9963.938,Distillate Fuel Oil,2004
0218805,Denali Park,360379.000,Residual Fuel Oil,2004
0218805,Denali Park,0.000,Waste Oil,2004
0218805,Denali Park,388.500,Wood Waste Solids,2004
0218805,Denali Park,525017.007,Coal,2005
0218805,Denali Park,2907.565,Distillate Fuel Oil,2005
0218805,Denali Park,360562.000,Residual Fuel Oil,2005
0218805,Denali Park,0.000,Waste Oil,2005
0218805,Denali Park,382.565,Wood Waste Solids,2005
0218805,Denali Park,532341.253,Coal,2006
0218805,Denali Park,3215.258,Distillate Fuel Oil,2006
0218805,Denali Park,337599.000,Residual Fuel Oil,2006
0218805,Denali Park,0.000,Waste Oil,2006
0218805,Denali Park,515.509,Wood Waste Solids,2006
0218805,Denali Park,538127.163,Coal,2007
0218805,Denali Park,5102.496,Distillate Fuel Oil,2007
0218805,Denali Park,284406.908,Jet Fuel,2007
0218805,Denali Park,436.577,Natural Gas,2007
0218805,Denali Park,266301.606,Residual Fuel Oil,2007
0218805,Denali Park,0.000,Waste Oil,2007
0218805,Denali Park,21.755,Wood Waste Solids,2007
0218805,Denali Park,512423.237,Coal,2008
0218805,Denali Park,5916.308,Distillate Fuel Oil,2008
0218805,Denali Park,387339.730,Jet Fuel,2008
0218805,Denali Park,0.000,Natural Gas,2008
0218805,Denali Park,126668.178,Residual Fuel Oil,2008
0218805,Denali Park,0.000,Wood Waste Solids,2008
0218805,Denali Park,515890.711,Coal,2009
0218805,Denali Park,7005.089,Distillate Fuel Oil,2009
0218805,Denali Park,370545.007,Jet Fuel,2009
0218805,Denali Park,0.000,Natural Gas,2009
0218805,Denali Park,343136.891,Residual Fuel Oil,2009
0218805,Denali Park,463538.211,Coal,2010
0218805,Denali Park,7652.130,Distillate Fuel Oil,2010
0218805,Denali Park,0.000,Jet Fuel,2010
0218805,Denali Park,639.868,Natural Gas,2010
0218805,Denali Park,192178.603,Residual Fuel Oil,2010
0218805,Denali Park,423964.882,Coal,2011
0218805,Denali Park,3653.416,Distillate Fuel Oil,2011
0218805,Denali Park,155547.000,Jet Fuel,2011
0218805,Denali Park,2837.823,Natural Gas,2011
0218805,Denali Park,102593.325,Residual Fuel Oil,2011
0218805,Denali Park,463815.730,Coal,2012
0218805,Denali Park,5994.123,Distillate Fuel Oil,2012
0218805,Denali Park,197942.000,Jet Fuel,2012
0218805,Denali Park,2683.523,Natural Gas,2012
0218805,Denali Park,175535.364,Residual Fuel Oil,2012
0218805,Denali Park,374005.564,Coal,2013
0218805,Denali Park,3916.995,Distillate Fuel Oil,2013
0218805,Denali Park,91958.000,Jet Fuel,2013
0218805,Denali Park,5000.441,Natural Gas,2013
0218805,Denali Park,33991.362,Residual Fuel Oil,2013
0218805,Denali Park,72610.000,Wind,2013
0218805,Denali Park,0.000,Wood Waste Solids,2013
0218805,Denali Park,376282.303,Coal,2014
0218805,Denali Park,1508.242,Distillate Fuel Oil,2014
0218805,Denali Park,131279.730,Jet Fuel,2014
0218805,Denali Park,2161.112,Natural Gas,2014
0218805,Denali Park,47426.548,Residual Fuel Oil,2014
0218805,Denali Park,76279.000,Wind,2014
0218805,Denali Park,0.000,Wood Waste Solids,2014
0218805,Denali Park,432567.508,Coal,2015
0218805,Denali Park,14837.204,Distillate Fuel Oil,2015
0218805,Denali Park,0.000,Jet Fuel,2015
0218805,Denali Park,0.000,Natural Gas,2015
0218805,Denali Park,48522.553,Residual Fuel Oil,2015
0218805,Denali Park,163960.164,Waste Oil,2015
0218805,Denali Park,76784.000,Wind,2015
0218805,Denali Park,0.000,Wood Waste Solids,2015
0218805,Denali Park,395864.156,Coal,2016
0218805,Denali Park,46782.391,Distillate Fuel Oil,2016
0218805,Denali Park,-2392.000,Electricity used for Energy Storage,2016
0218805,Denali Park,0.000,Jet Fuel,2016
0218805,Denali Park,1129.934,Natural Gas,2016
0218805,Denali Park,0.000,Residual Fuel Oil,2016
0218805,Denali Park,48474.738,Waste Oil,2016
0218805,Denali Park,78291.000,Wind,2016
0218805,Denali Park,0.000,Wood Waste Solids,2016
0218805,Denali Park,356409.011,Coal,2017
0218805,Denali Park,70874.044,Distillate Fuel Oil,2017
0218805,Denali Park,-2711.000,Electricity used for Energy Storage,2017
0218805,Denali Park,0.000,Jet Fuel,2017
0218805,Denali Park,554.666,Natural Gas,2017
0218805,Denali Park,0.000,Residual Fuel Oil,2017
0218805,Denali Park,144787.681,Waste Oil,2017
0218805,Denali Park,64121.000,Wind,2017
0218805,Denali Park,0.000,Wood Waste Solids,2017
0218805,Denali Park,392019.635,Coal,2018
0218805,Denali Park,64419.043,Distillate Fuel Oil,2018
0218805,Denali Park,-2428.000,Electricity used for Energy Storage,2018
0218805,Denali Park,0.000,Jet Fuel,2018
0218805,Denali Park,0.000,Natural Gas,2018
0218805,Denali Park,0.000,Residual Fuel Oil,2018
0218805,Denali Park,82114.648,Waste Oil,2018
0218805,Denali Park,70012.000,Wind,2018
0218805,Denali Park,0.000,Wood Waste Solids,2018
0218805,Denali Park,0.000,Agricultural By-Products,2019
0218805,Denali Park,481171.537,Coal,2019
0218805,Denali Park,28027.598,Distillate Fuel Oil,2019
0218805,Denali Park,-3280.000,Electricity used for Energy Storage,2019
0218805,Denali Park,2627.119,Jet Fuel,2019
0218805,Denali Park,0.080,Natural Gas,2019
0218805,Denali Park,0.000,Residual Fuel Oil,2019
0218805,Denali Park,164462.097,Waste Oil,2019
0218805,Denali Park,64076.000,Wind,2019
0218805,Denali Park,0.000,Wood Waste Solids,2019
0218805,Denali Park,466648.747,Coal,2020
0218805,Denali Park,153461.063,Distillate Fuel Oil,2020
0218805,Denali Park,-2810.000,Electricity used for Energy Storage,2020
0218805,Denali Park,2081.775,Jet Fuel,2020
0218805,Denali Park,6.054,Natural Gas,2020
0218805,Denali Park,211433.728,Waste Oil,2020
0218805,Denali Park,49937.000,Wind,2020
0218805,Denali Park,503966.256,Coal,2021
0218805,Denali Park,88907.304,Distillate Fuel Oil,2021
0218805,Denali Park,-3433.000,Electricity used for Energy Storage,2021
0218805,Denali Park,671.883,Jet Fuel,2021
0218805,Denali Park,3.471,Natural Gas,2021
0218805,Denali Park,184970.610,Waste Oil,2021
0218805,Denali Park,60302.000,Wind,2021
0218805,Denali Park,,,
0218925,Diamond Ridge,490.999,Distillate Fuel Oil,2001
0218925,Diamond Ridge,426710.001,Natural Gas,2001
0218925,Diamond Ridge,345681.000,Water at Hydroelectric Turbine,2001
0218925,Diamond Ridge,355.740,Distillate Fuel Oil,2002
0218925,Diamond Ridge,473327.141,Natural Gas,2002
0218925,Diamond Ridge,484899.000,Water at Hydroelectric Turbine,2002
0218925,Diamond Ridge,243.001,Distillate Fuel Oil,2003
0218925,Diamond Ridge,399766.998,Natural Gas,2003
0218925,Diamond Ridge,500875.000,Water at Hydroelectric Turbine,2003
0218925,Diamond Ridge,336.702,Distillate Fuel Oil,2004
0218925,Diamond Ridge,398518.890,Natural Gas,2004
0218925,Diamond Ridge,429709.000,Water at Hydroelectric Turbine,2004
0218925,Diamond Ridge,235.643,Distillate Fuel Oil,2005
0218925,Diamond Ridge,490271.637,Natural Gas,2005
0218925,Diamond Ridge,452757.000,Water at Hydroelectric Turbine,2005
0218925,Diamond Ridge,236.000,Distillate Fuel Oil,2006
0218925,Diamond Ridge,2147.575,Jet Fuel,2006
0218925,Diamond Ridge,451056.328,Natural Gas,2006
0218925,Diamond Ridge,343766.000,Water at Hydroelectric Turbine,2006
0218925,Diamond Ridge,382.001,Distillate Fuel Oil,2007
0218925,Diamond Ridge,264.025,Jet Fuel,2007
0218925,Diamond Ridge,443609.870,Natural Gas,2007
0218925,Diamond Ridge,336288.000,Water at Hydroelectric Turbine,2007
0218925,Diamond Ridge,22.000,Distillate Fuel Oil,2008
0218925,Diamond Ridge,3.268,Jet Fuel,2008
0218925,Diamond Ridge,473626.372,Natural Gas,2008
0218925,Diamond Ridge,296759.000,Water at Hydroelectric Turbine,2008
0218925,Diamond Ridge,324.649,Distillate Fuel Oil,2009
0218925,Diamond Ridge,163.399,Jet Fuel,2009
0218925,Diamond Ridge,378362.432,Natural Gas,2009
0218925,Diamond Ridge,362293.410,Water at Hydroelectric Turbine,2009
0218925,Diamond Ridge,202.000,Distillate Fuel Oil,2010
0218925,Diamond Ridge,0.000,Jet Fuel,2010
0218925,Diamond Ridge,354378.140,Natural Gas,2010
0218925,Diamond Ridge,348270.970,Water at Hydroelectric Turbine,2010
0218925,Diamond Ridge,160.167,Distillate Fuel Oil,2011
0218925,Diamond Ridge,0.000,Jet Fuel,2011
0218925,Diamond Ridge,375394.769,Natural Gas,2011
0218925,Diamond Ridge,2738.304,Other Gas,2011
0218925,Diamond Ridge,303900.000,Water at Hydroelectric Turbine,2011
0218925,Diamond Ridge,214.332,Distillate Fuel Oil,2012
0218925,Diamond Ridge,0.000,Jet Fuel,2012
0218925,Diamond Ridge,355032.847,Natural Gas,2012
0218925,Diamond Ridge,2658.441,Other Gas,2012
0218925,Diamond Ridge,397373.000,Water at Hydroelectric Turbine,2012
0218925,Diamond Ridge,101.277,Distillate Fuel Oil,2013
0218925,Diamond Ridge,0.000,Jet Fuel,2013
0218925,Diamond Ridge,201008.184,Natural Gas,2013
0218925,Diamond Ridge,430.659,Waste Oil,2013
0218925,Diamond Ridge,368254.000,Water at Hydroelectric Turbine,2013
0218925,Diamond Ridge,444.000,Distillate Fuel Oil,2014
0218925,Diamond Ridge,0.000,Jet Fuel,2014
0218925,Diamond Ridge,306144.240,Natural Gas,2014
0218925,Diamond Ridge,0.000,Waste Oil,2014
0218925,Diamond Ridge,432575.000,Water at Hydroelectric Turbine,2014
0218925,Diamond Ridge,228.103,Distillate Fuel Oil,2015
0218925,Diamond Ridge,0.000,Jet Fuel,2015
0218925,Diamond Ridge,315789.997,Natural Gas,2015
0218925,Diamond Ridge,471705.000,Water at Hydroelectric Turbine,2015
0218925,Diamond Ridge,87.000,Distillate Fuel Oil,2016
0218925,Diamond Ridge,0.000,Jet Fuel,2016
0218925,Diamond Ridge,316448.000,Natural Gas,2016
0218925,Diamond Ridge,430509.000,Water at Hydroelectric Turbine,2016
0218925,Diamond Ridge,15.000,Distillate Fuel Oil,2017
0218925,Diamond Ridge,0.000,Jet Fuel,2017
0218925,Diamond Ridge,316493.000,Natural Gas,2017
0218925,Diamond Ridge,387059.000,Water at Hydroelectric Turbine,2017
0218925,Diamond Ridge,85.461,Distillate Fuel Oil,2018
0218925,Diamond Ridge,0.000,Jet Fuel,2018
0218925,Diamond Ridge,276027.539,Natural Gas,2018
0218925,Diamond Ridge,404479.000,Water at Hydroelectric Turbine,2018
0218925,Diamond Ridge,63.000,Distillate Fuel Oil,2019
0218925,Diamond Ridge,0.000,Jet Fuel,2019
0218925,Diamond Ridge,237333.000,Natural Gas,2019
0218925,Diamond Ridge,413592.000,Water at Hydroelectric Turbine,2019
0218925,Diamond Ridge,4329.915,Distillate Fuel Oil,2020
0218925,Diamond Ridge,302127.085,Natural Gas,2020
0218925,Diamond Ridge,466635.000,Water at Hydroelectric Turbine,2020
0218925,Diamond Ridge,224.000,Distillate Fuel Oil,2021
0218925,Diamond Ridge,290511.000,Natural Gas,2021
0218925,Diamond Ridge,391018.000,Water at Hydroelectric Turbine,2021
0218950,Dillingham,8984.400,Distillate Fuel Oil,2001
0218950,Dillingham,18147.300,Distillate Fuel Oil,2002
0218950,Dillingham,18618.300,Distillate Fuel Oil,2003
0218950,Dillingham,19360.500,Distillate Fuel Oil,2004
0218950,Dillingham,19318.400,Distillate Fuel Oil,2005
0218950,Dillingham,19264.500,Distillate Fuel Oil,2006
0218950,Dillingham,18525.200,Distillate Fuel Oil,2007
0218950,Dillingham,18738.500,Distillate Fuel Oil,2008
0218950,Dillingham,18730.700,Distillate Fuel Oil,2009
0218950,Dillingham,19267.450,Distillate Fuel Oil,2010
0218950,Dillingham,18919.700,Distillate Fuel Oil,2011
0218950,Dillingham,19352.000,Distillate Fuel Oil,2012
0218950,Dillingham,18504.842,Distillate Fuel Oil,2013
0218950,Dillingham,18811.000,Distillate Fuel Oil,2014
0218950,Dillingham,18511.600,Distillate Fuel Oil,2015
0218950,Dillingham,18479.200,Distillate Fuel Oil,2016
0218950,Dillingham,19143.180,Distillate Fuel Oil,2017
0218950,Dillingham,19186.147,Distillate Fuel Oil,2018
0218950,Dillingham,19189.907,Distillate Fuel Oil,2019
0218950,Dillingham,18565.575,Distillate Fuel Oil,2020
0218950,Dillingham,19099.986,Distillate Fuel Oil,2021
0219060,Diomede,278.030,Distillate Fuel Oil,2001
0219060,Diomede,517.160,Distillate Fuel Oil,2002
0219060,Diomede,525.980,Distillate Fuel Oil,2003
0219060,Diomede,512.148,Distillate Fuel Oil,2004
0219060,Diomede,505.110,Distillate Fuel Oil,2005
0219060,Diomede,469.223,Distillate Fuel Oil,2006
0219060,Diomede,429.330,Distillate Fuel Oil,2007
0219060,Diomede,441.701,Distillate Fuel Oil,2008
0219060,Diomede,477.856,Distillate Fuel Oil,2009
0219060,Diomede,487.606,Distillate Fuel Oil,2010
0219060,Diomede,477.294,Distillate Fuel Oil,2011
0219060,Diomede,551.980,Distillate Fuel Oil,2012
0219060,Diomede,452.576,Distillate Fuel Oil,2013
0219060,Diomede,111.673,Distillate Fuel Oil,2014
0219060,Diomede,90.010,Distillate Fuel Oil,2016
0219060,Diomede,543.458,Distillate Fuel Oil,2017
0219060,Diomede,224.635,Distillate Fuel Oil,2018
0219060,Diomede,306.343,Distillate Fuel Oil,2020
0219060,Diomede,398.436,Distillate Fuel Oil,2021
0219720,Dot Lake,11949.000,Distillate Fuel Oil,2001
0219720,Dot Lake,12176.150,Distillate Fuel Oil,2002
0219720,Dot Lake,12797.649,Distillate Fuel Oil,2003
0219720,Dot Lake,12799.182,Distillate Fuel Oil,2004
0219720,Dot Lake,12585.619,Distillate Fuel Oil,2005
0219720,Dot Lake,12315.840,Distillate Fuel Oil,2006
0219720,Dot Lake,12065.407,Distillate Fuel Oil,2007
0219720,Dot Lake,12041.414,Distillate Fuel Oil,2008
0219720,Dot Lake,12300.164,Distillate Fuel Oil,2009
0219720,Dot Lake,11181.825,Distillate Fuel Oil,2010
0219720,Dot Lake,10581.857,Distillate Fuel Oil,2011
0219720,Dot Lake,10290.200,Distillate Fuel Oil,2012
0219720,Dot Lake,9914.560,Distillate Fuel Oil,2013
0219720,Dot Lake,9012.120,Distillate Fuel Oil,2014
0219720,Dot Lake,9257.720,Distillate Fuel Oil,2015
0219720,Dot Lake,9366.719,Distillate Fuel Oil,2016
0219720,Dot Lake,9386.447,Distillate Fuel Oil,2017
0219720,Dot Lake,9383.041,Distillate Fuel Oil,2018
0219720,Dot Lake,9343.400,Distillate Fuel Oil,2019
0219720,Dot Lake,9987.440,Distillate Fuel Oil,2020
0219720,Dot Lake,10384.000,Distillate Fuel Oil,2021
0219720,Dot Lake,,,
0219750,Dot Lake Village,11949.000,Distillate Fuel Oil,2001
0219750,Dot Lake Village,12176.150,Distillate Fuel Oil,2002
0219750,Dot Lake Village,12797.649,Distillate Fuel Oil,2003
0219750,Dot Lake Village,12799.182,Distillate Fuel Oil,2004
0219750,Dot Lake Village,12585.619,Distillate Fuel Oil,2005
0219750,Dot Lake Village,12315.840,Distillate Fuel Oil,2006
0219750,Dot Lake Village,12065.407,Distillate Fuel Oil,2007
0219750,Dot Lake Village,12041.414,Distillate Fuel Oil,2008
0219750,Dot Lake Village,12300.164,Distillate Fuel Oil,2009
0219750,Dot Lake Village,11181.825,Distillate Fuel Oil,2010
0219750,Dot Lake Village,10581.857,Distillate Fuel Oil,2011
0219750,Dot Lake Village,10290.200,Distillate Fuel Oil,2012
0219750,Dot Lake Village,9914.560,Distillate Fuel Oil,2013
0219750,Dot Lake Village,9012.120,Distillate Fuel Oil,2014
0219750,Dot Lake Village,9257.720,Distillate Fuel Oil,2015
0219750,Dot Lake Village,9366.719,Distillate Fuel Oil,2016
0219750,Dot Lake Village,9386.447,Distillate Fuel Oil,2017
0219750,Dot Lake Village,9383.041,Distillate Fuel Oil,2018
0219750,Dot Lake Village,9343.400,Distillate Fuel Oil,2019
0219750,Dot Lake Village,9987.440,Distillate Fuel Oil,2020
0219750,Dot Lake Village,10384.000,Distillate Fuel Oil,2021
0219750,Dot Lake Village,,,
0220020,Dry Creek,11949.000,Distillate Fuel Oil,2001
0220020,Dry Creek,12176.150,Distillate Fuel Oil,2002
0220020,Dry Creek,12797.649,Distillate Fuel Oil,2003
0220020,Dry Creek,12799.182,Distillate Fuel Oil,2004
0220020,Dry Creek,12585.619,Distillate Fuel Oil,2005
0220020,Dry Creek,12315.840,Distillate Fuel Oil,2006
0220020,Dry Creek,12065.407,Distillate Fuel Oil,2007
0220020,Dry Creek,12041.414,Distillate Fuel Oil,2008
0220020,Dry Creek,12300.164,Distillate Fuel Oil,2009
0220020,Dry Creek,11181.825,Distillate Fuel Oil,2010
0220020,Dry Creek,10581.857,Distillate Fuel Oil,2011
0220020,Dry Creek,10290.200,Distillate Fuel Oil,2012
0220020,Dry Creek,9914.560,Distillate Fuel Oil,2013
0220020,Dry Creek,9012.120,Distillate Fuel Oil,2014
0220020,Dry Creek,9257.720,Distillate Fuel Oil,2015
0220020,Dry Creek,9366.719,Distillate Fuel Oil,2016
0220020,Dry Creek,9386.447,Distillate Fuel Oil,2017
0220020,Dry Creek,9383.041,Distillate Fuel Oil,2018
0220020,Dry Creek,9343.400,Distillate Fuel Oil,2019
0220020,Dry Creek,9987.440,Distillate Fuel Oil,2020
0220020,Dry Creek,10384.000,Distillate Fuel Oil,2021
0220020,Dry Creek,,,
0220380,Eagle,731.000,Distillate Fuel Oil,2001
0220380,Eagle,727.797,Distillate Fuel Oil,2002
0220380,Eagle,730.767,Distillate Fuel Oil,2003
0220380,Eagle,809.836,Distillate Fuel Oil,2004
0220380,Eagle,782.266,Distillate Fuel Oil,2005
0220380,Eagle,791.566,Distillate Fuel Oil,2006
0220380,Eagle,791.972,Distillate Fuel Oil,2007
0220380,Eagle,747.927,Distillate Fuel Oil,2008
0220380,Eagle,746.116,Distillate Fuel Oil,2009
0220380,Eagle,750.711,Distillate Fuel Oil,2010
0220380,Eagle,775.056,Distillate Fuel Oil,2011
0220380,Eagle,781.582,Distillate Fuel Oil,2012
0220380,Eagle,730.320,Distillate Fuel Oil,2013
0220380,Eagle,663.280,Distillate Fuel Oil,2014
0220380,Eagle,711.006,Distillate Fuel Oil,2015
0220380,Eagle,8.779,Solar,2015
0220380,Eagle,744.800,Distillate Fuel Oil,2016
0220380,Eagle,23.951,Solar,2016
0220380,Eagle,795.860,Distillate Fuel Oil,2017
0220380,Eagle,25.060,Solar,2017
0220380,Eagle,818.720,Distillate Fuel Oil,2018
0220380,Eagle,24.343,Solar,2018
0220380,Eagle,807.120,Distillate Fuel Oil,2019
0220380,Eagle,23.573,Solar,2019
0220380,Eagle,849.040,Distillate Fuel Oil,2020
0220380,Eagle,26.427,Solar,2020
0220380,Eagle,866.178,Distillate Fuel Oil,2021
0220380,Eagle,10.474,Solar,2021
0220600,Eagle Village,731.000,Distillate Fuel Oil,2001
0220600,Eagle Village,727.797,Distillate Fuel Oil,2002
0220600,Eagle Village,730.767,Distillate Fuel Oil,2003
0220600,Eagle Village,809.836,Distillate Fuel Oil,2004
0220600,Eagle Village,782.266,Distillate Fuel Oil,2005
0220600,Eagle Village,791.566,Distillate Fuel Oil,2006
0220600,Eagle Village,791.972,Distillate Fuel Oil,2007
0220600,Eagle Village,747.927,Distillate Fuel Oil,2008
0220600,Eagle Village,746.116,Distillate Fuel Oil,2009
0220600,Eagle Village,750.711,Distillate Fuel Oil,2010
0220600,Eagle Village,775.056,Distillate Fuel Oil,2011
0220600,Eagle Village,781.582,Distillate Fuel Oil,2012
0220600,Eagle Village,730.320,Distillate Fuel Oil,2013
0220600,Eagle Village,663.280,Distillate Fuel Oil,2014
0220600,Eagle Village,711.006,Distillate Fuel Oil,2015
0220600,Eagle Village,8.779,Solar,2015
0220600,Eagle Village,744.800,Distillate Fuel Oil,2016
0220600,Eagle Village,23.951,Solar,2016
0220600,Eagle Village,795.860,Distillate Fuel Oil,2017
0220600,Eagle Village,25.060,Solar,2017
0220600,Eagle Village,818.720,Distillate Fuel Oil,2018
0220600,Eagle Village,24.343,Solar,2018
0220600,Eagle Village,807.120,Distillate Fuel Oil,2019
0220600,Eagle Village,23.573,Solar,2019
0220600,Eagle Village,849.040,Distillate Fuel Oil,2020
0220600,Eagle Village,26.427,Solar,2020
0220600,Eagle Village,866.178,Distillate Fuel Oil,2021
0220600,Eagle Village,10.474,Solar,2021
0220716,Eareckson Station,,,
0220970,Edna Bay,,,
0221040,Eek,685.000,Distillate Fuel Oil,2001
0221040,Eek,683.683,Distillate Fuel Oil,2002
0221040,Eek,698.637,Distillate Fuel Oil,2003
0221040,Eek,723.123,Distillate Fuel Oil,2004
0221040,Eek,741.835,Distillate Fuel Oil,2005
0221040,Eek,777.086,Distillate Fuel Oil,2006
0221040,Eek,785.179,Distillate Fuel Oil,2007
0221040,Eek,778.980,Distillate Fuel Oil,2008
0221040,Eek,772.293,Distillate Fuel Oil,2009
0221040,Eek,782.961,Distillate Fuel Oil,2010
0221040,Eek,798.138,Distillate Fuel Oil,2011
0221040,Eek,831.458,Distillate Fuel Oil,2012
0221040,Eek,843.736,Distillate Fuel Oil,2013
0221040,Eek,850.501,Distillate Fuel Oil,2014
0221040,Eek,879.540,Distillate Fuel Oil,2015
0221040,Eek,953.693,Distillate Fuel Oil,2016
0221040,Eek,923.610,Distillate Fuel Oil,2017
0221040,Eek,961.739,Distillate Fuel Oil,2018
0221040,Eek,986.257,Distillate Fuel Oil,2019
0221040,Eek,1060.417,Distillate Fuel Oil,2020
0221040,Eek,1221.074,Distillate Fuel Oil,2021
0221150,Egegik,821.001,Distillate Fuel Oil,2001
0221150,Egegik,682.065,Distillate Fuel Oil,2002
0221150,Egegik,696.800,Distillate Fuel Oil,2003
0221150,Egegik,242.892,Distillate Fuel Oil,2004
0221150,Egegik,763.151,Distillate Fuel Oil,2005
0221150,Egegik,706.989,Distillate Fuel Oil,2006
0221150,Egegik,749.000,Distillate Fuel Oil,2007
0221150,Egegik,721.000,Distillate Fuel Oil,2008
0221150,Egegik,684.000,Distillate Fuel Oil,2009
0221150,Egegik,763.000,Distillate Fuel Oil,2010
0221150,Egegik,583.250,Distillate Fuel Oil,2011
0221150,Egegik,611.300,Distillate Fuel Oil,2012
0221150,Egegik,610.519,Distillate Fuel Oil,2013
0221150,Egegik,674.020,Distillate Fuel Oil,2014
0221150,Egegik,642.311,Distillate Fuel Oil,2015
0221150,Egegik,542.530,Distillate Fuel Oil,2016
0221150,Egegik,586.159,Distillate Fuel Oil,2017
0221150,Egegik,627.318,Distillate Fuel Oil,2018
0221150,Egegik,622.503,Distillate Fuel Oil,2019
0221150,Egegik,677.785,Distillate Fuel Oil,2020
0221150,Egegik,647.868,Distillate Fuel Oil,2021
0221370,Eielson AFB,320199.883,Coal,2001
0221370,Eielson AFB,10180.000,Distillate Fuel Oil,2001
0221370,Eielson AFB,579967.000,Residual Fuel Oil,2001
0221370,Eielson AFB,481090.841,Coal,2002
0221370,Eielson AFB,17426.909,Distillate Fuel Oil,2002
0221370,Eielson AFB,546300.000,Residual Fuel Oil,2002
0221370,Eielson AFB,32.000,Waste Oil,2002
0221370,Eielson AFB,1031.000,Wood Waste Solids,2002
0221370,Eielson AFB,456747.980,Coal,2003
0221370,Eielson AFB,6308.990,Distillate Fuel Oil,2003
0221370,Eielson AFB,453733.000,Residual Fuel Oil,2003
0221370,Eielson AFB,64.000,Waste Oil,2003
0221370,Eielson AFB,758.001,Wood Waste Solids,2003
0221370,Eielson AFB,519938.432,Coal,2004
0221370,Eielson AFB,9963.938,Distillate Fuel Oil,2004
0221370,Eielson AFB,360379.000,Residual Fuel Oil,2004
0221370,Eielson AFB,0.000,Waste Oil,2004
0221370,Eielson AFB,388.500,Wood Waste Solids,2004
0221370,Eielson AFB,525017.007,Coal,2005
0221370,Eielson AFB,2907.565,Distillate Fuel Oil,2005
0221370,Eielson AFB,360562.000,Residual Fuel Oil,2005
0221370,Eielson AFB,0.000,Waste Oil,2005
0221370,Eielson AFB,382.565,Wood Waste Solids,2005
0221370,Eielson AFB,532341.253,Coal,2006
0221370,Eielson AFB,3215.258,Distillate Fuel Oil,2006
0221370,Eielson AFB,337599.000,Residual Fuel Oil,2006
0221370,Eielson AFB,0.000,Waste Oil,2006
0221370,Eielson AFB,515.509,Wood Waste Solids,2006
0221370,Eielson AFB,538127.163,Coal,2007
0221370,Eielson AFB,5102.496,Distillate Fuel Oil,2007
0221370,Eielson AFB,284406.908,Jet Fuel,2007
0221370,Eielson AFB,436.577,Natural Gas,2007
0221370,Eielson AFB,266301.606,Residual Fuel Oil,2007
0221370,Eielson AFB,0.000,Waste Oil,2007
0221370,Eielson AFB,21.755,Wood Waste Solids,2007
0221370,Eielson AFB,512423.237,Coal,2008
0221370,Eielson AFB,5916.308,Distillate Fuel Oil,2008
0221370,Eielson AFB,387339.730,Jet Fuel,2008
0221370,Eielson AFB,0.000,Natural Gas,2008
0221370,Eielson AFB,126668.178,Residual Fuel Oil,2008
0221370,Eielson AFB,0.000,Wood Waste Solids,2008
0221370,Eielson AFB,515890.711,Coal,2009
0221370,Eielson AFB,7005.089,Distillate Fuel Oil,2009
0221370,Eielson AFB,370545.007,Jet Fuel,2009
0221370,Eielson AFB,0.000,Natural Gas,2009
0221370,Eielson AFB,343136.891,Residual Fuel Oil,2009
0221370,Eielson AFB,463538.211,Coal,2010
0221370,Eielson AFB,7652.130,Distillate Fuel Oil,2010
0221370,Eielson AFB,0.000,Jet Fuel,2010
0221370,Eielson AFB,639.868,Natural Gas,2010
0221370,Eielson AFB,192178.603,Residual Fuel Oil,2010
0221370,Eielson AFB,423964.882,Coal,2011
0221370,Eielson AFB,3653.416,Distillate Fuel Oil,2011
0221370,Eielson AFB,155547.000,Jet Fuel,2011
0221370,Eielson AFB,2837.823,Natural Gas,2011
0221370,Eielson AFB,102593.325,Residual Fuel Oil,2011
0221370,Eielson AFB,463815.730,Coal,2012
0221370,Eielson AFB,5994.123,Distillate Fuel Oil,2012
0221370,Eielson AFB,197942.000,Jet Fuel,2012
0221370,Eielson AFB,2683.523,Natural Gas,2012
0221370,Eielson AFB,175535.364,Residual Fuel Oil,2012
0221370,Eielson AFB,374005.564,Coal,2013
0221370,Eielson AFB,3916.995,Distillate Fuel Oil,2013
0221370,Eielson AFB,91958.000,Jet Fuel,2013
0221370,Eielson AFB,5000.441,Natural Gas,2013
0221370,Eielson AFB,33991.362,Residual Fuel Oil,2013
0221370,Eielson AFB,72610.000,Wind,2013
0221370,Eielson AFB,0.000,Wood Waste Solids,2013
0221370,Eielson AFB,376282.303,Coal,2014
0221370,Eielson AFB,1508.242,Distillate Fuel Oil,2014
0221370,Eielson AFB,131279.730,Jet Fuel,2014
0221370,Eielson AFB,2161.112,Natural Gas,2014
0221370,Eielson AFB,47426.548,Residual Fuel Oil,2014
0221370,Eielson AFB,76279.000,Wind,2014
0221370,Eielson AFB,0.000,Wood Waste Solids,2014
0221370,Eielson AFB,432567.508,Coal,2015
0221370,Eielson AFB,14837.204,Distillate Fuel Oil,2015
0221370,Eielson AFB,0.000,Jet Fuel,2015
0221370,Eielson AFB,0.000,Natural Gas,2015
0221370,Eielson AFB,48522.553,Residual Fuel Oil,2015
0221370,Eielson AFB,163960.164,Waste Oil,2015
0221370,Eielson AFB,76784.000,Wind,2015
0221370,Eielson AFB,0.000,Wood Waste Solids,2015
0221370,Eielson AFB,395864.156,Coal,2016
0221370,Eielson AFB,46782.391,Distillate Fuel Oil,2016
0221370,Eielson AFB,-2392.000,Electricity used for Energy Storage,2016
0221370,Eielson AFB,0.000,Jet Fuel,2016
0221370,Eielson AFB,1129.934,Natural Gas,2016
0221370,Eielson AFB,0.000,Residual Fuel Oil,2016
0221370,Eielson AFB,48474.738,Waste Oil,2016
0221370,Eielson AFB,78291.000,Wind,2016
0221370,Eielson AFB,0.000,Wood Waste Solids,2016
0221370,Eielson AFB,356409.011,Coal,2017
0221370,Eielson AFB,70874.044,Distillate Fuel Oil,2017
0221370,Eielson AFB,-2711.000,Electricity used for Energy Storage,2017
0221370,Eielson AFB,0.000,Jet Fuel,2017
0221370,Eielson AFB,554.666,Natural Gas,2017
0221370,Eielson AFB,0.000,Residual Fuel Oil,2017
0221370,Eielson AFB,144787.681,Waste Oil,2017
0221370,Eielson AFB,64121.000,Wind,2017
0221370,Eielson AFB,0.000,Wood Waste Solids,2017
0221370,Eielson AFB,392019.635,Coal,2018
0221370,Eielson AFB,64419.043,Distillate Fuel Oil,2018
0221370,Eielson AFB,-2428.000,Electricity used for Energy Storage,2018
0221370,Eielson AFB,0.000,Jet Fuel,2018
0221370,Eielson AFB,0.000,Natural Gas,2018
0221370,Eielson AFB,0.000,Residual Fuel Oil,2018
0221370,Eielson AFB,82114.648,Waste Oil,2018
0221370,Eielson AFB,70012.000,Wind,2018
0221370,Eielson AFB,0.000,Wood Waste Solids,2018
0221370,Eielson AFB,0.000,Agricultural By-Products,2019
0221370,Eielson AFB,481171.537,Coal,2019
0221370,Eielson AFB,28027.598,Distillate Fuel Oil,2019
0221370,Eielson AFB,-3280.000,Electricity used for Energy Storage,2019
0221370,Eielson AFB,2627.119,Jet Fuel,2019
0221370,Eielson AFB,0.080,Natural Gas,2019
0221370,Eielson AFB,0.000,Residual Fuel Oil,2019
0221370,Eielson AFB,164462.097,Waste Oil,2019
0221370,Eielson AFB,64076.000,Wind,2019
0221370,Eielson AFB,0.000,Wood Waste Solids,2019
0221370,Eielson AFB,466648.747,Coal,2020
0221370,Eielson AFB,153461.063,Distillate Fuel Oil,2020
0221370,Eielson AFB,-2810.000,Electricity used for Energy Storage,2020
0221370,Eielson AFB,2081.775,Jet Fuel,2020
0221370,Eielson AFB,6.054,Natural Gas,2020
0221370,Eielson AFB,211433.728,Waste Oil,2020
0221370,Eielson AFB,49937.000,Wind,2020
0221370,Eielson AFB,503966.256,Coal,2021
0221370,Eielson AFB,88907.304,Distillate Fuel Oil,2021
0221370,Eielson AFB,-3433.000,Electricity used for Energy Storage,2021
0221370,Eielson AFB,671.883,Jet Fuel,2021
0221370,Eielson AFB,3.471,Natural Gas,2021
0221370,Eielson AFB,184970.610,Waste Oil,2021
0221370,Eielson AFB,60302.000,Wind,2021
0221370,Eielson AFB,,,
0221810,Ekwok,,,
0222140,Elfin Cove,169.000,Distillate Fuel Oil,2001
0222140,Elfin Cove,378.100,Distillate Fuel Oil,2002
0222140,Elfin Cove,353.185,Distillate Fuel Oil,2003
0222140,Elfin Cove,387.727,Distillate Fuel Oil,2004
0222140,Elfin Cove,344.557,Distillate Fuel Oil,2005
0222140,Elfin Cove,342.883,Distillate Fuel Oil,2006
0222140,Elfin Cove,364.829,Distillate Fuel Oil,2007
0222140,Elfin Cove,377.150,Distillate Fuel Oil,2008
0222140,Elfin Cove,339.609,Distillate Fuel Oil,2009
0222140,Elfin Cove,325.810,Distillate Fuel Oil,2010
0222140,Elfin Cove,297.580,Distillate Fuel Oil,2011
0222140,Elfin Cove,296.444,Distillate Fuel Oil,2012
0222140,Elfin Cove,279.073,Distillate Fuel Oil,2013
0222140,Elfin Cove,279.623,Distillate Fuel Oil,2014
0222140,Elfin Cove,315.240,Distillate Fuel Oil,2015
0222140,Elfin Cove,316.791,Distillate Fuel Oil,2016
0222140,Elfin Cove,335.347,Distillate Fuel Oil,2017
0222140,Elfin Cove,337.005,Distillate Fuel Oil,2018
0222140,Elfin Cove,320.921,Distillate Fuel Oil,2019
0222140,Elfin Cove,302.805,Distillate Fuel Oil,2020
0222140,Elfin Cove,374.821,Distillate Fuel Oil,2021
0222250,Elim,1023.000,Distillate Fuel Oil,2001
0222250,Elim,1249.029,Distillate Fuel Oil,2002
0222250,Elim,1270.541,Distillate Fuel Oil,2003
0222250,Elim,1205.250,Distillate Fuel Oil,2004
0222250,Elim,1160.809,Distillate Fuel Oil,2005
0222250,Elim,1146.151,Distillate Fuel Oil,2006
0222250,Elim,1105.662,Distillate Fuel Oil,2007
0222250,Elim,1092.873,Distillate Fuel Oil,2008
0222250,Elim,1123.447,Distillate Fuel Oil,2009
0222250,Elim,1152.814,Distillate Fuel Oil,2010
0222250,Elim,1175.293,Distillate Fuel Oil,2011
0222250,Elim,1198.236,Distillate Fuel Oil,2012
0222250,Elim,1206.575,Distillate Fuel Oil,2013
0222250,Elim,1215.857,Distillate Fuel Oil,2014
0222250,Elim,1263.825,Distillate Fuel Oil,2015
0222250,Elim,1294.366,Distillate Fuel Oil,2016
0222250,Elim,1284.955,Distillate Fuel Oil,2017
0222250,Elim,1333.804,Distillate Fuel Oil,2018
0222250,Elim,1293.673,Distillate Fuel Oil,2019
0222250,Elim,1273.416,Distillate Fuel Oil,2020
0222250,Elim,1371.323,Distillate Fuel Oil,2021
0222910,Emmonak,2383.000,Distillate Fuel Oil,2001
0222910,Emmonak,2515.455,Distillate Fuel Oil,2002
0222910,Emmonak,2737.556,Distillate Fuel Oil,2003
0222910,Emmonak,2844.924,Distillate Fuel Oil,2004
0222910,Emmonak,2768.916,Distillate Fuel Oil,2005
0222910,Emmonak,2849.806,Distillate Fuel Oil,2006
0222910,Emmonak,2927.118,Distillate Fuel Oil,2007
0222910,Emmonak,2952.901,Distillate Fuel Oil,2008
0222910,Emmonak,3088.097,Distillate Fuel Oil,2009
0222910,Emmonak,3157.199,Distillate Fuel Oil,2010
0222910,Emmonak,3139.739,Distillate Fuel Oil,2011
0222910,Emmonak,80.325,Wind,2011
0222910,Emmonak,2932.261,Distillate Fuel Oil,2012
0222910,Emmonak,504.832,Wind,2012
0222910,Emmonak,3250.049,Distillate Fuel Oil,2013
0222910,Emmonak,516.743,Wind,2013
0222910,Emmonak,3475.780,Distillate Fuel Oil,2014
0222910,Emmonak,506.189,Wind,2014
0222910,Emmonak,3580.176,Distillate Fuel Oil,2015
0222910,Emmonak,337.661,Wind,2015
0222910,Emmonak,4007.925,Distillate Fuel Oil,2016
0222910,Emmonak,741.977,Wind,2016
0222910,Emmonak,5343.970,Distillate Fuel Oil,2017
0222910,Emmonak,379.232,Wind,2017
0222910,Emmonak,5437.896,Distillate Fuel Oil,2018
0222910,Emmonak,394.718,Wind,2018
0222910,Emmonak,5464.327,Distillate Fuel Oil,2019
0222910,Emmonak,500.673,Wind,2019
0222910,Emmonak,5061.163,Distillate Fuel Oil,2020
0222910,Emmonak,513.132,Wind,2020
0222910,Emmonak,5355.709,Distillate Fuel Oil,2021
0222910,Emmonak,563.277,Wind,2021
0223460,Ester,320199.883,Coal,2001
0223460,Ester,10180.000,Distillate Fuel Oil,2001
0223460,Ester,579967.000,Residual Fuel Oil,2001
0223460,Ester,481090.841,Coal,2002
0223460,Ester,17426.909,Distillate Fuel Oil,2002
0223460,Ester,546300.000,Residual Fuel Oil,2002
0223460,Ester,32.000,Waste Oil,2002
0223460,Ester,1031.000,Wood Waste Solids,2002
0223460,Ester,456747.980,Coal,2003
0223460,Ester,6308.990,Distillate Fuel Oil,2003
0223460,Ester,453733.000,Residual Fuel Oil,2003
0223460,Ester,64.000,Waste Oil,2003
0223460,Ester,758.001,Wood Waste Solids,2003
0223460,Ester,519938.432,Coal,2004
0223460,Ester,9963.938,Distillate Fuel Oil,2004
0223460,Ester,360379.000,Residual Fuel Oil,2004
0223460,Ester,0.000,Waste Oil,2004
0223460,Ester,388.500,Wood Waste Solids,2004
0223460,Ester,525017.007,Coal,2005
0223460,Ester,2907.565,Distillate Fuel Oil,2005
0223460,Ester,360562.000,Residual Fuel Oil,2005
0223460,Ester,0.000,Waste Oil,2005
0223460,Ester,382.565,Wood Waste Solids,2005
0223460,Ester,532341.253,Coal,2006
0223460,Ester,3215.258,Distillate Fuel Oil,2006
0223460,Ester,337599.000,Residual Fuel Oil,2006
0223460,Ester,0.000,Waste Oil,2006
0223460,Ester,515.509,Wood Waste Solids,2006
0223460,Ester,538127.163,Coal,2007
0223460,Ester,5102.496,Distillate Fuel Oil,2007
0223460,Ester,284406.908,Jet Fuel,2007
0223460,Ester,436.577,Natural Gas,2007
0223460,Ester,266301.606,Residual Fuel Oil,2007
0223460,Ester,0.000,Waste Oil,2007
0223460,Ester,21.755,Wood Waste Solids,2007
0223460,Ester,512423.237,Coal,2008
0223460,Ester,5916.308,Distillate Fuel Oil,2008
0223460,Ester,387339.730,Jet Fuel,2008
0223460,Ester,0.000,Natural Gas,2008
0223460,Ester,126668.178,Residual Fuel Oil,2008
0223460,Ester,0.000,Wood Waste Solids,2008
0223460,Ester,515890.711,Coal,2009
0223460,Ester,7005.089,Distillate Fuel Oil,2009
0223460,Ester,370545.007,Jet Fuel,2009
0223460,Ester,0.000,Natural Gas,2009
0223460,Ester,343136.891,Residual Fuel Oil,2009
0223460,Ester,463538.211,Coal,2010
0223460,Ester,7652.130,Distillate Fuel Oil,2010
0223460,Ester,0.000,Jet Fuel,2010
0223460,Ester,639.868,Natural Gas,2010
0223460,Ester,192178.603,Residual Fuel Oil,2010
0223460,Ester,423964.882,Coal,2011
0223460,Ester,3653.416,Distillate Fuel Oil,2011
0223460,Ester,155547.000,Jet Fuel,2011
0223460,Ester,2837.823,Natural Gas,2011
0223460,Ester,102593.325,Residual Fuel Oil,2011
0223460,Ester,463815.730,Coal,2012
0223460,Ester,5994.123,Distillate Fuel Oil,2012
0223460,Ester,197942.000,Jet Fuel,2012
0223460,Ester,2683.523,Natural Gas,2012
0223460,Ester,175535.364,Residual Fuel Oil,2012
0223460,Ester,374005.564,Coal,2013
0223460,Ester,3916.995,Distillate Fuel Oil,2013
0223460,Ester,91958.000,Jet Fuel,2013
0223460,Ester,5000.441,Natural Gas,2013
0223460,Ester,33991.362,Residual Fuel Oil,2013
0223460,Ester,72610.000,Wind,2013
0223460,Ester,0.000,Wood Waste Solids,2013
0223460,Ester,376282.303,Coal,2014
0223460,Ester,1508.242,Distillate Fuel Oil,2014
0223460,Ester,131279.730,Jet Fuel,2014
0223460,Ester,2161.112,Natural Gas,2014
0223460,Ester,47426.548,Residual Fuel Oil,2014
0223460,Ester,76279.000,Wind,2014
0223460,Ester,0.000,Wood Waste Solids,2014
0223460,Ester,432567.508,Coal,2015
0223460,Ester,14837.204,Distillate Fuel Oil,2015
0223460,Ester,0.000,Jet Fuel,2015
0223460,Ester,0.000,Natural Gas,2015
0223460,Ester,48522.553,Residual Fuel Oil,2015
0223460,Ester,163960.164,Waste Oil,2015
0223460,Ester,76784.000,Wind,2015
0223460,Ester,0.000,Wood Waste Solids,2015
0223460,Ester,395864.156,Coal,2016
0223460,Ester,46782.391,Distillate Fuel Oil,2016
0223460,Ester,-2392.000,Electricity used for Energy Storage,2016
0223460,Ester,0.000,Jet Fuel,2016
0223460,Ester,1129.934,Natural Gas,2016
0223460,Ester,0.000,Residual Fuel Oil,2016
0223460,Ester,48474.738,Waste Oil,2016
0223460,Ester,78291.000,Wind,2016
0223460,Ester,0.000,Wood Waste Solids,2016
0223460,Ester,356409.011,Coal,2017
0223460,Ester,70874.044,Distillate Fuel Oil,2017
0223460,Ester,-2711.000,Electricity used for Energy Storage,2017
0223460,Ester,0.000,Jet Fuel,2017
0223460,Ester,554.666,Natural Gas,2017
0223460,Ester,0.000,Residual Fuel Oil,2017
0223460,Ester,144787.681,Waste Oil,2017
0223460,Ester,64121.000,Wind,2017
0223460,Ester,0.000,Wood Waste Solids,2017
0223460,Ester,392019.635,Coal,2018
0223460,Ester,64419.043,Distillate Fuel Oil,2018
0223460,Ester,-2428.000,Electricity used for Energy Storage,2018
0223460,Ester,0.000,Jet Fuel,2018
0223460,Ester,0.000,Natural Gas,2018
0223460,Ester,0.000,Residual Fuel Oil,2018
0223460,Ester,82114.648,Waste Oil,2018
0223460,Ester,70012.000,Wind,2018
0223460,Ester,0.000,Wood Waste Solids,2018
0223460,Ester,0.000,Agricultural By-Products,2019
0223460,Ester,481171.537,Coal,2019
0223460,Ester,28027.598,Distillate Fuel Oil,2019
0223460,Ester,-3280.000,Electricity used for Energy Storage,2019
0223460,Ester,2627.119,Jet Fuel,2019
0223460,Ester,0.080,Natural Gas,2019
0223460,Ester,0.000,Residual Fuel Oil,2019
0223460,Ester,164462.097,Waste Oil,2019
0223460,Ester,64076.000,Wind,2019
0223460,Ester,0.000,Wood Waste Solids,2019
0223460,Ester,466648.747,Coal,2020
0223460,Ester,153461.063,Distillate Fuel Oil,2020
0223460,Ester,-2810.000,Electricity used for Energy Storage,2020
0223460,Ester,2081.775,Jet Fuel,2020
0223460,Ester,6.054,Natural Gas,2020
0223460,Ester,211433.728,Waste Oil,2020
0223460,Ester,49937.000,Wind,2020
0223460,Ester,503966.256,Coal,2021
0223460,Ester,88907.304,Distillate Fuel Oil,2021
0223460,Ester,-3433.000,Electricity used for Energy Storage,2021
0223460,Ester,671.883,Jet Fuel,2021
0223460,Ester,3.471,Natural Gas,2021
0223460,Ester,184970.610,Waste Oil,2021
0223460,Ester,60302.000,Wind,2021
0223460,Ester,,,
0223720,Eureka Roadhouse,19012.999,Distillate Fuel Oil,2001
0223720,Eureka Roadhouse,50788.001,Water at Hydroelectric Turbine,2001
0223720,Eureka Roadhouse,11380.999,Distillate Fuel Oil,2002
0223720,Eureka Roadhouse,0.000,Jet Fuel,2002
0223720,Eureka Roadhouse,18565.000,Waste Oil,2002
0223720,Eureka Roadhouse,56651.000,Water at Hydroelectric Turbine,2002
0223720,Eureka Roadhouse,9009.296,Distillate Fuel Oil,2003
0223720,Eureka Roadhouse,21484.001,Jet Fuel,2003
0223720,Eureka Roadhouse,52811.998,Water at Hydroelectric Turbine,2003
0223720,Eureka Roadhouse,10104.640,Distillate Fuel Oil,2004
0223720,Eureka Roadhouse,21429.000,Jet Fuel,2004
0223720,Eureka Roadhouse,51353.001,Water at Hydroelectric Turbine,2004
0223720,Eureka Roadhouse,12625.558,Distillate Fuel Oil,2005
0223720,Eureka Roadhouse,20519.000,Jet Fuel,2005
0223720,Eureka Roadhouse,49426.999,Water at Hydroelectric Turbine,2005
0223720,Eureka Roadhouse,10526.475,Distillate Fuel Oil,2006
0223720,Eureka Roadhouse,19680.001,Jet Fuel,2006
0223720,Eureka Roadhouse,54916.999,Water at Hydroelectric Turbine,2006
0223720,Eureka Roadhouse,14456.820,Distillate Fuel Oil,2007
0223720,Eureka Roadhouse,32393.999,Jet Fuel,2007
0223720,Eureka Roadhouse,34556.000,Water at Hydroelectric Turbine,2007
0223720,Eureka Roadhouse,7705.000,Distillate Fuel Oil,2008
0223720,Eureka Roadhouse,24031.000,Jet Fuel,2008
0223720,Eureka Roadhouse,47429.000,Water at Hydroelectric Turbine,2008
0223720,Eureka Roadhouse,12229.725,Distillate Fuel Oil,2009
0223720,Eureka Roadhouse,6756.000,Jet Fuel,2009
0223720,Eureka Roadhouse,44988.000,Water at Hydroelectric Turbine,2009
0223720,Eureka Roadhouse,5850.405,Distillate Fuel Oil,2010
0223720,Eureka Roadhouse,30043.000,Jet Fuel,2010
0223720,Eureka Roadhouse,44758.000,Water at Hydroelectric Turbine,2010
0223720,Eureka Roadhouse,15160.000,Distillate Fuel Oil,2011
0223720,Eureka Roadhouse,17519.000,Jet Fuel,2011
0223720,Eureka Roadhouse,46189.000,Water at Hydroelectric Turbine,2011
0223720,Eureka Roadhouse,14645.108,Distillate Fuel Oil,2012
0223720,Eureka Roadhouse,29655.000,Jet Fuel,2012
0223720,Eureka Roadhouse,44135.000,Water at Hydroelectric Turbine,2012
0223720,Eureka Roadhouse,15495.027,Distillate Fuel Oil,2013
0223720,Eureka Roadhouse,0.000,Jet Fuel,2013
0223720,Eureka Roadhouse,17027.000,Waste Oil,2013
0223720,Eureka Roadhouse,54750.000,Water at Hydroelectric Turbine,2013
0223720,Eureka Roadhouse,9933.580,Distillate Fuel Oil,2014
0223720,Eureka Roadhouse,0.000,Jet Fuel,2014
0223720,Eureka Roadhouse,21217.000,Waste Oil,2014
0223720,Eureka Roadhouse,54955.000,Water at Hydroelectric Turbine,2014
0223720,Eureka Roadhouse,9040.578,Distillate Fuel Oil,2015
0223720,Eureka Roadhouse,0.000,Jet Fuel,2015
0223720,Eureka Roadhouse,21316.000,Waste Oil,2015
0223720,Eureka Roadhouse,55982.000,Water at Hydroelectric Turbine,2015
0223720,Eureka Roadhouse,11183.989,Distillate Fuel Oil,2016
0223720,Eureka Roadhouse,0.000,Jet Fuel,2016
0223720,Eureka Roadhouse,17636.000,Waste Oil,2016
0223720,Eureka Roadhouse,55731.000,Water at Hydroelectric Turbine,2016
0223720,Eureka Roadhouse,10387.013,Distillate Fuel Oil,2017
0223720,Eureka Roadhouse,0.000,Jet Fuel,2017
0223720,Eureka Roadhouse,21411.000,Waste Oil,2017
0223720,Eureka Roadhouse,56473.000,Water at Hydroelectric Turbine,2017
0223720,Eureka Roadhouse,9662.000,Distillate Fuel Oil,2018
0223720,Eureka Roadhouse,0.000,Jet Fuel,2018
0223720,Eureka Roadhouse,16993.000,Waste Oil,2018
0223720,Eureka Roadhouse,65164.000,Water at Hydroelectric Turbine,2018
0223720,Eureka Roadhouse,6062.000,Distillate Fuel Oil,2019
0223720,Eureka Roadhouse,0.000,Jet Fuel,2019
0223720,Eureka Roadhouse,17823.000,Waste Oil,2019
0223720,Eureka Roadhouse,72333.000,Water at Hydroelectric Turbine,2019
0223720,Eureka Roadhouse,10486.000,Distillate Fuel Oil,2020
0223720,Eureka Roadhouse,23442.000,Waste Oil,2020
0223720,Eureka Roadhouse,54317.000,Water at Hydroelectric Turbine,2020
0223720,Eureka Roadhouse,12132.000,Distillate Fuel Oil,2021
0223720,Eureka Roadhouse,25547.000,Waste Oil,2021
0223720,Eureka Roadhouse,58733.000,Water at Hydroelectric Turbine,2021
0223790,Evansville,812.000,Distillate Fuel Oil,2001
0223790,Evansville,782.128,Distillate Fuel Oil,2002
0223790,Evansville,731.542,Distillate Fuel Oil,2003
0223790,Evansville,671.561,Distillate Fuel Oil,2004
0223790,Evansville,657.112,Distillate Fuel Oil,2005
0223790,Evansville,636.139,Distillate Fuel Oil,2006
0223790,Evansville,610.499,Distillate Fuel Oil,2007
0223790,Evansville,646.697,Distillate Fuel Oil,2008
0223790,Evansville,614.894,Distillate Fuel Oil,2009
0223790,Evansville,609.869,Distillate Fuel Oil,2010
0223790,Evansville,574.790,Distillate Fuel Oil,2011
0223790,Evansville,584.001,Distillate Fuel Oil,2012
0223790,Evansville,574.741,Distillate Fuel Oil,2013
0223790,Evansville,557.697,Distillate Fuel Oil,2014
0223790,Evansville,537.300,Distillate Fuel Oil,2015
0223790,Evansville,519.400,Distillate Fuel Oil,2016
0223790,Evansville,545.200,Distillate Fuel Oil,2017
0223790,Evansville,538.300,Distillate Fuel Oil,2018
0223790,Evansville,475.700,Distillate Fuel Oil,2019
0223790,Evansville,489.100,Distillate Fuel Oil,2020
0223790,Evansville,517.500,Distillate Fuel Oil,2021
0223900,Excursion Inlet,,,
0224230,Fairbanks,320199.883,Coal,2001
0224230,Fairbanks,10180.000,Distillate Fuel Oil,2001
0224230,Fairbanks,579967.000,Residual Fuel Oil,2001
0224230,Fairbanks,481090.841,Coal,2002
0224230,Fairbanks,17426.909,Distillate Fuel Oil,2002
0224230,Fairbanks,546300.000,Residual Fuel Oil,2002
0224230,Fairbanks,32.000,Waste Oil,2002
0224230,Fairbanks,1031.000,Wood Waste Solids,2002
0224230,Fairbanks,456747.980,Coal,2003
0224230,Fairbanks,6308.990,Distillate Fuel Oil,2003
0224230,Fairbanks,453733.000,Residual Fuel Oil,2003
0224230,Fairbanks,64.000,Waste Oil,2003
0224230,Fairbanks,758.001,Wood Waste Solids,2003
0224230,Fairbanks,519938.432,Coal,2004
0224230,Fairbanks,9963.938,Distillate Fuel Oil,2004
0224230,Fairbanks,360379.000,Residual Fuel Oil,2004
0224230,Fairbanks,0.000,Waste Oil,2004
0224230,Fairbanks,388.500,Wood Waste Solids,2004
0224230,Fairbanks,525017.007,Coal,2005
0224230,Fairbanks,2907.565,Distillate Fuel Oil,2005
0224230,Fairbanks,360562.000,Residual Fuel Oil,2005
0224230,Fairbanks,0.000,Waste Oil,2005
0224230,Fairbanks,382.565,Wood Waste Solids,2005
0224230,Fairbanks,532341.253,Coal,2006
0224230,Fairbanks,3215.258,Distillate Fuel Oil,2006
0224230,Fairbanks,337599.000,Residual Fuel Oil,2006
0224230,Fairbanks,0.000,Waste Oil,2006
0224230,Fairbanks,515.509,Wood Waste Solids,2006
0224230,Fairbanks,538127.163,Coal,2007
0224230,Fairbanks,5102.496,Distillate Fuel Oil,2007
0224230,Fairbanks,284406.908,Jet Fuel,2007
0224230,Fairbanks,436.577,Natural Gas,2007
0224230,Fairbanks,266301.606,Residual Fuel Oil,2007
0224230,Fairbanks,0.000,Waste Oil,2007
0224230,Fairbanks,21.755,Wood Waste Solids,2007
0224230,Fairbanks,512423.237,Coal,2008
0224230,Fairbanks,5916.308,Distillate Fuel Oil,2008
0224230,Fairbanks,387339.730,Jet Fuel,2008
0224230,Fairbanks,0.000,Natural Gas,2008
0224230,Fairbanks,126668.178,Residual Fuel Oil,2008
0224230,Fairbanks,0.000,Wood Waste Solids,2008
0224230,Fairbanks,515890.711,Coal,2009
0224230,Fairbanks,7005.089,Distillate Fuel Oil,2009
0224230,Fairbanks,370545.007,Jet Fuel,2009
0224230,Fairbanks,0.000,Natural Gas,2009
0224230,Fairbanks,343136.891,Residual Fuel Oil,2009
0224230,Fairbanks,463538.211,Coal,2010
0224230,Fairbanks,7652.130,Distillate Fuel Oil,2010
0224230,Fairbanks,0.000,Jet Fuel,2010
0224230,Fairbanks,639.868,Natural Gas,2010
0224230,Fairbanks,192178.603,Residual Fuel Oil,2010
0224230,Fairbanks,423964.882,Coal,2011
0224230,Fairbanks,3653.416,Distillate Fuel Oil,2011
0224230,Fairbanks,155547.000,Jet Fuel,2011
0224230,Fairbanks,2837.823,Natural Gas,2011
0224230,Fairbanks,102593.325,Residual Fuel Oil,2011
0224230,Fairbanks,463815.730,Coal,2012
0224230,Fairbanks,5994.123,Distillate Fuel Oil,2012
0224230,Fairbanks,197942.000,Jet Fuel,2012
0224230,Fairbanks,2683.523,Natural Gas,2012
0224230,Fairbanks,175535.364,Residual Fuel Oil,2012
0224230,Fairbanks,374005.564,Coal,2013
0224230,Fairbanks,3916.995,Distillate Fuel Oil,2013
0224230,Fairbanks,91958.000,Jet Fuel,2013
0224230,Fairbanks,5000.441,Natural Gas,2013
0224230,Fairbanks,33991.362,Residual Fuel Oil,2013
0224230,Fairbanks,72610.000,Wind,2013
0224230,Fairbanks,0.000,Wood Waste Solids,2013
0224230,Fairbanks,376282.303,Coal,2014
0224230,Fairbanks,1508.242,Distillate Fuel Oil,2014
0224230,Fairbanks,131279.730,Jet Fuel,2014
0224230,Fairbanks,2161.112,Natural Gas,2014
0224230,Fairbanks,47426.548,Residual Fuel Oil,2014
0224230,Fairbanks,76279.000,Wind,2014
0224230,Fairbanks,0.000,Wood Waste Solids,2014
0224230,Fairbanks,432567.508,Coal,2015
0224230,Fairbanks,14837.204,Distillate Fuel Oil,2015
0224230,Fairbanks,0.000,Jet Fuel,2015
0224230,Fairbanks,0.000,Natural Gas,2015
0224230,Fairbanks,48522.553,Residual Fuel Oil,2015
0224230,Fairbanks,163960.164,Waste Oil,2015
0224230,Fairbanks,76784.000,Wind,2015
0224230,Fairbanks,0.000,Wood Waste Solids,2015
0224230,Fairbanks,395864.156,Coal,2016
0224230,Fairbanks,46782.391,Distillate Fuel Oil,2016
0224230,Fairbanks,-2392.000,Electricity used for Energy Storage,2016
0224230,Fairbanks,0.000,Jet Fuel,2016
0224230,Fairbanks,1129.934,Natural Gas,2016
0224230,Fairbanks,0.000,Residual Fuel Oil,2016
0224230,Fairbanks,48474.738,Waste Oil,2016
0224230,Fairbanks,78291.000,Wind,2016
0224230,Fairbanks,0.000,Wood Waste Solids,2016
0224230,Fairbanks,356409.011,Coal,2017
0224230,Fairbanks,70874.044,Distillate Fuel Oil,2017
0224230,Fairbanks,-2711.000,Electricity used for Energy Storage,2017
0224230,Fairbanks,0.000,Jet Fuel,2017
0224230,Fairbanks,554.666,Natural Gas,2017
0224230,Fairbanks,0.000,Residual Fuel Oil,2017
0224230,Fairbanks,144787.681,Waste Oil,2017
0224230,Fairbanks,64121.000,Wind,2017
0224230,Fairbanks,0.000,Wood Waste Solids,2017
0224230,Fairbanks,392019.635,Coal,2018
0224230,Fairbanks,64419.043,Distillate Fuel Oil,2018
0224230,Fairbanks,-2428.000,Electricity used for Energy Storage,2018
0224230,Fairbanks,0.000,Jet Fuel,2018
0224230,Fairbanks,0.000,Natural Gas,2018
0224230,Fairbanks,0.000,Residual Fuel Oil,2018
0224230,Fairbanks,82114.648,Waste Oil,2018
0224230,Fairbanks,70012.000,Wind,2018
0224230,Fairbanks,0.000,Wood Waste Solids,2018
0224230,Fairbanks,0.000,Agricultural By-Products,2019
0224230,Fairbanks,481171.537,Coal,2019
0224230,Fairbanks,28027.598,Distillate Fuel Oil,2019
0224230,Fairbanks,-3280.000,Electricity used for Energy Storage,2019
0224230,Fairbanks,2627.119,Jet Fuel,2019
0224230,Fairbanks,0.080,Natural Gas,2019
0224230,Fairbanks,0.000,Residual Fuel Oil,2019
0224230,Fairbanks,164462.097,Waste Oil,2019
0224230,Fairbanks,64076.000,Wind,2019
0224230,Fairbanks,0.000,Wood Waste Solids,2019
0224230,Fairbanks,466648.747,Coal,2020
0224230,Fairbanks,153461.063,Distillate Fuel Oil,2020
0224230,Fairbanks,-2810.000,Electricity used for Energy Storage,2020
0224230,Fairbanks,2081.775,Jet Fuel,2020
0224230,Fairbanks,6.054,Natural Gas,2020
0224230,Fairbanks,211433.728,Waste Oil,2020
0224230,Fairbanks,49937.000,Wind,2020
0224230,Fairbanks,503966.256,Coal,2021
0224230,Fairbanks,88907.304,Distillate Fuel Oil,2021
0224230,Fairbanks,-3433.000,Electricity used for Energy Storage,2021
0224230,Fairbanks,671.883,Jet Fuel,2021
0224230,Fairbanks,3.471,Natural Gas,2021
0224230,Fairbanks,184970.610,Waste Oil,2021
0224230,Fairbanks,60302.000,Wind,2021
0224230,Fairbanks,,,
0224660,False Pass,316.811,Distillate Fuel Oil,2001
0224660,False Pass,672.030,Distillate Fuel Oil,2002
0224660,False Pass,512.795,Distillate Fuel Oil,2003
0224660,False Pass,483.743,Distillate Fuel Oil,2004
0224660,False Pass,435.035,Distillate Fuel Oil,2005
0224660,False Pass,424.372,Distillate Fuel Oil,2006
0224660,False Pass,190.376,Distillate Fuel Oil,2007
0224660,False Pass,264.815,Distillate Fuel Oil,2010
0224660,False Pass,494.949,Distillate Fuel Oil,2011
0224660,False Pass,620.300,Distillate Fuel Oil,2012
0224660,False Pass,732.640,Distillate Fuel Oil,2013
0224660,False Pass,752.976,Distillate Fuel Oil,2014
0224660,False Pass,647.112,Distillate Fuel Oil,2015
0224660,False Pass,611.624,Distillate Fuel Oil,2016
0224660,False Pass,648.781,Distillate Fuel Oil,2017
0224660,False Pass,337.090,Distillate Fuel Oil,2018
0224660,False Pass,748.645,Distillate Fuel Oil,2019
0224660,False Pass,759.086,Distillate Fuel Oil,2020
0224660,False Pass,661.652,Distillate Fuel Oil,2021
0225000,Farm Loop,146252.000,Water at Hydroelectric Turbine,2001
0225000,Farm Loop,161266.000,Water at Hydroelectric Turbine,2002
0225000,Farm Loop,177204.000,Water at Hydroelectric Turbine,2003
0225000,Farm Loop,173604.000,Water at Hydroelectric Turbine,2004
0225000,Farm Loop,134178.000,Water at Hydroelectric Turbine,2005
0225000,Farm Loop,66807.000,Water at Hydroelectric Turbine,2006
0225000,Farm Loop,62105.000,Water at Hydroelectric Turbine,2007
0225000,Farm Loop,57824.000,Water at Hydroelectric Turbine,2008
0225000,Farm Loop,57056.000,Water at Hydroelectric Turbine,2009
0225000,Farm Loop,74203.000,Water at Hydroelectric Turbine,2010
0225000,Farm Loop,66088.000,Water at Hydroelectric Turbine,2011
0225000,Farm Loop,71126.000,Water at Hydroelectric Turbine,2012
0225000,Farm Loop,45541.199,Landfill Gas,2013
0225000,Farm Loop,38.801,Natural Gas,2013
0225000,Farm Loop,89936.000,Water at Hydroelectric Turbine,2013
0225000,Farm Loop,56165.769,Landfill Gas,2014
0225000,Farm Loop,1.231,Natural Gas,2014
0225000,Farm Loop,83110.000,Water at Hydroelectric Turbine,2014
0225000,Farm Loop,0.000,Distillate Fuel Oil,2015
0225000,Farm Loop,50131.473,Landfill Gas,2015
0225000,Farm Loop,476985.527,Natural Gas,2015
0225000,Farm Loop,92243.000,Water at Hydroelectric Turbine,2015
0225000,Farm Loop,0.000,Distillate Fuel Oil,2016
0225000,Farm Loop,42514.846,Landfill Gas,2016
0225000,Farm Loop,819047.154,Natural Gas,2016
0225000,Farm Loop,76916.000,Water at Hydroelectric Turbine,2016
0225000,Farm Loop,0.000,Distillate Fuel Oil,2017
0225000,Farm Loop,42184.516,Landfill Gas,2017
0225000,Farm Loop,750519.484,Natural Gas,2017
0225000,Farm Loop,119240.000,Water at Hydroelectric Turbine,2017
0225000,Farm Loop,0.000,Distillate Fuel Oil,2018
0225000,Farm Loop,42684.134,Landfill Gas,2018
0225000,Farm Loop,615054.866,Natural Gas,2018
0225000,Farm Loop,168115.000,Water at Hydroelectric Turbine,2018
0225000,Farm Loop,0.000,Distillate Fuel Oil,2019
0225000,Farm Loop,36884.461,Landfill Gas,2019
0225000,Farm Loop,723828.539,Natural Gas,2019
0225000,Farm Loop,190971.000,Water at Hydroelectric Turbine,2019
0225000,Farm Loop,38945.273,Landfill Gas,2020
0225000,Farm Loop,729105.727,Natural Gas,2020
0225000,Farm Loop,170181.000,Water at Hydroelectric Turbine,2020
0225000,Farm Loop,38070.956,Landfill Gas,2021
0225000,Farm Loop,678574.044,Natural Gas,2021
0225000,Farm Loop,139994.000,Water at Hydroelectric Turbine,2021
0225000,Farm Loop,,,
0224980,Farmers Loop,320199.883,Coal,2001
0224980,Farmers Loop,10180.000,Distillate Fuel Oil,2001
0224980,Farmers Loop,579967.000,Residual Fuel Oil,2001
0224980,Farmers Loop,481090.841,Coal,2002
0224980,Farmers Loop,17426.909,Distillate Fuel Oil,2002
0224980,Farmers Loop,546300.000,Residual Fuel Oil,2002
0224980,Farmers Loop,32.000,Waste Oil,2002
0224980,Farmers Loop,1031.000,Wood Waste Solids,2002
0224980,Farmers Loop,456747.980,Coal,2003
0224980,Farmers Loop,6308.990,Distillate Fuel Oil,2003
0224980,Farmers Loop,453733.000,Residual Fuel Oil,2003
0224980,Farmers Loop,64.000,Waste Oil,2003
0224980,Farmers Loop,758.001,Wood Waste Solids,2003
0224980,Farmers Loop,519938.432,Coal,2004
0224980,Farmers Loop,9963.938,Distillate Fuel Oil,2004
0224980,Farmers Loop,360379.000,Residual Fuel Oil,2004
0224980,Farmers Loop,0.000,Waste Oil,2004
0224980,Farmers Loop,388.500,Wood Waste Solids,2004
0224980,Farmers Loop,525017.007,Coal,2005
0224980,Farmers Loop,2907.565,Distillate Fuel Oil,2005
0224980,Farmers Loop,360562.000,Residual Fuel Oil,2005
0224980,Farmers Loop,0.000,Waste Oil,2005
0224980,Farmers Loop,382.565,Wood Waste Solids,2005
0224980,Farmers Loop,532341.253,Coal,2006
0224980,Farmers Loop,3215.258,Distillate Fuel Oil,2006
0224980,Farmers Loop,337599.000,Residual Fuel Oil,2006
0224980,Farmers Loop,0.000,Waste Oil,2006
0224980,Farmers Loop,515.509,Wood Waste Solids,2006
0224980,Farmers Loop,538127.163,Coal,2007
0224980,Farmers Loop,5102.496,Distillate Fuel Oil,2007
0224980,Farmers Loop,284406.908,Jet Fuel,2007
0224980,Farmers Loop,436.577,Natural Gas,2007
0224980,Farmers Loop,266301.606,Residual Fuel Oil,2007
0224980,Farmers Loop,0.000,Waste Oil,2007
0224980,Farmers Loop,21.755,Wood Waste Solids,2007
0224980,Farmers Loop,512423.237,Coal,2008
0224980,Farmers Loop,5916.308,Distillate Fuel Oil,2008
0224980,Farmers Loop,387339.730,Jet Fuel,2008
0224980,Farmers Loop,0.000,Natural Gas,2008
0224980,Farmers Loop,126668.178,Residual Fuel Oil,2008
0224980,Farmers Loop,0.000,Wood Waste Solids,2008
0224980,Farmers Loop,515890.711,Coal,2009
0224980,Farmers Loop,7005.089,Distillate Fuel Oil,2009
0224980,Farmers Loop,370545.007,Jet Fuel,2009
0224980,Farmers Loop,0.000,Natural Gas,2009
0224980,Farmers Loop,343136.891,Residual Fuel Oil,2009
0224980,Farmers Loop,463538.211,Coal,2010
0224980,Farmers Loop,7652.130,Distillate Fuel Oil,2010
0224980,Farmers Loop,0.000,Jet Fuel,2010
0224980,Farmers Loop,639.868,Natural Gas,2010
0224980,Farmers Loop,192178.603,Residual Fuel Oil,2010
0224980,Farmers Loop,423964.882,Coal,2011
0224980,Farmers Loop,3653.416,Distillate Fuel Oil,2011
0224980,Farmers Loop,155547.000,Jet Fuel,2011
0224980,Farmers Loop,2837.823,Natural Gas,2011
0224980,Farmers Loop,102593.325,Residual Fuel Oil,2011
0224980,Farmers Loop,463815.730,Coal,2012
0224980,Farmers Loop,5994.123,Distillate Fuel Oil,2012
0224980,Farmers Loop,197942.000,Jet Fuel,2012
0224980,Farmers Loop,2683.523,Natural Gas,2012
0224980,Farmers Loop,175535.364,Residual Fuel Oil,2012
0224980,Farmers Loop,374005.564,Coal,2013
0224980,Farmers Loop,3916.995,Distillate Fuel Oil,2013
0224980,Farmers Loop,91958.000,Jet Fuel,2013
0224980,Farmers Loop,5000.441,Natural Gas,2013
0224980,Farmers Loop,33991.362,Residual Fuel Oil,2013
0224980,Farmers Loop,72610.000,Wind,2013
0224980,Farmers Loop,0.000,Wood Waste Solids,2013
0224980,Farmers Loop,376282.303,Coal,2014
0224980,Farmers Loop,1508.242,Distillate Fuel Oil,2014
0224980,Farmers Loop,131279.730,Jet Fuel,2014
0224980,Farmers Loop,2161.112,Natural Gas,2014
0224980,Farmers Loop,47426.548,Residual Fuel Oil,2014
0224980,Farmers Loop,76279.000,Wind,2014
0224980,Farmers Loop,0.000,Wood Waste Solids,2014
0224980,Farmers Loop,432567.508,Coal,2015
0224980,Farmers Loop,14837.204,Distillate Fuel Oil,2015
0224980,Farmers Loop,0.000,Jet Fuel,2015
0224980,Farmers Loop,0.000,Natural Gas,2015
0224980,Farmers Loop,48522.553,Residual Fuel Oil,2015
0224980,Farmers Loop,163960.164,Waste Oil,2015
0224980,Farmers Loop,76784.000,Wind,2015
0224980,Farmers Loop,0.000,Wood Waste Solids,2015
0224980,Farmers Loop,395864.156,Coal,2016
0224980,Farmers Loop,46782.391,Distillate Fuel Oil,2016
0224980,Farmers Loop,-2392.000,Electricity used for Energy Storage,2016
0224980,Farmers Loop,0.000,Jet Fuel,2016
0224980,Farmers Loop,1129.934,Natural Gas,2016
0224980,Farmers Loop,0.000,Residual Fuel Oil,2016
0224980,Farmers Loop,48474.738,Waste Oil,2016
0224980,Farmers Loop,78291.000,Wind,2016
0224980,Farmers Loop,0.000,Wood Waste Solids,2016
0224980,Farmers Loop,356409.011,Coal,2017
0224980,Farmers Loop,70874.044,Distillate Fuel Oil,2017
0224980,Farmers Loop,-2711.000,Electricity used for Energy Storage,2017
0224980,Farmers Loop,0.000,Jet Fuel,2017
0224980,Farmers Loop,554.666,Natural Gas,2017
0224980,Farmers Loop,0.000,Residual Fuel Oil,2017
0224980,Farmers Loop,144787.681,Waste Oil,2017
0224980,Farmers Loop,64121.000,Wind,2017
0224980,Farmers Loop,0.000,Wood Waste Solids,2017
0224980,Farmers Loop,392019.635,Coal,2018
0224980,Farmers Loop,64419.043,Distillate Fuel Oil,2018
0224980,Farmers Loop,-2428.000,Electricity used for Energy Storage,2018
0224980,Farmers Loop,0.000,Jet Fuel,2018
0224980,Farmers Loop,0.000,Natural Gas,2018
0224980,Farmers Loop,0.000,Residual Fuel Oil,2018
0224980,Farmers Loop,82114.648,Waste Oil,2018
0224980,Farmers Loop,70012.000,Wind,2018
0224980,Farmers Loop,0.000,Wood Waste Solids,2018
0224980,Farmers Loop,0.000,Agricultural By-Products,2019
0224980,Farmers Loop,481171.537,Coal,2019
0224980,Farmers Loop,28027.598,Distillate Fuel Oil,2019
0224980,Farmers Loop,-3280.000,Electricity used for Energy Storage,2019
0224980,Farmers Loop,2627.119,Jet Fuel,2019
0224980,Farmers Loop,0.080,Natural Gas,2019
0224980,Farmers Loop,0.000,Residual Fuel Oil,2019
0224980,Farmers Loop,164462.097,Waste Oil,2019
0224980,Farmers Loop,64076.000,Wind,2019
0224980,Farmers Loop,0.000,Wood Waste Solids,2019
0224980,Farmers Loop,466648.747,Coal,2020
0224980,Farmers Loop,153461.063,Distillate Fuel Oil,2020
0224980,Farmers Loop,-2810.000,Electricity used for Energy Storage,2020
0224980,Farmers Loop,2081.775,Jet Fuel,2020
0224980,Farmers Loop,6.054,Natural Gas,2020
0224980,Farmers Loop,211433.728,Waste Oil,2020
0224980,Farmers Loop,49937.000,Wind,2020
0224980,Farmers Loop,503966.256,Coal,2021
0224980,Farmers Loop,88907.304,Distillate Fuel Oil,2021
0224980,Farmers Loop,-3433.000,Electricity used for Energy Storage,2021
0224980,Farmers Loop,671.883,Jet Fuel,2021
0224980,Farmers Loop,3.471,Natural Gas,2021
0224980,Farmers Loop,184970.610,Waste Oil,2021
0224980,Farmers Loop,60302.000,Wind,2021
0224980,Farmers Loop,,,
0225220,Ferry,320199.883,Coal,2001
0225220,Ferry,10180.000,Distillate Fuel Oil,2001
0225220,Ferry,579967.000,Residual Fuel Oil,2001
0225220,Ferry,481090.841,Coal,2002
0225220,Ferry,17426.909,Distillate Fuel Oil,2002
0225220,Ferry,546300.000,Residual Fuel Oil,2002
0225220,Ferry,32.000,Waste Oil,2002
0225220,Ferry,1031.000,Wood Waste Solids,2002
0225220,Ferry,456747.980,Coal,2003
0225220,Ferry,6308.990,Distillate Fuel Oil,2003
0225220,Ferry,453733.000,Residual Fuel Oil,2003
0225220,Ferry,64.000,Waste Oil,2003
0225220,Ferry,758.001,Wood Waste Solids,2003
0225220,Ferry,519938.432,Coal,2004
0225220,Ferry,9963.938,Distillate Fuel Oil,2004
0225220,Ferry,360379.000,Residual Fuel Oil,2004
0225220,Ferry,0.000,Waste Oil,2004
0225220,Ferry,388.500,Wood Waste Solids,2004
0225220,Ferry,525017.007,Coal,2005
0225220,Ferry,2907.565,Distillate Fuel Oil,2005
0225220,Ferry,360562.000,Residual Fuel Oil,2005
0225220,Ferry,0.000,Waste Oil,2005
0225220,Ferry,382.565,Wood Waste Solids,2005
0225220,Ferry,532341.253,Coal,2006
0225220,Ferry,3215.258,Distillate Fuel Oil,2006
0225220,Ferry,337599.000,Residual Fuel Oil,2006
0225220,Ferry,0.000,Waste Oil,2006
0225220,Ferry,515.509,Wood Waste Solids,2006
0225220,Ferry,538127.163,Coal,2007
0225220,Ferry,5102.496,Distillate Fuel Oil,2007
0225220,Ferry,284406.908,Jet Fuel,2007
0225220,Ferry,436.577,Natural Gas,2007
0225220,Ferry,266301.606,Residual Fuel Oil,2007
0225220,Ferry,0.000,Waste Oil,2007
0225220,Ferry,21.755,Wood Waste Solids,2007
0225220,Ferry,512423.237,Coal,2008
0225220,Ferry,5916.308,Distillate Fuel Oil,2008
0225220,Ferry,387339.730,Jet Fuel,2008
0225220,Ferry,0.000,Natural Gas,2008
0225220,Ferry,126668.178,Residual Fuel Oil,2008
0225220,Ferry,0.000,Wood Waste Solids,2008
0225220,Ferry,515890.711,Coal,2009
0225220,Ferry,7005.089,Distillate Fuel Oil,2009
0225220,Ferry,370545.007,Jet Fuel,2009
0225220,Ferry,0.000,Natural Gas,2009
0225220,Ferry,343136.891,Residual Fuel Oil,2009
0225220,Ferry,463538.211,Coal,2010
0225220,Ferry,7652.130,Distillate Fuel Oil,2010
0225220,Ferry,0.000,Jet Fuel,2010
0225220,Ferry,639.868,Natural Gas,2010
0225220,Ferry,192178.603,Residual Fuel Oil,2010
0225220,Ferry,423964.882,Coal,2011
0225220,Ferry,3653.416,Distillate Fuel Oil,2011
0225220,Ferry,155547.000,Jet Fuel,2011
0225220,Ferry,2837.823,Natural Gas,2011
0225220,Ferry,102593.325,Residual Fuel Oil,2011
0225220,Ferry,463815.730,Coal,2012
0225220,Ferry,5994.123,Distillate Fuel Oil,2012
0225220,Ferry,197942.000,Jet Fuel,2012
0225220,Ferry,2683.523,Natural Gas,2012
0225220,Ferry,175535.364,Residual Fuel Oil,2012
0225220,Ferry,374005.564,Coal,2013
0225220,Ferry,3916.995,Distillate Fuel Oil,2013
0225220,Ferry,91958.000,Jet Fuel,2013
0225220,Ferry,5000.441,Natural Gas,2013
0225220,Ferry,33991.362,Residual Fuel Oil,2013
0225220,Ferry,72610.000,Wind,2013
0225220,Ferry,0.000,Wood Waste Solids,2013
0225220,Ferry,376282.303,Coal,2014
0225220,Ferry,1508.242,Distillate Fuel Oil,2014
0225220,Ferry,131279.730,Jet Fuel,2014
0225220,Ferry,2161.112,Natural Gas,2014
0225220,Ferry,47426.548,Residual Fuel Oil,2014
0225220,Ferry,76279.000,Wind,2014
0225220,Ferry,0.000,Wood Waste Solids,2014
0225220,Ferry,432567.508,Coal,2015
0225220,Ferry,14837.204,Distillate Fuel Oil,2015
0225220,Ferry,0.000,Jet Fuel,2015
0225220,Ferry,0.000,Natural Gas,2015
0225220,Ferry,48522.553,Residual Fuel Oil,2015
0225220,Ferry,163960.164,Waste Oil,2015
0225220,Ferry,76784.000,Wind,2015
0225220,Ferry,0.000,Wood Waste Solids,2015
0225220,Ferry,395864.156,Coal,2016
0225220,Ferry,46782.391,Distillate Fuel Oil,2016
0225220,Ferry,-2392.000,Electricity used for Energy Storage,2016
0225220,Ferry,0.000,Jet Fuel,2016
0225220,Ferry,1129.934,Natural Gas,2016
0225220,Ferry,0.000,Residual Fuel Oil,2016
0225220,Ferry,48474.738,Waste Oil,2016
0225220,Ferry,78291.000,Wind,2016
0225220,Ferry,0.000,Wood Waste Solids,2016
0225220,Ferry,356409.011,Coal,2017
0225220,Ferry,70874.044,Distillate Fuel Oil,2017
0225220,Ferry,-2711.000,Electricity used for Energy Storage,2017
0225220,Ferry,0.000,Jet Fuel,2017
0225220,Ferry,554.666,Natural Gas,2017
0225220,Ferry,0.000,Residual Fuel Oil,2017
0225220,Ferry,144787.681,Waste Oil,2017
0225220,Ferry,64121.000,Wind,2017
0225220,Ferry,0.000,Wood Waste Solids,2017
0225220,Ferry,392019.635,Coal,2018
0225220,Ferry,64419.043,Distillate Fuel Oil,2018
0225220,Ferry,-2428.000,Electricity used for Energy Storage,2018
0225220,Ferry,0.000,Jet Fuel,2018
0225220,Ferry,0.000,Natural Gas,2018
0225220,Ferry,0.000,Residual Fuel Oil,2018
0225220,Ferry,82114.648,Waste Oil,2018
0225220,Ferry,70012.000,Wind,2018
0225220,Ferry,0.000,Wood Waste Solids,2018
0225220,Ferry,0.000,Agricultural By-Products,2019
0225220,Ferry,481171.537,Coal,2019
0225220,Ferry,28027.598,Distillate Fuel Oil,2019
0225220,Ferry,-3280.000,Electricity used for Energy Storage,2019
0225220,Ferry,2627.119,Jet Fuel,2019
0225220,Ferry,0.080,Natural Gas,2019
0225220,Ferry,0.000,Residual Fuel Oil,2019
0225220,Ferry,164462.097,Waste Oil,2019
0225220,Ferry,64076.000,Wind,2019
0225220,Ferry,0.000,Wood Waste Solids,2019
0225220,Ferry,466648.747,Coal,2020
0225220,Ferry,153461.063,Distillate Fuel Oil,2020
0225220,Ferry,-2810.000,Electricity used for Energy Storage,2020
0225220,Ferry,2081.775,Jet Fuel,2020
0225220,Ferry,6.054,Natural Gas,2020
0225220,Ferry,211433.728,Waste Oil,2020
0225220,Ferry,49937.000,Wind,2020
0225220,Ferry,503966.256,Coal,2021
0225220,Ferry,88907.304,Distillate Fuel Oil,2021
0225220,Ferry,-3433.000,Electricity used for Energy Storage,2021
0225220,Ferry,671.883,Jet Fuel,2021
0225220,Ferry,3.471,Natural Gas,2021
0225220,Ferry,184970.610,Waste Oil,2021
0225220,Ferry,60302.000,Wind,2021
0225220,Ferry,,,
0225550,Fishhook,146252.000,Water at Hydroelectric Turbine,2001
0225550,Fishhook,161266.000,Water at Hydroelectric Turbine,2002
0225550,Fishhook,177204.000,Water at Hydroelectric Turbine,2003
0225550,Fishhook,173604.000,Water at Hydroelectric Turbine,2004
0225550,Fishhook,134178.000,Water at Hydroelectric Turbine,2005
0225550,Fishhook,66807.000,Water at Hydroelectric Turbine,2006
0225550,Fishhook,62105.000,Water at Hydroelectric Turbine,2007
0225550,Fishhook,57824.000,Water at Hydroelectric Turbine,2008
0225550,Fishhook,57056.000,Water at Hydroelectric Turbine,2009
0225550,Fishhook,74203.000,Water at Hydroelectric Turbine,2010
0225550,Fishhook,66088.000,Water at Hydroelectric Turbine,2011
0225550,Fishhook,71126.000,Water at Hydroelectric Turbine,2012
0225550,Fishhook,45541.199,Landfill Gas,2013
0225550,Fishhook,38.801,Natural Gas,2013
0225550,Fishhook,89936.000,Water at Hydroelectric Turbine,2013
0225550,Fishhook,56165.769,Landfill Gas,2014
0225550,Fishhook,1.231,Natural Gas,2014
0225550,Fishhook,83110.000,Water at Hydroelectric Turbine,2014
0225550,Fishhook,0.000,Distillate Fuel Oil,2015
0225550,Fishhook,50131.473,Landfill Gas,2015
0225550,Fishhook,476985.527,Natural Gas,2015
0225550,Fishhook,92243.000,Water at Hydroelectric Turbine,2015
0225550,Fishhook,0.000,Distillate Fuel Oil,2016
0225550,Fishhook,42514.846,Landfill Gas,2016
0225550,Fishhook,819047.154,Natural Gas,2016
0225550,Fishhook,76916.000,Water at Hydroelectric Turbine,2016
0225550,Fishhook,0.000,Distillate Fuel Oil,2017
0225550,Fishhook,42184.516,Landfill Gas,2017
0225550,Fishhook,750519.484,Natural Gas,2017
0225550,Fishhook,119240.000,Water at Hydroelectric Turbine,2017
0225550,Fishhook,0.000,Distillate Fuel Oil,2018
0225550,Fishhook,42684.134,Landfill Gas,2018
0225550,Fishhook,615054.866,Natural Gas,2018
0225550,Fishhook,168115.000,Water at Hydroelectric Turbine,2018
0225550,Fishhook,0.000,Distillate Fuel Oil,2019
0225550,Fishhook,36884.461,Landfill Gas,2019
0225550,Fishhook,723828.539,Natural Gas,2019
0225550,Fishhook,190971.000,Water at Hydroelectric Turbine,2019
0225550,Fishhook,38945.273,Landfill Gas,2020
0225550,Fishhook,729105.727,Natural Gas,2020
0225550,Fishhook,170181.000,Water at Hydroelectric Turbine,2020
0225550,Fishhook,38070.956,Landfill Gas,2021
0225550,Fishhook,678574.044,Natural Gas,2021
0225550,Fishhook,139994.000,Water at Hydroelectric Turbine,2021
0225550,Fishhook,,,
0225880,Flat,,,
0226100,Fort Greely,185.998,Distillate Fuel Oil,2001
0226100,Fort Greely,141.550,Distillate Fuel Oil,2002
0226100,Fort Greely,611.001,Distillate Fuel Oil,2003
0226100,Fort Greely,321.001,Distillate Fuel Oil,2004
0226100,Fort Greely,24.000,Distillate Fuel Oil,2005
0226100,Fort Greely,649.999,Distillate Fuel Oil,2006
0226100,Fort Greely,815.361,Distillate Fuel Oil,2007
0226100,Fort Greely,666.400,Distillate Fuel Oil,2008
0226100,Fort Greely,112.700,Distillate Fuel Oil,2009
0226100,Fort Greely,507.640,Distillate Fuel Oil,2010
0226100,Fort Greely,159.740,Distillate Fuel Oil,2011
0226100,Fort Greely,0.000,Distillate Fuel Oil,2012
0226100,Fort Greely,137.200,Distillate Fuel Oil,2013
0226100,Fort Greely,119.560,Distillate Fuel Oil,2014
0226100,Fort Greely,101.920,Distillate Fuel Oil,2015
0226100,Fort Greely,107.800,Distillate Fuel Oil,2016
0226100,Fort Greely,56.840,Distillate Fuel Oil,2017
0226100,Fort Greely,69.580,Distillate Fuel Oil,2018
0226100,Fort Greely,65.660,Distillate Fuel Oil,2019
0226100,Fort Greely,98.980,Distillate Fuel Oil,2020
0226100,Fort Greely,59.780,Distillate Fuel Oil,2021
0226760,Fort Yukon,1078.000,Distillate Fuel Oil,2001
0226760,Fort Yukon,2596.725,Distillate Fuel Oil,2002
0226760,Fort Yukon,2742.000,Distillate Fuel Oil,2003
0226760,Fort Yukon,2884.000,Distillate Fuel Oil,2004
0226760,Fort Yukon,2811.503,Distillate Fuel Oil,2005
0226760,Fort Yukon,2924.351,Distillate Fuel Oil,2006
0226760,Fort Yukon,3012.000,Distillate Fuel Oil,2007
0226760,Fort Yukon,3021.000,Distillate Fuel Oil,2008
0226760,Fort Yukon,3219.000,Distillate Fuel Oil,2009
0226760,Fort Yukon,3341.000,Distillate Fuel Oil,2010
0226760,Fort Yukon,3092.000,Distillate Fuel Oil,2011
0226760,Fort Yukon,3490.073,Distillate Fuel Oil,2012
0226760,Fort Yukon,3209.137,Distillate Fuel Oil,2013
0226760,Fort Yukon,2976.232,Distillate Fuel Oil,2014
0226760,Fort Yukon,3117.618,Distillate Fuel Oil,2015
0226760,Fort Yukon,3015.250,Distillate Fuel Oil,2016
0226760,Fort Yukon,3258.915,Distillate Fuel Oil,2017
0226760,Fort Yukon,3106.620,Distillate Fuel Oil,2018
0226760,Fort Yukon,3099.902,Distillate Fuel Oil,2019
0226760,Fort Yukon,2954.017,Distillate Fuel Oil,2020
0226760,Fort Yukon,2546.104,Distillate Fuel Oil,2021
0226835,Four Mile Road,320199.883,Coal,2001
0226835,Four Mile Road,10180.000,Distillate Fuel Oil,2001
0226835,Four Mile Road,579967.000,Residual Fuel Oil,2001
0226835,Four Mile Road,481090.841,Coal,2002
0226835,Four Mile Road,17426.909,Distillate Fuel Oil,2002
0226835,Four Mile Road,546300.000,Residual Fuel Oil,2002
0226835,Four Mile Road,32.000,Waste Oil,2002
0226835,Four Mile Road,1031.000,Wood Waste Solids,2002
0226835,Four Mile Road,456747.980,Coal,2003
0226835,Four Mile Road,6308.990,Distillate Fuel Oil,2003
0226835,Four Mile Road,453733.000,Residual Fuel Oil,2003
0226835,Four Mile Road,64.000,Waste Oil,2003
0226835,Four Mile Road,758.001,Wood Waste Solids,2003
0226835,Four Mile Road,519938.432,Coal,2004
0226835,Four Mile Road,9963.938,Distillate Fuel Oil,2004
0226835,Four Mile Road,360379.000,Residual Fuel Oil,2004
0226835,Four Mile Road,0.000,Waste Oil,2004
0226835,Four Mile Road,388.500,Wood Waste Solids,2004
0226835,Four Mile Road,525017.007,Coal,2005
0226835,Four Mile Road,2907.565,Distillate Fuel Oil,2005
0226835,Four Mile Road,360562.000,Residual Fuel Oil,2005
0226835,Four Mile Road,0.000,Waste Oil,2005
0226835,Four Mile Road,382.565,Wood Waste Solids,2005
0226835,Four Mile Road,532341.253,Coal,2006
0226835,Four Mile Road,3215.258,Distillate Fuel Oil,2006
0226835,Four Mile Road,337599.000,Residual Fuel Oil,2006
0226835,Four Mile Road,0.000,Waste Oil,2006
0226835,Four Mile Road,515.509,Wood Waste Solids,2006
0226835,Four Mile Road,538127.163,Coal,2007
0226835,Four Mile Road,5102.496,Distillate Fuel Oil,2007
0226835,Four Mile Road,284406.908,Jet Fuel,2007
0226835,Four Mile Road,436.577,Natural Gas,2007
0226835,Four Mile Road,266301.606,Residual Fuel Oil,2007
0226835,Four Mile Road,0.000,Waste Oil,2007
0226835,Four Mile Road,21.755,Wood Waste Solids,2007
0226835,Four Mile Road,512423.237,Coal,2008
0226835,Four Mile Road,5916.308,Distillate Fuel Oil,2008
0226835,Four Mile Road,387339.730,Jet Fuel,2008
0226835,Four Mile Road,0.000,Natural Gas,2008
0226835,Four Mile Road,126668.178,Residual Fuel Oil,2008
0226835,Four Mile Road,0.000,Wood Waste Solids,2008
0226835,Four Mile Road,515890.711,Coal,2009
0226835,Four Mile Road,7005.089,Distillate Fuel Oil,2009
0226835,Four Mile Road,370545.007,Jet Fuel,2009
0226835,Four Mile Road,0.000,Natural Gas,2009
0226835,Four Mile Road,343136.891,Residual Fuel Oil,2009
0226835,Four Mile Road,463538.211,Coal,2010
0226835,Four Mile Road,7652.130,Distillate Fuel Oil,2010
0226835,Four Mile Road,0.000,Jet Fuel,2010
0226835,Four Mile Road,639.868,Natural Gas,2010
0226835,Four Mile Road,192178.603,Residual Fuel Oil,2010
0226835,Four Mile Road,423964.882,Coal,2011
0226835,Four Mile Road,3653.416,Distillate Fuel Oil,2011
0226835,Four Mile Road,155547.000,Jet Fuel,2011
0226835,Four Mile Road,2837.823,Natural Gas,2011
0226835,Four Mile Road,102593.325,Residual Fuel Oil,2011
0226835,Four Mile Road,463815.730,Coal,2012
0226835,Four Mile Road,5994.123,Distillate Fuel Oil,2012
0226835,Four Mile Road,197942.000,Jet Fuel,2012
0226835,Four Mile Road,2683.523,Natural Gas,2012
0226835,Four Mile Road,175535.364,Residual Fuel Oil,2012
0226835,Four Mile Road,374005.564,Coal,2013
0226835,Four Mile Road,3916.995,Distillate Fuel Oil,2013
0226835,Four Mile Road,91958.000,Jet Fuel,2013
0226835,Four Mile Road,5000.441,Natural Gas,2013
0226835,Four Mile Road,33991.362,Residual Fuel Oil,2013
0226835,Four Mile Road,72610.000,Wind,2013
0226835,Four Mile Road,0.000,Wood Waste Solids,2013
0226835,Four Mile Road,376282.303,Coal,2014
0226835,Four Mile Road,1508.242,Distillate Fuel Oil,2014
0226835,Four Mile Road,131279.730,Jet Fuel,2014
0226835,Four Mile Road,2161.112,Natural Gas,2014
0226835,Four Mile Road,47426.548,Residual Fuel Oil,2014
0226835,Four Mile Road,76279.000,Wind,2014
0226835,Four Mile Road,0.000,Wood Waste Solids,2014
0226835,Four Mile Road,432567.508,Coal,2015
0226835,Four Mile Road,14837.204,Distillate Fuel Oil,2015
0226835,Four Mile Road,0.000,Jet Fuel,2015
0226835,Four Mile Road,0.000,Natural Gas,2015
0226835,Four Mile Road,48522.553,Residual Fuel Oil,2015
0226835,Four Mile Road,163960.164,Waste Oil,2015
0226835,Four Mile Road,76784.000,Wind,2015
0226835,Four Mile Road,0.000,Wood Waste Solids,2015
0226835,Four Mile Road,395864.156,Coal,2016
0226835,Four Mile Road,46782.391,Distillate Fuel Oil,2016
0226835,Four Mile Road,-2392.000,Electricity used for Energy Storage,2016
0226835,Four Mile Road,0.000,Jet Fuel,2016
0226835,Four Mile Road,1129.934,Natural Gas,2016
0226835,Four Mile Road,0.000,Residual Fuel Oil,2016
0226835,Four Mile Road,48474.738,Waste Oil,2016
0226835,Four Mile Road,78291.000,Wind,2016
0226835,Four Mile Road,0.000,Wood Waste Solids,2016
0226835,Four Mile Road,356409.011,Coal,2017
0226835,Four Mile Road,70874.044,Distillate Fuel Oil,2017
0226835,Four Mile Road,-2711.000,Electricity used for Energy Storage,2017
0226835,Four Mile Road,0.000,Jet Fuel,2017
0226835,Four Mile Road,554.666,Natural Gas,2017
0226835,Four Mile Road,0.000,Residual Fuel Oil,2017
0226835,Four Mile Road,144787.681,Waste Oil,2017
0226835,Four Mile Road,64121.000,Wind,2017
0226835,Four Mile Road,0.000,Wood Waste Solids,2017
0226835,Four Mile Road,392019.635,Coal,2018
0226835,Four Mile Road,64419.043,Distillate Fuel Oil,2018
0226835,Four Mile Road,-2428.000,Electricity used for Energy Storage,2018
0226835,Four Mile Road,0.000,Jet Fuel,2018
0226835,Four Mile Road,0.000,Natural Gas,2018
0226835,Four Mile Road,0.000,Residual Fuel Oil,2018
0226835,Four Mile Road,82114.648,Waste Oil,2018
0226835,Four Mile Road,70012.000,Wind,2018
0226835,Four Mile Road,0.000,Wood Waste Solids,2018
0226835,Four Mile Road,0.000,Agricultural By-Products,2019
0226835,Four Mile Road,481171.537,Coal,2019
0226835,Four Mile Road,28027.598,Distillate Fuel Oil,2019
0226835,Four Mile Road,-3280.000,Electricity used for Energy Storage,2019
0226835,Four Mile Road,2627.119,Jet Fuel,2019
0226835,Four Mile Road,0.080,Natural Gas,2019
0226835,Four Mile Road,0.000,Residual Fuel Oil,2019
0226835,Four Mile Road,164462.097,Waste Oil,2019
0226835,Four Mile Road,64076.000,Wind,2019
0226835,Four Mile Road,0.000,Wood Waste Solids,2019
0226835,Four Mile Road,466648.747,Coal,2020
0226835,Four Mile Road,153461.063,Distillate Fuel Oil,2020
0226835,Four Mile Road,-2810.000,Electricity used for Energy Storage,2020
0226835,Four Mile Road,2081.775,Jet Fuel,2020
0226835,Four Mile Road,6.054,Natural Gas,2020
0226835,Four Mile Road,211433.728,Waste Oil,2020
0226835,Four Mile Road,49937.000,Wind,2020
0226835,Four Mile Road,503966.256,Coal,2021
0226835,Four Mile Road,88907.304,Distillate Fuel Oil,2021
0226835,Four Mile Road,-3433.000,Electricity used for Energy Storage,2021
0226835,Four Mile Road,671.883,Jet Fuel,2021
0226835,Four Mile Road,3.471,Natural Gas,2021
0226835,Four Mile Road,184970.610,Waste Oil,2021
0226835,Four Mile Road,60302.000,Wind,2021
0226835,Four Mile Road,,,
0226870,Fox,320199.883,Coal,2001
0226870,Fox,10180.000,Distillate Fuel Oil,2001
0226870,Fox,579967.000,Residual Fuel Oil,2001
0226870,Fox,481090.841,Coal,2002
0226870,Fox,17426.909,Distillate Fuel Oil,2002
0226870,Fox,546300.000,Residual Fuel Oil,2002
0226870,Fox,32.000,Waste Oil,2002
0226870,Fox,1031.000,Wood Waste Solids,2002
0226870,Fox,456747.980,Coal,2003
0226870,Fox,6308.990,Distillate Fuel Oil,2003
0226870,Fox,453733.000,Residual Fuel Oil,2003
0226870,Fox,64.000,Waste Oil,2003
0226870,Fox,758.001,Wood Waste Solids,2003
0226870,Fox,519938.432,Coal,2004
0226870,Fox,9963.938,Distillate Fuel Oil,2004
0226870,Fox,360379.000,Residual Fuel Oil,2004
0226870,Fox,0.000,Waste Oil,2004
0226870,Fox,388.500,Wood Waste Solids,2004
0226870,Fox,525017.007,Coal,2005
0226870,Fox,2907.565,Distillate Fuel Oil,2005
0226870,Fox,360562.000,Residual Fuel Oil,2005
0226870,Fox,0.000,Waste Oil,2005
0226870,Fox,382.565,Wood Waste Solids,2005
0226870,Fox,532341.253,Coal,2006
0226870,Fox,3215.258,Distillate Fuel Oil,2006
0226870,Fox,337599.000,Residual Fuel Oil,2006
0226870,Fox,0.000,Waste Oil,2006
0226870,Fox,515.509,Wood Waste Solids,2006
0226870,Fox,538127.163,Coal,2007
0226870,Fox,5102.496,Distillate Fuel Oil,2007
0226870,Fox,284406.908,Jet Fuel,2007
0226870,Fox,436.577,Natural Gas,2007
0226870,Fox,266301.606,Residual Fuel Oil,2007
0226870,Fox,0.000,Waste Oil,2007
0226870,Fox,21.755,Wood Waste Solids,2007
0226870,Fox,512423.237,Coal,2008
0226870,Fox,5916.308,Distillate Fuel Oil,2008
0226870,Fox,387339.730,Jet Fuel,2008
0226870,Fox,0.000,Natural Gas,2008
0226870,Fox,126668.178,Residual Fuel Oil,2008
0226870,Fox,0.000,Wood Waste Solids,2008
0226870,Fox,515890.711,Coal,2009
0226870,Fox,7005.089,Distillate Fuel Oil,2009
0226870,Fox,370545.007,Jet Fuel,2009
0226870,Fox,0.000,Natural Gas,2009
0226870,Fox,343136.891,Residual Fuel Oil,2009
0226870,Fox,463538.211,Coal,2010
0226870,Fox,7652.130,Distillate Fuel Oil,2010
0226870,Fox,0.000,Jet Fuel,2010
0226870,Fox,639.868,Natural Gas,2010
0226870,Fox,192178.603,Residual Fuel Oil,2010
0226870,Fox,423964.882,Coal,2011
0226870,Fox,3653.416,Distillate Fuel Oil,2011
0226870,Fox,155547.000,Jet Fuel,2011
0226870,Fox,2837.823,Natural Gas,2011
0226870,Fox,102593.325,Residual Fuel Oil,2011
0226870,Fox,463815.730,Coal,2012
0226870,Fox,5994.123,Distillate Fuel Oil,2012
0226870,Fox,197942.000,Jet Fuel,2012
0226870,Fox,2683.523,Natural Gas,2012
0226870,Fox,175535.364,Residual Fuel Oil,2012
0226870,Fox,374005.564,Coal,2013
0226870,Fox,3916.995,Distillate Fuel Oil,2013
0226870,Fox,91958.000,Jet Fuel,2013
0226870,Fox,5000.441,Natural Gas,2013
0226870,Fox,33991.362,Residual Fuel Oil,2013
0226870,Fox,72610.000,Wind,2013
0226870,Fox,0.000,Wood Waste Solids,2013
0226870,Fox,376282.303,Coal,2014
0226870,Fox,1508.242,Distillate Fuel Oil,2014
0226870,Fox,131279.730,Jet Fuel,2014
0226870,Fox,2161.112,Natural Gas,2014
0226870,Fox,47426.548,Residual Fuel Oil,2014
0226870,Fox,76279.000,Wind,2014
0226870,Fox,0.000,Wood Waste Solids,2014
0226870,Fox,432567.508,Coal,2015
0226870,Fox,14837.204,Distillate Fuel Oil,2015
0226870,Fox,0.000,Jet Fuel,2015
0226870,Fox,0.000,Natural Gas,2015
0226870,Fox,48522.553,Residual Fuel Oil,2015
0226870,Fox,163960.164,Waste Oil,2015
0226870,Fox,76784.000,Wind,2015
0226870,Fox,0.000,Wood Waste Solids,2015
0226870,Fox,395864.156,Coal,2016
0226870,Fox,46782.391,Distillate Fuel Oil,2016
0226870,Fox,-2392.000,Electricity used for Energy Storage,2016
0226870,Fox,0.000,Jet Fuel,2016
0226870,Fox,1129.934,Natural Gas,2016
0226870,Fox,0.000,Residual Fuel Oil,2016
0226870,Fox,48474.738,Waste Oil,2016
0226870,Fox,78291.000,Wind,2016
0226870,Fox,0.000,Wood Waste Solids,2016
0226870,Fox,356409.011,Coal,2017
0226870,Fox,70874.044,Distillate Fuel Oil,2017
0226870,Fox,-2711.000,Electricity used for Energy Storage,2017
0226870,Fox,0.000,Jet Fuel,2017
0226870,Fox,554.666,Natural Gas,2017
0226870,Fox,0.000,Residual Fuel Oil,2017
0226870,Fox,144787.681,Waste Oil,2017
0226870,Fox,64121.000,Wind,2017
0226870,Fox,0.000,Wood Waste Solids,2017
0226870,Fox,392019.635,Coal,2018
0226870,Fox,64419.043,Distillate Fuel Oil,2018
0226870,Fox,-2428.000,Electricity used for Energy Storage,2018
0226870,Fox,0.000,Jet Fuel,2018
0226870,Fox,0.000,Natural Gas,2018
0226870,Fox,0.000,Residual Fuel Oil,2018
0226870,Fox,82114.648,Waste Oil,2018
0226870,Fox,70012.000,Wind,2018
0226870,Fox,0.000,Wood Waste Solids,2018
0226870,Fox,0.000,Agricultural By-Products,2019
0226870,Fox,481171.537,Coal,2019
0226870,Fox,28027.598,Distillate Fuel Oil,2019
0226870,Fox,-3280.000,Electricity used for Energy Storage,2019
0226870,Fox,2627.119,Jet Fuel,2019
0226870,Fox,0.080,Natural Gas,2019
0226870,Fox,0.000,Residual Fuel Oil,2019
0226870,Fox,164462.097,Waste Oil,2019
0226870,Fox,64076.000,Wind,2019
0226870,Fox,0.000,Wood Waste Solids,2019
0226870,Fox,466648.747,Coal,2020
0226870,Fox,153461.063,Distillate Fuel Oil,2020
0226870,Fox,-2810.000,Electricity used for Energy Storage,2020
0226870,Fox,2081.775,Jet Fuel,2020
0226870,Fox,6.054,Natural Gas,2020
0226870,Fox,211433.728,Waste Oil,2020
0226870,Fox,49937.000,Wind,2020
0226870,Fox,503966.256,Coal,2021
0226870,Fox,88907.304,Distillate Fuel Oil,2021
0226870,Fox,-3433.000,Electricity used for Energy Storage,2021
0226870,Fox,671.883,Jet Fuel,2021
0226870,Fox,3.471,Natural Gas,2021
0226870,Fox,184970.610,Waste Oil,2021
0226870,Fox,60302.000,Wind,2021
0226870,Fox,,,
0226910,Fox River,490.999,Distillate Fuel Oil,2001
0226910,Fox River,426710.001,Natural Gas,2001
0226910,Fox River,345681.000,Water at Hydroelectric Turbine,2001
0226910,Fox River,355.740,Distillate Fuel Oil,2002
0226910,Fox River,473327.141,Natural Gas,2002
0226910,Fox River,484899.000,Water at Hydroelectric Turbine,2002
0226910,Fox River,243.001,Distillate Fuel Oil,2003
0226910,Fox River,399766.998,Natural Gas,2003
0226910,Fox River,500875.000,Water at Hydroelectric Turbine,2003
0226910,Fox River,336.702,Distillate Fuel Oil,2004
0226910,Fox River,398518.890,Natural Gas,2004
0226910,Fox River,429709.000,Water at Hydroelectric Turbine,2004
0226910,Fox River,235.643,Distillate Fuel Oil,2005
0226910,Fox River,490271.637,Natural Gas,2005
0226910,Fox River,452757.000,Water at Hydroelectric Turbine,2005
0226910,Fox River,236.000,Distillate Fuel Oil,2006
0226910,Fox River,2147.575,Jet Fuel,2006
0226910,Fox River,451056.328,Natural Gas,2006
0226910,Fox River,343766.000,Water at Hydroelectric Turbine,2006
0226910,Fox River,382.001,Distillate Fuel Oil,2007
0226910,Fox River,264.025,Jet Fuel,2007
0226910,Fox River,443609.870,Natural Gas,2007
0226910,Fox River,336288.000,Water at Hydroelectric Turbine,2007
0226910,Fox River,22.000,Distillate Fuel Oil,2008
0226910,Fox River,3.268,Jet Fuel,2008
0226910,Fox River,473626.372,Natural Gas,2008
0226910,Fox River,296759.000,Water at Hydroelectric Turbine,2008
0226910,Fox River,324.649,Distillate Fuel Oil,2009
0226910,Fox River,163.399,Jet Fuel,2009
0226910,Fox River,378362.432,Natural Gas,2009
0226910,Fox River,362293.410,Water at Hydroelectric Turbine,2009
0226910,Fox River,202.000,Distillate Fuel Oil,2010
0226910,Fox River,0.000,Jet Fuel,2010
0226910,Fox River,354378.140,Natural Gas,2010
0226910,Fox River,348270.970,Water at Hydroelectric Turbine,2010
0226910,Fox River,160.167,Distillate Fuel Oil,2011
0226910,Fox River,0.000,Jet Fuel,2011
0226910,Fox River,375394.769,Natural Gas,2011
0226910,Fox River,2738.304,Other Gas,2011
0226910,Fox River,303900.000,Water at Hydroelectric Turbine,2011
0226910,Fox River,214.332,Distillate Fuel Oil,2012
0226910,Fox River,0.000,Jet Fuel,2012
0226910,Fox River,355032.847,Natural Gas,2012
0226910,Fox River,2658.441,Other Gas,2012
0226910,Fox River,397373.000,Water at Hydroelectric Turbine,2012
0226910,Fox River,101.277,Distillate Fuel Oil,2013
0226910,Fox River,0.000,Jet Fuel,2013
0226910,Fox River,201008.184,Natural Gas,2013
0226910,Fox River,430.659,Waste Oil,2013
0226910,Fox River,368254.000,Water at Hydroelectric Turbine,2013
0226910,Fox River,444.000,Distillate Fuel Oil,2014
0226910,Fox River,0.000,Jet Fuel,2014
0226910,Fox River,306144.240,Natural Gas,2014
0226910,Fox River,0.000,Waste Oil,2014
0226910,Fox River,432575.000,Water at Hydroelectric Turbine,2014
0226910,Fox River,228.103,Distillate Fuel Oil,2015
0226910,Fox River,0.000,Jet Fuel,2015
0226910,Fox River,315789.997,Natural Gas,2015
0226910,Fox River,471705.000,Water at Hydroelectric Turbine,2015
0226910,Fox River,87.000,Distillate Fuel Oil,2016
0226910,Fox River,0.000,Jet Fuel,2016
0226910,Fox River,316448.000,Natural Gas,2016
0226910,Fox River,430509.000,Water at Hydroelectric Turbine,2016
0226910,Fox River,15.000,Distillate Fuel Oil,2017
0226910,Fox River,0.000,Jet Fuel,2017
0226910,Fox River,316493.000,Natural Gas,2017
0226910,Fox River,387059.000,Water at Hydroelectric Turbine,2017
0226910,Fox River,85.461,Distillate Fuel Oil,2018
0226910,Fox River,0.000,Jet Fuel,2018
0226910,Fox River,276027.539,Natural Gas,2018
0226910,Fox River,404479.000,Water at Hydroelectric Turbine,2018
0226910,Fox River,63.000,Distillate Fuel Oil,2019
0226910,Fox River,0.000,Jet Fuel,2019
0226910,Fox River,237333.000,Natural Gas,2019
0226910,Fox River,413592.000,Water at Hydroelectric Turbine,2019
0226910,Fox River,4329.915,Distillate Fuel Oil,2020
0226910,Fox River,302127.085,Natural Gas,2020
0226910,Fox River,466635.000,Water at Hydroelectric Turbine,2020
0226910,Fox River,224.000,Distillate Fuel Oil,2021
0226910,Fox River,290511.000,Natural Gas,2021
0226910,Fox River,391018.000,Water at Hydroelectric Turbine,2021
0227090,Fritz Creek,490.999,Distillate Fuel Oil,2001
0227090,Fritz Creek,426710.001,Natural Gas,2001
0227090,Fritz Creek,345681.000,Water at Hydroelectric Turbine,2001
0227090,Fritz Creek,355.740,Distillate Fuel Oil,2002
0227090,Fritz Creek,473327.141,Natural Gas,2002
0227090,Fritz Creek,484899.000,Water at Hydroelectric Turbine,2002
0227090,Fritz Creek,243.001,Distillate Fuel Oil,2003
0227090,Fritz Creek,399766.998,Natural Gas,2003
0227090,Fritz Creek,500875.000,Water at Hydroelectric Turbine,2003
0227090,Fritz Creek,336.702,Distillate Fuel Oil,2004
0227090,Fritz Creek,398518.890,Natural Gas,2004
0227090,Fritz Creek,429709.000,Water at Hydroelectric Turbine,2004
0227090,Fritz Creek,235.643,Distillate Fuel Oil,2005
0227090,Fritz Creek,490271.637,Natural Gas,2005
0227090,Fritz Creek,452757.000,Water at Hydroelectric Turbine,2005
0227090,Fritz Creek,236.000,Distillate Fuel Oil,2006
0227090,Fritz Creek,2147.575,Jet Fuel,2006
0227090,Fritz Creek,451056.328,Natural Gas,2006
0227090,Fritz Creek,343766.000,Water at Hydroelectric Turbine,2006
0227090,Fritz Creek,382.001,Distillate Fuel Oil,2007
0227090,Fritz Creek,264.025,Jet Fuel,2007
0227090,Fritz Creek,443609.870,Natural Gas,2007
0227090,Fritz Creek,336288.000,Water at Hydroelectric Turbine,2007
0227090,Fritz Creek,22.000,Distillate Fuel Oil,2008
0227090,Fritz Creek,3.268,Jet Fuel,2008
0227090,Fritz Creek,473626.372,Natural Gas,2008
0227090,Fritz Creek,296759.000,Water at Hydroelectric Turbine,2008
0227090,Fritz Creek,324.649,Distillate Fuel Oil,2009
0227090,Fritz Creek,163.399,Jet Fuel,2009
0227090,Fritz Creek,378362.432,Natural Gas,2009
0227090,Fritz Creek,362293.410,Water at Hydroelectric Turbine,2009
0227090,Fritz Creek,202.000,Distillate Fuel Oil,2010
0227090,Fritz Creek,0.000,Jet Fuel,2010
0227090,Fritz Creek,354378.140,Natural Gas,2010
0227090,Fritz Creek,348270.970,Water at Hydroelectric Turbine,2010
0227090,Fritz Creek,160.167,Distillate Fuel Oil,2011
0227090,Fritz Creek,0.000,Jet Fuel,2011
0227090,Fritz Creek,375394.769,Natural Gas,2011
0227090,Fritz Creek,2738.304,Other Gas,2011
0227090,Fritz Creek,303900.000,Water at Hydroelectric Turbine,2011
0227090,Fritz Creek,214.332,Distillate Fuel Oil,2012
0227090,Fritz Creek,0.000,Jet Fuel,2012
0227090,Fritz Creek,355032.847,Natural Gas,2012
0227090,Fritz Creek,2658.441,Other Gas,2012
0227090,Fritz Creek,397373.000,Water at Hydroelectric Turbine,2012
0227090,Fritz Creek,101.277,Distillate Fuel Oil,2013
0227090,Fritz Creek,0.000,Jet Fuel,2013
0227090,Fritz Creek,201008.184,Natural Gas,2013
0227090,Fritz Creek,430.659,Waste Oil,2013
0227090,Fritz Creek,368254.000,Water at Hydroelectric Turbine,2013
0227090,Fritz Creek,444.000,Distillate Fuel Oil,2014
0227090,Fritz Creek,0.000,Jet Fuel,2014
0227090,Fritz Creek,306144.240,Natural Gas,2014
0227090,Fritz Creek,0.000,Waste Oil,2014
0227090,Fritz Creek,432575.000,Water at Hydroelectric Turbine,2014
0227090,Fritz Creek,228.103,Distillate Fuel Oil,2015
0227090,Fritz Creek,0.000,Jet Fuel,2015
0227090,Fritz Creek,315789.997,Natural Gas,2015
0227090,Fritz Creek,471705.000,Water at Hydroelectric Turbine,2015
0227090,Fritz Creek,87.000,Distillate Fuel Oil,2016
0227090,Fritz Creek,0.000,Jet Fuel,2016
0227090,Fritz Creek,316448.000,Natural Gas,2016
0227090,Fritz Creek,430509.000,Water at Hydroelectric Turbine,2016
0227090,Fritz Creek,15.000,Distillate Fuel Oil,2017
0227090,Fritz Creek,0.000,Jet Fuel,2017
0227090,Fritz Creek,316493.000,Natural Gas,2017
0227090,Fritz Creek,387059.000,Water at Hydroelectric Turbine,2017
0227090,Fritz Creek,85.461,Distillate Fuel Oil,2018
0227090,Fritz Creek,0.000,Jet Fuel,2018
0227090,Fritz Creek,276027.539,Natural Gas,2018
0227090,Fritz Creek,404479.000,Water at Hydroelectric Turbine,2018
0227090,Fritz Creek,63.000,Distillate Fuel Oil,2019
0227090,Fritz Creek,0.000,Jet Fuel,2019
0227090,Fritz Creek,237333.000,Natural Gas,2019
0227090,Fritz Creek,413592.000,Water at Hydroelectric Turbine,2019
0227090,Fritz Creek,4329.915,Distillate Fuel Oil,2020
0227090,Fritz Creek,302127.085,Natural Gas,2020
0227090,Fritz Creek,466635.000,Water at Hydroelectric Turbine,2020
0227090,Fritz Creek,224.000,Distillate Fuel Oil,2021
0227090,Fritz Creek,290511.000,Natural Gas,2021
0227090,Fritz Creek,391018.000,Water at Hydroelectric Turbine,2021
0227145,Funny River,490.999,Distillate Fuel Oil,2001
0227145,Funny River,426710.001,Natural Gas,2001
0227145,Funny River,345681.000,Water at Hydroelectric Turbine,2001
0227145,Funny River,355.740,Distillate Fuel Oil,2002
0227145,Funny River,473327.141,Natural Gas,2002
0227145,Funny River,484899.000,Water at Hydroelectric Turbine,2002
0227145,Funny River,243.001,Distillate Fuel Oil,2003
0227145,Funny River,399766.998,Natural Gas,2003
0227145,Funny River,500875.000,Water at Hydroelectric Turbine,2003
0227145,Funny River,336.702,Distillate Fuel Oil,2004
0227145,Funny River,398518.890,Natural Gas,2004
0227145,Funny River,429709.000,Water at Hydroelectric Turbine,2004
0227145,Funny River,235.643,Distillate Fuel Oil,2005
0227145,Funny River,490271.637,Natural Gas,2005
0227145,Funny River,452757.000,Water at Hydroelectric Turbine,2005
0227145,Funny River,236.000,Distillate Fuel Oil,2006
0227145,Funny River,2147.575,Jet Fuel,2006
0227145,Funny River,451056.328,Natural Gas,2006
0227145,Funny River,343766.000,Water at Hydroelectric Turbine,2006
0227145,Funny River,382.001,Distillate Fuel Oil,2007
0227145,Funny River,264.025,Jet Fuel,2007
0227145,Funny River,443609.870,Natural Gas,2007
0227145,Funny River,336288.000,Water at Hydroelectric Turbine,2007
0227145,Funny River,22.000,Distillate Fuel Oil,2008
0227145,Funny River,3.268,Jet Fuel,2008
0227145,Funny River,473626.372,Natural Gas,2008
0227145,Funny River,296759.000,Water at Hydroelectric Turbine,2008
0227145,Funny River,324.649,Distillate Fuel Oil,2009
0227145,Funny River,163.399,Jet Fuel,2009
0227145,Funny River,378362.432,Natural Gas,2009
0227145,Funny River,362293.410,Water at Hydroelectric Turbine,2009
0227145,Funny River,202.000,Distillate Fuel Oil,2010
0227145,Funny River,0.000,Jet Fuel,2010
0227145,Funny River,354378.140,Natural Gas,2010
0227145,Funny River,348270.970,Water at Hydroelectric Turbine,2010
0227145,Funny River,160.167,Distillate Fuel Oil,2011
0227145,Funny River,0.000,Jet Fuel,2011
0227145,Funny River,375394.769,Natural Gas,2011
0227145,Funny River,2738.304,Other Gas,2011
0227145,Funny River,303900.000,Water at Hydroelectric Turbine,2011
0227145,Funny River,214.332,Distillate Fuel Oil,2012
0227145,Funny River,0.000,Jet Fuel,2012
0227145,Funny River,355032.847,Natural Gas,2012
0227145,Funny River,2658.441,Other Gas,2012
0227145,Funny River,397373.000,Water at Hydroelectric Turbine,2012
0227145,Funny River,101.277,Distillate Fuel Oil,2013
0227145,Funny River,0.000,Jet Fuel,2013
0227145,Funny River,201008.184,Natural Gas,2013
0227145,Funny River,430.659,Waste Oil,2013
0227145,Funny River,368254.000,Water at Hydroelectric Turbine,2013
0227145,Funny River,444.000,Distillate Fuel Oil,2014
0227145,Funny River,0.000,Jet Fuel,2014
0227145,Funny River,306144.240,Natural Gas,2014
0227145,Funny River,0.000,Waste Oil,2014
0227145,Funny River,432575.000,Water at Hydroelectric Turbine,2014
0227145,Funny River,228.103,Distillate Fuel Oil,2015
0227145,Funny River,0.000,Jet Fuel,2015
0227145,Funny River,315789.997,Natural Gas,2015
0227145,Funny River,471705.000,Water at Hydroelectric Turbine,2015
0227145,Funny River,87.000,Distillate Fuel Oil,2016
0227145,Funny River,0.000,Jet Fuel,2016
0227145,Funny River,316448.000,Natural Gas,2016
0227145,Funny River,430509.000,Water at Hydroelectric Turbine,2016
0227145,Funny River,15.000,Distillate Fuel Oil,2017
0227145,Funny River,0.000,Jet Fuel,2017
0227145,Funny River,316493.000,Natural Gas,2017
0227145,Funny River,387059.000,Water at Hydroelectric Turbine,2017
0227145,Funny River,85.461,Distillate Fuel Oil,2018
0227145,Funny River,0.000,Jet Fuel,2018
0227145,Funny River,276027.539,Natural Gas,2018
0227145,Funny River,404479.000,Water at Hydroelectric Turbine,2018
0227145,Funny River,63.000,Distillate Fuel Oil,2019
0227145,Funny River,0.000,Jet Fuel,2019
0227145,Funny River,237333.000,Natural Gas,2019
0227145,Funny River,413592.000,Water at Hydroelectric Turbine,2019
0227145,Funny River,4329.915,Distillate Fuel Oil,2020
0227145,Funny River,302127.085,Natural Gas,2020
0227145,Funny River,466635.000,Water at Hydroelectric Turbine,2020
0227145,Funny River,224.000,Distillate Fuel Oil,2021
0227145,Funny River,290511.000,Natural Gas,2021
0227145,Funny River,391018.000,Water at Hydroelectric Turbine,2021
0227420,Gakona,19012.999,Distillate Fuel Oil,2001
0227420,Gakona,50788.001,Water at Hydroelectric Turbine,2001
0227420,Gakona,11380.999,Distillate Fuel Oil,2002
0227420,Gakona,0.000,Jet Fuel,2002
0227420,Gakona,18565.000,Waste Oil,2002
0227420,Gakona,56651.000,Water at Hydroelectric Turbine,2002
0227420,Gakona,9009.296,Distillate Fuel Oil,2003
0227420,Gakona,21484.001,Jet Fuel,2003
0227420,Gakona,52811.998,Water at Hydroelectric Turbine,2003
0227420,Gakona,10104.640,Distillate Fuel Oil,2004
0227420,Gakona,21429.000,Jet Fuel,2004
0227420,Gakona,51353.001,Water at Hydroelectric Turbine,2004
0227420,Gakona,12625.558,Distillate Fuel Oil,2005
0227420,Gakona,20519.000,Jet Fuel,2005
0227420,Gakona,49426.999,Water at Hydroelectric Turbine,2005
0227420,Gakona,10526.475,Distillate Fuel Oil,2006
0227420,Gakona,19680.001,Jet Fuel,2006
0227420,Gakona,54916.999,Water at Hydroelectric Turbine,2006
0227420,Gakona,14456.820,Distillate Fuel Oil,2007
0227420,Gakona,32393.999,Jet Fuel,2007
0227420,Gakona,34556.000,Water at Hydroelectric Turbine,2007
0227420,Gakona,7705.000,Distillate Fuel Oil,2008
0227420,Gakona,24031.000,Jet Fuel,2008
0227420,Gakona,47429.000,Water at Hydroelectric Turbine,2008
0227420,Gakona,12229.725,Distillate Fuel Oil,2009
0227420,Gakona,6756.000,Jet Fuel,2009
0227420,Gakona,44988.000,Water at Hydroelectric Turbine,2009
0227420,Gakona,5850.405,Distillate Fuel Oil,2010
0227420,Gakona,30043.000,Jet Fuel,2010
0227420,Gakona,44758.000,Water at Hydroelectric Turbine,2010
0227420,Gakona,15160.000,Distillate Fuel Oil,2011
0227420,Gakona,17519.000,Jet Fuel,2011
0227420,Gakona,46189.000,Water at Hydroelectric Turbine,2011
0227420,Gakona,14645.108,Distillate Fuel Oil,2012
0227420,Gakona,29655.000,Jet Fuel,2012
0227420,Gakona,44135.000,Water at Hydroelectric Turbine,2012
0227420,Gakona,15495.027,Distillate Fuel Oil,2013
0227420,Gakona,0.000,Jet Fuel,2013
0227420,Gakona,17027.000,Waste Oil,2013
0227420,Gakona,54750.000,Water at Hydroelectric Turbine,2013
0227420,Gakona,9933.580,Distillate Fuel Oil,2014
0227420,Gakona,0.000,Jet Fuel,2014
0227420,Gakona,21217.000,Waste Oil,2014
0227420,Gakona,54955.000,Water at Hydroelectric Turbine,2014
0227420,Gakona,9040.578,Distillate Fuel Oil,2015
0227420,Gakona,0.000,Jet Fuel,2015
0227420,Gakona,21316.000,Waste Oil,2015
0227420,Gakona,55982.000,Water at Hydroelectric Turbine,2015
0227420,Gakona,11183.989,Distillate Fuel Oil,2016
0227420,Gakona,0.000,Jet Fuel,2016
0227420,Gakona,17636.000,Waste Oil,2016
0227420,Gakona,55731.000,Water at Hydroelectric Turbine,2016
0227420,Gakona,10387.013,Distillate Fuel Oil,2017
0227420,Gakona,0.000,Jet Fuel,2017
0227420,Gakona,21411.000,Waste Oil,2017
0227420,Gakona,56473.000,Water at Hydroelectric Turbine,2017
0227420,Gakona,9662.000,Distillate Fuel Oil,2018
0227420,Gakona,0.000,Jet Fuel,2018
0227420,Gakona,16993.000,Waste Oil,2018
0227420,Gakona,65164.000,Water at Hydroelectric Turbine,2018
0227420,Gakona,6062.000,Distillate Fuel Oil,2019
0227420,Gakona,0.000,Jet Fuel,2019
0227420,Gakona,17823.000,Waste Oil,2019
0227420,Gakona,72333.000,Water at Hydroelectric Turbine,2019
0227420,Gakona,10486.000,Distillate Fuel Oil,2020
0227420,Gakona,23442.000,Waste Oil,2020
0227420,Gakona,54317.000,Water at Hydroelectric Turbine,2020
0227420,Gakona,12132.000,Distillate Fuel Oil,2021
0227420,Gakona,25547.000,Waste Oil,2021
0227420,Gakona,58733.000,Water at Hydroelectric Turbine,2021
0227530,Galena,4818.001,Distillate Fuel Oil,2001
0227530,Galena,9623.987,Distillate Fuel Oil,2002
0227530,Galena,9467.802,Distillate Fuel Oil,2003
0227530,Galena,9501.236,Distillate Fuel Oil,2004
0227530,Galena,8149.150,Distillate Fuel Oil,2005
0227530,Galena,8640.322,Distillate Fuel Oil,2006
0227530,Galena,8171.830,Distillate Fuel Oil,2007
0227530,Galena,7164.277,Distillate Fuel Oil,2008
0227530,Galena,6181.849,Distillate Fuel Oil,2009
0227530,Galena,2983.924,Distillate Fuel Oil,2011
0227530,Galena,5902.679,Distillate Fuel Oil,2012
0227530,Galena,5615.133,Distillate Fuel Oil,2013
0227530,Galena,5842.295,Distillate Fuel Oil,2014
0227530,Galena,5437.142,Distillate Fuel Oil,2015
0227530,Galena,5533.936,Distillate Fuel Oil,2016
0227530,Galena,5765.649,Distillate Fuel Oil,2017
0227530,Galena,5821.688,Distillate Fuel Oil,2018
0227530,Galena,6033.332,Distillate Fuel Oil,2019
0227530,Galena,5311.047,Distillate Fuel Oil,2020
0227530,Galena,5360.972,Distillate Fuel Oil,2021
0227640,Gambell,1941.000,Distillate Fuel Oil,2001
0227640,Gambell,1983.829,Distillate Fuel Oil,2002
0227640,Gambell,1967.850,Distillate Fuel Oil,2003
0227640,Gambell,1989.341,Distillate Fuel Oil,2004
0227640,Gambell,1909.284,Distillate Fuel Oil,2005
0227640,Gambell,1851.739,Distillate Fuel Oil,2006
0227640,Gambell,1834.665,Distillate Fuel Oil,2007
0227640,Gambell,1902.018,Distillate Fuel Oil,2008
0227640,Gambell,1833.886,Distillate Fuel Oil,2009
0227640,Gambell,66.821,Wind,2009
0227640,Gambell,1633.992,Distillate Fuel Oil,2010
0227640,Gambell,216.565,Wind,2010
0227640,Gambell,1606.092,Distillate Fuel Oil,2011
0227640,Gambell,387.204,Wind,2011
0227640,Gambell,1550.971,Distillate Fuel Oil,2012
0227640,Gambell,453.598,Wind,2012
0227640,Gambell,1548.180,Distillate Fuel Oil,2013
0227640,Gambell,482.849,Wind,2013
0227640,Gambell,1561.583,Distillate Fuel Oil,2014
0227640,Gambell,422.778,Wind,2014
0227640,Gambell,1415.804,Distillate Fuel Oil,2015
0227640,Gambell,535.705,Wind,2015
0227640,Gambell,1323.628,Distillate Fuel Oil,2016
0227640,Gambell,684.108,Wind,2016
0227640,Gambell,1415.187,Distillate Fuel Oil,2017
0227640,Gambell,570.108,Wind,2017
0227640,Gambell,1505.860,Distillate Fuel Oil,2018
0227640,Gambell,475.560,Wind,2018
0227640,Gambell,1726.228,Distillate Fuel Oil,2019
0227640,Gambell,269.921,Wind,2019
0227640,Gambell,1639.707,Distillate Fuel Oil,2020
0227640,Gambell,329.483,Wind,2020
0227640,Gambell,2212.888,Distillate Fuel Oil,2021
0227640,Gambell,36.669,Wind,2021
0227700,Game Creek,,,
0228200,Gateway,146252.000,Water at Hydroelectric Turbine,2001
0228200,Gateway,161266.000,Water at Hydroelectric Turbine,2002
0228200,Gateway,177204.000,Water at Hydroelectric Turbine,2003
0228200,Gateway,173604.000,Water at Hydroelectric Turbine,2004
0228200,Gateway,134178.000,Water at Hydroelectric Turbine,2005
0228200,Gateway,66807.000,Water at Hydroelectric Turbine,2006
0228200,Gateway,62105.000,Water at Hydroelectric Turbine,2007
0228200,Gateway,57824.000,Water at Hydroelectric Turbine,2008
0228200,Gateway,57056.000,Water at Hydroelectric Turbine,2009
0228200,Gateway,74203.000,Water at Hydroelectric Turbine,2010
0228200,Gateway,66088.000,Water at Hydroelectric Turbine,2011
0228200,Gateway,71126.000,Water at Hydroelectric Turbine,2012
0228200,Gateway,45541.199,Landfill Gas,2013
0228200,Gateway,38.801,Natural Gas,2013
0228200,Gateway,89936.000,Water at Hydroelectric Turbine,2013
0228200,Gateway,56165.769,Landfill Gas,2014
0228200,Gateway,1.231,Natural Gas,2014
0228200,Gateway,83110.000,Water at Hydroelectric Turbine,2014
0228200,Gateway,0.000,Distillate Fuel Oil,2015
0228200,Gateway,50131.473,Landfill Gas,2015
0228200,Gateway,476985.527,Natural Gas,2015
0228200,Gateway,92243.000,Water at Hydroelectric Turbine,2015
0228200,Gateway,0.000,Distillate Fuel Oil,2016
0228200,Gateway,42514.846,Landfill Gas,2016
0228200,Gateway,819047.154,Natural Gas,2016
0228200,Gateway,76916.000,Water at Hydroelectric Turbine,2016
0228200,Gateway,0.000,Distillate Fuel Oil,2017
0228200,Gateway,42184.516,Landfill Gas,2017
0228200,Gateway,750519.484,Natural Gas,2017
0228200,Gateway,119240.000,Water at Hydroelectric Turbine,2017
0228200,Gateway,0.000,Distillate Fuel Oil,2018
0228200,Gateway,42684.134,Landfill Gas,2018
0228200,Gateway,615054.866,Natural Gas,2018
0228200,Gateway,168115.000,Water at Hydroelectric Turbine,2018
0228200,Gateway,0.000,Distillate Fuel Oil,2019
0228200,Gateway,36884.461,Landfill Gas,2019
0228200,Gateway,723828.539,Natural Gas,2019
0228200,Gateway,190971.000,Water at Hydroelectric Turbine,2019
0228200,Gateway,38945.273,Landfill Gas,2020
0228200,Gateway,729105.727,Natural Gas,2020
0228200,Gateway,170181.000,Water at Hydroelectric Turbine,2020
0228200,Gateway,38070.956,Landfill Gas,2021
0228200,Gateway,678574.044,Natural Gas,2021
0228200,Gateway,139994.000,Water at Hydroelectric Turbine,2021
0228200,Gateway,,,
0228590,Glacier View,146252.000,Water at Hydroelectric Turbine,2001
0228590,Glacier View,161266.000,Water at Hydroelectric Turbine,2002
0228590,Glacier View,177204.000,Water at Hydroelectric Turbine,2003
0228590,Glacier View,173604.000,Water at Hydroelectric Turbine,2004
0228590,Glacier View,134178.000,Water at Hydroelectric Turbine,2005
0228590,Glacier View,66807.000,Water at Hydroelectric Turbine,2006
0228590,Glacier View,62105.000,Water at Hydroelectric Turbine,2007
0228590,Glacier View,57824.000,Water at Hydroelectric Turbine,2008
0228590,Glacier View,57056.000,Water at Hydroelectric Turbine,2009
0228590,Glacier View,74203.000,Water at Hydroelectric Turbine,2010
0228590,Glacier View,66088.000,Water at Hydroelectric Turbine,2011
0228590,Glacier View,71126.000,Water at Hydroelectric Turbine,2012
0228590,Glacier View,45541.199,Landfill Gas,2013
0228590,Glacier View,38.801,Natural Gas,2013
0228590,Glacier View,89936.000,Water at Hydroelectric Turbine,2013
0228590,Glacier View,56165.769,Landfill Gas,2014
0228590,Glacier View,1.231,Natural Gas,2014
0228590,Glacier View,83110.000,Water at Hydroelectric Turbine,2014
0228590,Glacier View,0.000,Distillate Fuel Oil,2015
0228590,Glacier View,50131.473,Landfill Gas,2015
0228590,Glacier View,476985.527,Natural Gas,2015
0228590,Glacier View,92243.000,Water at Hydroelectric Turbine,2015
0228590,Glacier View,0.000,Distillate Fuel Oil,2016
0228590,Glacier View,42514.846,Landfill Gas,2016
0228590,Glacier View,819047.154,Natural Gas,2016
0228590,Glacier View,76916.000,Water at Hydroelectric Turbine,2016
0228590,Glacier View,0.000,Distillate Fuel Oil,2017
0228590,Glacier View,42184.516,Landfill Gas,2017
0228590,Glacier View,750519.484,Natural Gas,2017
0228590,Glacier View,119240.000,Water at Hydroelectric Turbine,2017
0228590,Glacier View,0.000,Distillate Fuel Oil,2018
0228590,Glacier View,42684.134,Landfill Gas,2018
0228590,Glacier View,615054.866,Natural Gas,2018
0228590,Glacier View,168115.000,Water at Hydroelectric Turbine,2018
0228590,Glacier View,0.000,Distillate Fuel Oil,2019
0228590,Glacier View,36884.461,Landfill Gas,2019
0228590,Glacier View,723828.539,Natural Gas,2019
0228590,Glacier View,190971.000,Water at Hydroelectric Turbine,2019
0228590,Glacier View,38945.273,Landfill Gas,2020
0228590,Glacier View,729105.727,Natural Gas,2020
0228590,Glacier View,170181.000,Water at Hydroelectric Turbine,2020
0228590,Glacier View,38070.956,Landfill Gas,2021
0228590,Glacier View,678574.044,Natural Gas,2021
0228590,Glacier View,139994.000,Water at Hydroelectric Turbine,2021
0228590,Glacier View,,,
0228740,Glennallen,19012.999,Distillate Fuel Oil,2001
0228740,Glennallen,50788.001,Water at Hydroelectric Turbine,2001
0228740,Glennallen,11380.999,Distillate Fuel Oil,2002
0228740,Glennallen,0.000,Jet Fuel,2002
0228740,Glennallen,18565.000,Waste Oil,2002
0228740,Glennallen,56651.000,Water at Hydroelectric Turbine,2002
0228740,Glennallen,9009.296,Distillate Fuel Oil,2003
0228740,Glennallen,21484.001,Jet Fuel,2003
0228740,Glennallen,52811.998,Water at Hydroelectric Turbine,2003
0228740,Glennallen,10104.640,Distillate Fuel Oil,2004
0228740,Glennallen,21429.000,Jet Fuel,2004
0228740,Glennallen,51353.001,Water at Hydroelectric Turbine,2004
0228740,Glennallen,12625.558,Distillate Fuel Oil,2005
0228740,Glennallen,20519.000,Jet Fuel,2005
0228740,Glennallen,49426.999,Water at Hydroelectric Turbine,2005
0228740,Glennallen,10526.475,Distillate Fuel Oil,2006
0228740,Glennallen,19680.001,Jet Fuel,2006
0228740,Glennallen,54916.999,Water at Hydroelectric Turbine,2006
0228740,Glennallen,14456.820,Distillate Fuel Oil,2007
0228740,Glennallen,32393.999,Jet Fuel,2007
0228740,Glennallen,34556.000,Water at Hydroelectric Turbine,2007
0228740,Glennallen,7705.000,Distillate Fuel Oil,2008
0228740,Glennallen,24031.000,Jet Fuel,2008
0228740,Glennallen,47429.000,Water at Hydroelectric Turbine,2008
0228740,Glennallen,12229.725,Distillate Fuel Oil,2009
0228740,Glennallen,6756.000,Jet Fuel,2009
0228740,Glennallen,44988.000,Water at Hydroelectric Turbine,2009
0228740,Glennallen,5850.405,Distillate Fuel Oil,2010
0228740,Glennallen,30043.000,Jet Fuel,2010
0228740,Glennallen,44758.000,Water at Hydroelectric Turbine,2010
0228740,Glennallen,15160.000,Distillate Fuel Oil,2011
0228740,Glennallen,17519.000,Jet Fuel,2011
0228740,Glennallen,46189.000,Water at Hydroelectric Turbine,2011
0228740,Glennallen,14645.108,Distillate Fuel Oil,2012
0228740,Glennallen,29655.000,Jet Fuel,2012
0228740,Glennallen,44135.000,Water at Hydroelectric Turbine,2012
0228740,Glennallen,15495.027,Distillate Fuel Oil,2013
0228740,Glennallen,0.000,Jet Fuel,2013
0228740,Glennallen,17027.000,Waste Oil,2013
0228740,Glennallen,54750.000,Water at Hydroelectric Turbine,2013
0228740,Glennallen,9933.580,Distillate Fuel Oil,2014
0228740,Glennallen,0.000,Jet Fuel,2014
0228740,Glennallen,21217.000,Waste Oil,2014
0228740,Glennallen,54955.000,Water at Hydroelectric Turbine,2014
0228740,Glennallen,9040.578,Distillate Fuel Oil,2015
0228740,Glennallen,0.000,Jet Fuel,2015
0228740,Glennallen,21316.000,Waste Oil,2015
0228740,Glennallen,55982.000,Water at Hydroelectric Turbine,2015
0228740,Glennallen,11183.989,Distillate Fuel Oil,2016
0228740,Glennallen,0.000,Jet Fuel,2016
0228740,Glennallen,17636.000,Waste Oil,2016
0228740,Glennallen,55731.000,Water at Hydroelectric Turbine,2016
0228740,Glennallen,10387.013,Distillate Fuel Oil,2017
0228740,Glennallen,0.000,Jet Fuel,2017
0228740,Glennallen,21411.000,Waste Oil,2017
0228740,Glennallen,56473.000,Water at Hydroelectric Turbine,2017
0228740,Glennallen,9662.000,Distillate Fuel Oil,2018
0228740,Glennallen,0.000,Jet Fuel,2018
0228740,Glennallen,16993.000,Waste Oil,2018
0228740,Glennallen,65164.000,Water at Hydroelectric Turbine,2018
0228740,Glennallen,6062.000,Distillate Fuel Oil,2019
0228740,Glennallen,0.000,Jet Fuel,2019
0228740,Glennallen,17823.000,Waste Oil,2019
0228740,Glennallen,72333.000,Water at Hydroelectric Turbine,2019
0228740,Glennallen,10486.000,Distillate Fuel Oil,2020
0228740,Glennallen,23442.000,Waste Oil,2020
0228740,Glennallen,54317.000,Water at Hydroelectric Turbine,2020
0228740,Glennallen,12132.000,Distillate Fuel Oil,2021
0228740,Glennallen,25547.000,Waste Oil,2021
0228740,Glennallen,58733.000,Water at Hydroelectric Turbine,2021
0229130,Goldstream,320199.883,Coal,2001
0229130,Goldstream,10180.000,Distillate Fuel Oil,2001
0229130,Goldstream,579967.000,Residual Fuel Oil,2001
0229130,Goldstream,481090.841,Coal,2002
0229130,Goldstream,17426.909,Distillate Fuel Oil,2002
0229130,Goldstream,546300.000,Residual Fuel Oil,2002
0229130,Goldstream,32.000,Waste Oil,2002
0229130,Goldstream,1031.000,Wood Waste Solids,2002
0229130,Goldstream,456747.980,Coal,2003
0229130,Goldstream,6308.990,Distillate Fuel Oil,2003
0229130,Goldstream,453733.000,Residual Fuel Oil,2003
0229130,Goldstream,64.000,Waste Oil,2003
0229130,Goldstream,758.001,Wood Waste Solids,2003
0229130,Goldstream,519938.432,Coal,2004
0229130,Goldstream,9963.938,Distillate Fuel Oil,2004
0229130,Goldstream,360379.000,Residual Fuel Oil,2004
0229130,Goldstream,0.000,Waste Oil,2004
0229130,Goldstream,388.500,Wood Waste Solids,2004
0229130,Goldstream,525017.007,Coal,2005
0229130,Goldstream,2907.565,Distillate Fuel Oil,2005
0229130,Goldstream,360562.000,Residual Fuel Oil,2005
0229130,Goldstream,0.000,Waste Oil,2005
0229130,Goldstream,382.565,Wood Waste Solids,2005
0229130,Goldstream,532341.253,Coal,2006
0229130,Goldstream,3215.258,Distillate Fuel Oil,2006
0229130,Goldstream,337599.000,Residual Fuel Oil,2006
0229130,Goldstream,0.000,Waste Oil,2006
0229130,Goldstream,515.509,Wood Waste Solids,2006
0229130,Goldstream,538127.163,Coal,2007
0229130,Goldstream,5102.496,Distillate Fuel Oil,2007
0229130,Goldstream,284406.908,Jet Fuel,2007
0229130,Goldstream,436.577,Natural Gas,2007
0229130,Goldstream,266301.606,Residual Fuel Oil,2007
0229130,Goldstream,0.000,Waste Oil,2007
0229130,Goldstream,21.755,Wood Waste Solids,2007
0229130,Goldstream,512423.237,Coal,2008
0229130,Goldstream,5916.308,Distillate Fuel Oil,2008
0229130,Goldstream,387339.730,Jet Fuel,2008
0229130,Goldstream,0.000,Natural Gas,2008
0229130,Goldstream,126668.178,Residual Fuel Oil,2008
0229130,Goldstream,0.000,Wood Waste Solids,2008
0229130,Goldstream,515890.711,Coal,2009
0229130,Goldstream,7005.089,Distillate Fuel Oil,2009
0229130,Goldstream,370545.007,Jet Fuel,2009
0229130,Goldstream,0.000,Natural Gas,2009
0229130,Goldstream,343136.891,Residual Fuel Oil,2009
0229130,Goldstream,463538.211,Coal,2010
0229130,Goldstream,7652.130,Distillate Fuel Oil,2010
0229130,Goldstream,0.000,Jet Fuel,2010
0229130,Goldstream,639.868,Natural Gas,2010
0229130,Goldstream,192178.603,Residual Fuel Oil,2010
0229130,Goldstream,423964.882,Coal,2011
0229130,Goldstream,3653.416,Distillate Fuel Oil,2011
0229130,Goldstream,155547.000,Jet Fuel,2011
0229130,Goldstream,2837.823,Natural Gas,2011
0229130,Goldstream,102593.325,Residual Fuel Oil,2011
0229130,Goldstream,463815.730,Coal,2012
0229130,Goldstream,5994.123,Distillate Fuel Oil,2012
0229130,Goldstream,197942.000,Jet Fuel,2012
0229130,Goldstream,2683.523,Natural Gas,2012
0229130,Goldstream,175535.364,Residual Fuel Oil,2012
0229130,Goldstream,374005.564,Coal,2013
0229130,Goldstream,3916.995,Distillate Fuel Oil,2013
0229130,Goldstream,91958.000,Jet Fuel,2013
0229130,Goldstream,5000.441,Natural Gas,2013
0229130,Goldstream,33991.362,Residual Fuel Oil,2013
0229130,Goldstream,72610.000,Wind,2013
0229130,Goldstream,0.000,Wood Waste Solids,2013
0229130,Goldstream,376282.303,Coal,2014
0229130,Goldstream,1508.242,Distillate Fuel Oil,2014
0229130,Goldstream,131279.730,Jet Fuel,2014
0229130,Goldstream,2161.112,Natural Gas,2014
0229130,Goldstream,47426.548,Residual Fuel Oil,2014
0229130,Goldstream,76279.000,Wind,2014
0229130,Goldstream,0.000,Wood Waste Solids,2014
0229130,Goldstream,432567.508,Coal,2015
0229130,Goldstream,14837.204,Distillate Fuel Oil,2015
0229130,Goldstream,0.000,Jet Fuel,2015
0229130,Goldstream,0.000,Natural Gas,2015
0229130,Goldstream,48522.553,Residual Fuel Oil,2015
0229130,Goldstream,163960.164,Waste Oil,2015
0229130,Goldstream,76784.000,Wind,2015
0229130,Goldstream,0.000,Wood Waste Solids,2015
0229130,Goldstream,395864.156,Coal,2016
0229130,Goldstream,46782.391,Distillate Fuel Oil,2016
0229130,Goldstream,-2392.000,Electricity used for Energy Storage,2016
0229130,Goldstream,0.000,Jet Fuel,2016
0229130,Goldstream,1129.934,Natural Gas,2016
0229130,Goldstream,0.000,Residual Fuel Oil,2016
0229130,Goldstream,48474.738,Waste Oil,2016
0229130,Goldstream,78291.000,Wind,2016
0229130,Goldstream,0.000,Wood Waste Solids,2016
0229130,Goldstream,356409.011,Coal,2017
0229130,Goldstream,70874.044,Distillate Fuel Oil,2017
0229130,Goldstream,-2711.000,Electricity used for Energy Storage,2017
0229130,Goldstream,0.000,Jet Fuel,2017
0229130,Goldstream,554.666,Natural Gas,2017
0229130,Goldstream,0.000,Residual Fuel Oil,2017
0229130,Goldstream,144787.681,Waste Oil,2017
0229130,Goldstream,64121.000,Wind,2017
0229130,Goldstream,0.000,Wood Waste Solids,2017
0229130,Goldstream,392019.635,Coal,2018
0229130,Goldstream,64419.043,Distillate Fuel Oil,2018
0229130,Goldstream,-2428.000,Electricity used for Energy Storage,2018
0229130,Goldstream,0.000,Jet Fuel,2018
0229130,Goldstream,0.000,Natural Gas,2018
0229130,Goldstream,0.000,Residual Fuel Oil,2018
0229130,Goldstream,82114.648,Waste Oil,2018
0229130,Goldstream,70012.000,Wind,2018
0229130,Goldstream,0.000,Wood Waste Solids,2018
0229130,Goldstream,0.000,Agricultural By-Products,2019
0229130,Goldstream,481171.537,Coal,2019
0229130,Goldstream,28027.598,Distillate Fuel Oil,2019
0229130,Goldstream,-3280.000,Electricity used for Energy Storage,2019
0229130,Goldstream,2627.119,Jet Fuel,2019
0229130,Goldstream,0.080,Natural Gas,2019
0229130,Goldstream,0.000,Residual Fuel Oil,2019
0229130,Goldstream,164462.097,Waste Oil,2019
0229130,Goldstream,64076.000,Wind,2019
0229130,Goldstream,0.000,Wood Waste Solids,2019
0229130,Goldstream,466648.747,Coal,2020
0229130,Goldstream,153461.063,Distillate Fuel Oil,2020
0229130,Goldstream,-2810.000,Electricity used for Energy Storage,2020
0229130,Goldstream,2081.775,Jet Fuel,2020
0229130,Goldstream,6.054,Natural Gas,2020
0229130,Goldstream,211433.728,Waste Oil,2020
0229130,Goldstream,49937.000,Wind,2020
0229130,Goldstream,503966.256,Coal,2021
0229130,Goldstream,88907.304,Distillate Fuel Oil,2021
0229130,Goldstream,-3433.000,Electricity used for Energy Storage,2021
0229130,Goldstream,671.883,Jet Fuel,2021
0229130,Goldstream,3.471,Natural Gas,2021
0229130,Goldstream,184970.610,Waste Oil,2021
0229130,Goldstream,60302.000,Wind,2021
0229130,Goldstream,,,
0229180,Golovin,275.195,Distillate Fuel Oil,2001
0229180,Golovin,586.385,Distillate Fuel Oil,2002
0229180,Golovin,690.535,Distillate Fuel Oil,2003
0229180,Golovin,747.478,Distillate Fuel Oil,2004
0229180,Golovin,700.994,Distillate Fuel Oil,2005
0229180,Golovin,724.034,Distillate Fuel Oil,2006
0229180,Golovin,735.917,Distillate Fuel Oil,2007
0229180,Golovin,739.025,Distillate Fuel Oil,2008
0229180,Golovin,745.800,Distillate Fuel Oil,2009
0229180,Golovin,753.372,Distillate Fuel Oil,2010
0229180,Golovin,781.700,Distillate Fuel Oil,2011
0229180,Golovin,839.827,Distillate Fuel Oil,2012
0229180,Golovin,837.602,Distillate Fuel Oil,2013
0229180,Golovin,829.901,Distillate Fuel Oil,2014
0229180,Golovin,941.408,Distillate Fuel Oil,2015
0229180,Golovin,935.455,Distillate Fuel Oil,2016
0229180,Golovin,1037.158,Distillate Fuel Oil,2017
0229180,Golovin,935.344,Distillate Fuel Oil,2018
0229180,Golovin,950.660,Distillate Fuel Oil,2019
0229180,Golovin,916.228,Distillate Fuel Oil,2020
0229180,Golovin,949.804,Distillate Fuel Oil,2021
0229290,Goodnews Bay,673.001,Distillate Fuel Oil,2001
0229290,Goodnews Bay,698.793,Distillate Fuel Oil,2002
0229290,Goodnews Bay,676.516,Distillate Fuel Oil,2003
0229290,Goodnews Bay,707.423,Distillate Fuel Oil,2004
0229290,Goodnews Bay,705.286,Distillate Fuel Oil,2005
0229290,Goodnews Bay,682.515,Distillate Fuel Oil,2006
0229290,Goodnews Bay,676.151,Distillate Fuel Oil,2007
0229290,Goodnews Bay,703.073,Distillate Fuel Oil,2008
0229290,Goodnews Bay,753.804,Distillate Fuel Oil,2009
0229290,Goodnews Bay,757.710,Distillate Fuel Oil,2010
0229290,Goodnews Bay,787.484,Distillate Fuel Oil,2011
0229290,Goodnews Bay,845.826,Distillate Fuel Oil,2012
0229290,Goodnews Bay,742.886,Distillate Fuel Oil,2013
0229290,Goodnews Bay,686.252,Distillate Fuel Oil,2014
0229290,Goodnews Bay,680.650,Distillate Fuel Oil,2015
0229290,Goodnews Bay,682.065,Distillate Fuel Oil,2016
0229290,Goodnews Bay,723.318,Distillate Fuel Oil,2017
0229290,Goodnews Bay,740.611,Distillate Fuel Oil,2018
0229290,Goodnews Bay,728.480,Distillate Fuel Oil,2019
0229290,Goodnews Bay,752.054,Distillate Fuel Oil,2020
0229290,Goodnews Bay,779.871,Distillate Fuel Oil,2021
0230060,Grayling,506.001,Distillate Fuel Oil,2001
0230060,Grayling,510.460,Distillate Fuel Oil,2002
0230060,Grayling,544.059,Distillate Fuel Oil,2003
0230060,Grayling,604.552,Distillate Fuel Oil,2004
0230060,Grayling,556.613,Distillate Fuel Oil,2005
0230060,Grayling,556.735,Distillate Fuel Oil,2006
0230060,Grayling,591.346,Distillate Fuel Oil,2007
0230060,Grayling,585.985,Distillate Fuel Oil,2008
0230060,Grayling,622.688,Distillate Fuel Oil,2009
0230060,Grayling,621.012,Distillate Fuel Oil,2010
0230060,Grayling,585.029,Distillate Fuel Oil,2011
0230060,Grayling,587.546,Distillate Fuel Oil,2012
0230060,Grayling,610.184,Distillate Fuel Oil,2013
0230060,Grayling,592.948,Distillate Fuel Oil,2014
0230060,Grayling,609.336,Distillate Fuel Oil,2015
0230060,Grayling,624.019,Distillate Fuel Oil,2016
0230060,Grayling,621.474,Distillate Fuel Oil,2017
0230060,Grayling,655.079,Distillate Fuel Oil,2018
0230060,Grayling,654.537,Distillate Fuel Oil,2019
0230060,Grayling,653.196,Distillate Fuel Oil,2020
0230060,Grayling,611.708,Distillate Fuel Oil,2021
0230500,Gulkana,19012.999,Distillate Fuel Oil,2001
0230500,Gulkana,50788.001,Water at Hydroelectric Turbine,2001
0230500,Gulkana,11380.999,Distillate Fuel Oil,2002
0230500,Gulkana,0.000,Jet Fuel,2002
0230500,Gulkana,18565.000,Waste Oil,2002
0230500,Gulkana,56651.000,Water at Hydroelectric Turbine,2002
0230500,Gulkana,9009.296,Distillate Fuel Oil,2003
0230500,Gulkana,21484.001,Jet Fuel,2003
0230500,Gulkana,52811.998,Water at Hydroelectric Turbine,2003
0230500,Gulkana,10104.640,Distillate Fuel Oil,2004
0230500,Gulkana,21429.000,Jet Fuel,2004
0230500,Gulkana,51353.001,Water at Hydroelectric Turbine,2004
0230500,Gulkana,12625.558,Distillate Fuel Oil,2005
0230500,Gulkana,20519.000,Jet Fuel,2005
0230500,Gulkana,49426.999,Water at Hydroelectric Turbine,2005
0230500,Gulkana,10526.475,Distillate Fuel Oil,2006
0230500,Gulkana,19680.001,Jet Fuel,2006
0230500,Gulkana,54916.999,Water at Hydroelectric Turbine,2006
0230500,Gulkana,14456.820,Distillate Fuel Oil,2007
0230500,Gulkana,32393.999,Jet Fuel,2007
0230500,Gulkana,34556.000,Water at Hydroelectric Turbine,2007
0230500,Gulkana,7705.000,Distillate Fuel Oil,2008
0230500,Gulkana,24031.000,Jet Fuel,2008
0230500,Gulkana,47429.000,Water at Hydroelectric Turbine,2008
0230500,Gulkana,12229.725,Distillate Fuel Oil,2009
0230500,Gulkana,6756.000,Jet Fuel,2009
0230500,Gulkana,44988.000,Water at Hydroelectric Turbine,2009
0230500,Gulkana,5850.405,Distillate Fuel Oil,2010
0230500,Gulkana,30043.000,Jet Fuel,2010
0230500,Gulkana,44758.000,Water at Hydroelectric Turbine,2010
0230500,Gulkana,15160.000,Distillate Fuel Oil,2011
0230500,Gulkana,17519.000,Jet Fuel,2011
0230500,Gulkana,46189.000,Water at Hydroelectric Turbine,2011
0230500,Gulkana,14645.108,Distillate Fuel Oil,2012
0230500,Gulkana,29655.000,Jet Fuel,2012
0230500,Gulkana,44135.000,Water at Hydroelectric Turbine,2012
0230500,Gulkana,15495.027,Distillate Fuel Oil,2013
0230500,Gulkana,0.000,Jet Fuel,2013
0230500,Gulkana,17027.000,Waste Oil,2013
0230500,Gulkana,54750.000,Water at Hydroelectric Turbine,2013
0230500,Gulkana,9933.580,Distillate Fuel Oil,2014
0230500,Gulkana,0.000,Jet Fuel,2014
0230500,Gulkana,21217.000,Waste Oil,2014
0230500,Gulkana,54955.000,Water at Hydroelectric Turbine,2014
0230500,Gulkana,9040.578,Distillate Fuel Oil,2015
0230500,Gulkana,0.000,Jet Fuel,2015
0230500,Gulkana,21316.000,Waste Oil,2015
0230500,Gulkana,55982.000,Water at Hydroelectric Turbine,2015
0230500,Gulkana,11183.989,Distillate Fuel Oil,2016
0230500,Gulkana,0.000,Jet Fuel,2016
0230500,Gulkana,17636.000,Waste Oil,2016
0230500,Gulkana,55731.000,Water at Hydroelectric Turbine,2016
0230500,Gulkana,10387.013,Distillate Fuel Oil,2017
0230500,Gulkana,0.000,Jet Fuel,2017
0230500,Gulkana,21411.000,Waste Oil,2017
0230500,Gulkana,56473.000,Water at Hydroelectric Turbine,2017
0230500,Gulkana,9662.000,Distillate Fuel Oil,2018
0230500,Gulkana,0.000,Jet Fuel,2018
0230500,Gulkana,16993.000,Waste Oil,2018
0230500,Gulkana,65164.000,Water at Hydroelectric Turbine,2018
0230500,Gulkana,6062.000,Distillate Fuel Oil,2019
0230500,Gulkana,0.000,Jet Fuel,2019
0230500,Gulkana,17823.000,Waste Oil,2019
0230500,Gulkana,72333.000,Water at Hydroelectric Turbine,2019
0230500,Gulkana,10486.000,Distillate Fuel Oil,2020
0230500,Gulkana,23442.000,Waste Oil,2020
0230500,Gulkana,54317.000,Water at Hydroelectric Turbine,2020
0230500,Gulkana,12132.000,Distillate Fuel Oil,2021
0230500,Gulkana,25547.000,Waste Oil,2021
0230500,Gulkana,58733.000,Water at Hydroelectric Turbine,2021
0230940,Gustavus,832.800,Distillate Fuel Oil,2001
0230940,Gustavus,1638.900,Distillate Fuel Oil,2002
0230940,Gustavus,1712.700,Distillate Fuel Oil,2003
0230940,Gustavus,1731.800,Distillate Fuel Oil,2004
0230940,Gustavus,1670.400,Distillate Fuel Oil,2005
0230940,Gustavus,1691.700,Distillate Fuel Oil,2006
0230940,Gustavus,1764.475,Distillate Fuel Oil,2007
0230940,Gustavus,1802.615,Distillate Fuel Oil,2008
0230940,Gustavus,1012.655,Distillate Fuel Oil,2009
0230940,Gustavus,1594.752,Water at Hydroelectric Turbine,2009
0230940,Gustavus,39.100,Distillate Fuel Oil,2010
0230940,Gustavus,1868.080,Water at Hydroelectric Turbine,2010
0230940,Gustavus,141.386,Distillate Fuel Oil,2011
0230940,Gustavus,1954.519,Water at Hydroelectric Turbine,2011
0230940,Gustavus,225.503,Distillate Fuel Oil,2012
0230940,Gustavus,1975.298,Water at Hydroelectric Turbine,2012
0230940,Gustavus,92.287,Distillate Fuel Oil,2013
0230940,Gustavus,1939.012,Water at Hydroelectric Turbine,2013
0230940,Gustavus,36.896,Distillate Fuel Oil,2014
0230940,Gustavus,1974.158,Water at Hydroelectric Turbine,2014
0230940,Gustavus,33.283,Distillate Fuel Oil,2015
0230940,Gustavus,2115.992,Water at Hydroelectric Turbine,2015
0230940,Gustavus,43.910,Distillate Fuel Oil,2016
0230940,Gustavus,2236.793,Water at Hydroelectric Turbine,2016
0230940,Gustavus,189.962,Distillate Fuel Oil,2017
0230940,Gustavus,2206.957,Water at Hydroelectric Turbine,2017
0230940,Gustavus,223.788,Distillate Fuel Oil,2018
0230940,Gustavus,2205.052,Water at Hydroelectric Turbine,2018
0230940,Gustavus,239.997,Distillate Fuel Oil,2019
0230940,Gustavus,2151.827,Water at Hydroelectric Turbine,2019
0230940,Gustavus,122.360,Distillate Fuel Oil,2020
0230940,Gustavus,2305.657,Water at Hydroelectric Turbine,2020
0230940,Gustavus,533.567,Distillate Fuel Oil,2021
0230940,Gustavus,2189.357,Water at Hydroelectric Turbine,2021
0231050,Haines,300.800,Distillate Fuel Oil,2001
0231050,Haines,1065.600,Distillate Fuel Oil,2002
0231050,Haines,180.376,Distillate Fuel Oil,2003
0231050,Haines,750.256,Distillate Fuel Oil,2004
0231050,Haines,130.069,Distillate Fuel Oil,2005
0231050,Haines,54.062,Distillate Fuel Oil,2006
0231050,Haines,499.677,Distillate Fuel Oil,2007
0231050,Haines,195.810,Distillate Fuel Oil,2008
0231050,Haines,239.702,Distillate Fuel Oil,2009
0231050,Haines,72.282,Distillate Fuel Oil,2010
0231050,Haines,485.200,Distillate Fuel Oil,2011
0231050,Haines,192.420,Distillate Fuel Oil,2012
0231050,Haines,1532.828,Distillate Fuel Oil,2013
0231050,Haines,214.889,Distillate Fuel Oil,2014
0231050,Haines,131.460,Distillate Fuel Oil,2015
0231050,Haines,122.683,Distillate Fuel Oil,2016
0231050,Haines,277.439,Distillate Fuel Oil,2017
0231050,Haines,1461.111,Distillate Fuel Oil,2018
0231050,Haines,-72.000,Distillate Fuel Oil,2019
0231050,Haines,124.000,Distillate Fuel Oil,2020
0231050,Haines,1390.000,Distillate Fuel Oil,2021
0231050,Haines,,,
0231270,Halibut Cove,490.999,Distillate Fuel Oil,2001
0231270,Halibut Cove,426710.001,Natural Gas,2001
0231270,Halibut Cove,345681.000,Water at Hydroelectric Turbine,2001
0231270,Halibut Cove,355.740,Distillate Fuel Oil,2002
0231270,Halibut Cove,473327.141,Natural Gas,2002
0231270,Halibut Cove,484899.000,Water at Hydroelectric Turbine,2002
0231270,Halibut Cove,243.001,Distillate Fuel Oil,2003
0231270,Halibut Cove,399766.998,Natural Gas,2003
0231270,Halibut Cove,500875.000,Water at Hydroelectric Turbine,2003
0231270,Halibut Cove,336.702,Distillate Fuel Oil,2004
0231270,Halibut Cove,398518.890,Natural Gas,2004
0231270,Halibut Cove,429709.000,Water at Hydroelectric Turbine,2004
0231270,Halibut Cove,235.643,Distillate Fuel Oil,2005
0231270,Halibut Cove,490271.637,Natural Gas,2005
0231270,Halibut Cove,452757.000,Water at Hydroelectric Turbine,2005
0231270,Halibut Cove,236.000,Distillate Fuel Oil,2006
0231270,Halibut Cove,2147.575,Jet Fuel,2006
0231270,Halibut Cove,451056.328,Natural Gas,2006
0231270,Halibut Cove,343766.000,Water at Hydroelectric Turbine,2006
0231270,Halibut Cove,382.001,Distillate Fuel Oil,2007
0231270,Halibut Cove,264.025,Jet Fuel,2007
0231270,Halibut Cove,443609.870,Natural Gas,2007
0231270,Halibut Cove,336288.000,Water at Hydroelectric Turbine,2007
0231270,Halibut Cove,22.000,Distillate Fuel Oil,2008
0231270,Halibut Cove,3.268,Jet Fuel,2008
0231270,Halibut Cove,473626.372,Natural Gas,2008
0231270,Halibut Cove,296759.000,Water at Hydroelectric Turbine,2008
0231270,Halibut Cove,324.649,Distillate Fuel Oil,2009
0231270,Halibut Cove,163.399,Jet Fuel,2009
0231270,Halibut Cove,378362.432,Natural Gas,2009
0231270,Halibut Cove,362293.410,Water at Hydroelectric Turbine,2009
0231270,Halibut Cove,202.000,Distillate Fuel Oil,2010
0231270,Halibut Cove,0.000,Jet Fuel,2010
0231270,Halibut Cove,354378.140,Natural Gas,2010
0231270,Halibut Cove,348270.970,Water at Hydroelectric Turbine,2010
0231270,Halibut Cove,160.167,Distillate Fuel Oil,2011
0231270,Halibut Cove,0.000,Jet Fuel,2011
0231270,Halibut Cove,375394.769,Natural Gas,2011
0231270,Halibut Cove,2738.304,Other Gas,2011
0231270,Halibut Cove,303900.000,Water at Hydroelectric Turbine,2011
0231270,Halibut Cove,214.332,Distillate Fuel Oil,2012
0231270,Halibut Cove,0.000,Jet Fuel,2012
0231270,Halibut Cove,355032.847,Natural Gas,2012
0231270,Halibut Cove,2658.441,Other Gas,2012
0231270,Halibut Cove,397373.000,Water at Hydroelectric Turbine,2012
0231270,Halibut Cove,101.277,Distillate Fuel Oil,2013
0231270,Halibut Cove,0.000,Jet Fuel,2013
0231270,Halibut Cove,201008.184,Natural Gas,2013
0231270,Halibut Cove,430.659,Waste Oil,2013
0231270,Halibut Cove,368254.000,Water at Hydroelectric Turbine,2013
0231270,Halibut Cove,444.000,Distillate Fuel Oil,2014
0231270,Halibut Cove,0.000,Jet Fuel,2014
0231270,Halibut Cove,306144.240,Natural Gas,2014
0231270,Halibut Cove,0.000,Waste Oil,2014
0231270,Halibut Cove,432575.000,Water at Hydroelectric Turbine,2014
0231270,Halibut Cove,228.103,Distillate Fuel Oil,2015
0231270,Halibut Cove,0.000,Jet Fuel,2015
0231270,Halibut Cove,315789.997,Natural Gas,2015
0231270,Halibut Cove,471705.000,Water at Hydroelectric Turbine,2015
0231270,Halibut Cove,87.000,Distillate Fuel Oil,2016
0231270,Halibut Cove,0.000,Jet Fuel,2016
0231270,Halibut Cove,316448.000,Natural Gas,2016
0231270,Halibut Cove,430509.000,Water at Hydroelectric Turbine,2016
0231270,Halibut Cove,15.000,Distillate Fuel Oil,2017
0231270,Halibut Cove,0.000,Jet Fuel,2017
0231270,Halibut Cove,316493.000,Natural Gas,2017
0231270,Halibut Cove,387059.000,Water at Hydroelectric Turbine,2017
0231270,Halibut Cove,85.461,Distillate Fuel Oil,2018
0231270,Halibut Cove,0.000,Jet Fuel,2018
0231270,Halibut Cove,276027.539,Natural Gas,2018
0231270,Halibut Cove,404479.000,Water at Hydroelectric Turbine,2018
0231270,Halibut Cove,63.000,Distillate Fuel Oil,2019
0231270,Halibut Cove,0.000,Jet Fuel,2019
0231270,Halibut Cove,237333.000,Natural Gas,2019
0231270,Halibut Cove,413592.000,Water at Hydroelectric Turbine,2019
0231270,Halibut Cove,4329.915,Distillate Fuel Oil,2020
0231270,Halibut Cove,302127.085,Natural Gas,2020
0231270,Halibut Cove,466635.000,Water at Hydroelectric Turbine,2020
0231270,Halibut Cove,224.000,Distillate Fuel Oil,2021
0231270,Halibut Cove,290511.000,Natural Gas,2021
0231270,Halibut Cove,391018.000,Water at Hydroelectric Turbine,2021
0231710,Happy Valley,490.999,Distillate Fuel Oil,2001
0231710,Happy Valley,426710.001,Natural Gas,2001
0231710,Happy Valley,345681.000,Water at Hydroelectric Turbine,2001
0231710,Happy Valley,355.740,Distillate Fuel Oil,2002
0231710,Happy Valley,473327.141,Natural Gas,2002
0231710,Happy Valley,484899.000,Water at Hydroelectric Turbine,2002
0231710,Happy Valley,243.001,Distillate Fuel Oil,2003
0231710,Happy Valley,399766.998,Natural Gas,2003
0231710,Happy Valley,500875.000,Water at Hydroelectric Turbine,2003
0231710,Happy Valley,336.702,Distillate Fuel Oil,2004
0231710,Happy Valley,398518.890,Natural Gas,2004
0231710,Happy Valley,429709.000,Water at Hydroelectric Turbine,2004
0231710,Happy Valley,235.643,Distillate Fuel Oil,2005
0231710,Happy Valley,490271.637,Natural Gas,2005
0231710,Happy Valley,452757.000,Water at Hydroelectric Turbine,2005
0231710,Happy Valley,236.000,Distillate Fuel Oil,2006
0231710,Happy Valley,2147.575,Jet Fuel,2006
0231710,Happy Valley,451056.328,Natural Gas,2006
0231710,Happy Valley,343766.000,Water at Hydroelectric Turbine,2006
0231710,Happy Valley,382.001,Distillate Fuel Oil,2007
0231710,Happy Valley,264.025,Jet Fuel,2007
0231710,Happy Valley,443609.870,Natural Gas,2007
0231710,Happy Valley,336288.000,Water at Hydroelectric Turbine,2007
0231710,Happy Valley,22.000,Distillate Fuel Oil,2008
0231710,Happy Valley,3.268,Jet Fuel,2008
0231710,Happy Valley,473626.372,Natural Gas,2008
0231710,Happy Valley,296759.000,Water at Hydroelectric Turbine,2008
0231710,Happy Valley,324.649,Distillate Fuel Oil,2009
0231710,Happy Valley,163.399,Jet Fuel,2009
0231710,Happy Valley,378362.432,Natural Gas,2009
0231710,Happy Valley,362293.410,Water at Hydroelectric Turbine,2009
0231710,Happy Valley,202.000,Distillate Fuel Oil,2010
0231710,Happy Valley,0.000,Jet Fuel,2010
0231710,Happy Valley,354378.140,Natural Gas,2010
0231710,Happy Valley,348270.970,Water at Hydroelectric Turbine,2010
0231710,Happy Valley,160.167,Distillate Fuel Oil,2011
0231710,Happy Valley,0.000,Jet Fuel,2011
0231710,Happy Valley,375394.769,Natural Gas,2011
0231710,Happy Valley,2738.304,Other Gas,2011
0231710,Happy Valley,303900.000,Water at Hydroelectric Turbine,2011
0231710,Happy Valley,214.332,Distillate Fuel Oil,2012
0231710,Happy Valley,0.000,Jet Fuel,2012
0231710,Happy Valley,355032.847,Natural Gas,2012
0231710,Happy Valley,2658.441,Other Gas,2012
0231710,Happy Valley,397373.000,Water at Hydroelectric Turbine,2012
0231710,Happy Valley,101.277,Distillate Fuel Oil,2013
0231710,Happy Valley,0.000,Jet Fuel,2013
0231710,Happy Valley,201008.184,Natural Gas,2013
0231710,Happy Valley,430.659,Waste Oil,2013
0231710,Happy Valley,368254.000,Water at Hydroelectric Turbine,2013
0231710,Happy Valley,444.000,Distillate Fuel Oil,2014
0231710,Happy Valley,0.000,Jet Fuel,2014
0231710,Happy Valley,306144.240,Natural Gas,2014
0231710,Happy Valley,0.000,Waste Oil,2014
0231710,Happy Valley,432575.000,Water at Hydroelectric Turbine,2014
0231710,Happy Valley,228.103,Distillate Fuel Oil,2015
0231710,Happy Valley,0.000,Jet Fuel,2015
0231710,Happy Valley,315789.997,Natural Gas,2015
0231710,Happy Valley,471705.000,Water at Hydroelectric Turbine,2015
0231710,Happy Valley,87.000,Distillate Fuel Oil,2016
0231710,Happy Valley,0.000,Jet Fuel,2016
0231710,Happy Valley,316448.000,Natural Gas,2016
0231710,Happy Valley,430509.000,Water at Hydroelectric Turbine,2016
0231710,Happy Valley,15.000,Distillate Fuel Oil,2017
0231710,Happy Valley,0.000,Jet Fuel,2017
0231710,Happy Valley,316493.000,Natural Gas,2017
0231710,Happy Valley,387059.000,Water at Hydroelectric Turbine,2017
0231710,Happy Valley,85.461,Distillate Fuel Oil,2018
0231710,Happy Valley,0.000,Jet Fuel,2018
0231710,Happy Valley,276027.539,Natural Gas,2018
0231710,Happy Valley,404479.000,Water at Hydroelectric Turbine,2018
0231710,Happy Valley,63.000,Distillate Fuel Oil,2019
0231710,Happy Valley,0.000,Jet Fuel,2019
0231710,Happy Valley,237333.000,Natural Gas,2019
0231710,Happy Valley,413592.000,Water at Hydroelectric Turbine,2019
0231710,Happy Valley,4329.915,Distillate Fuel Oil,2020
0231710,Happy Valley,302127.085,Natural Gas,2020
0231710,Happy Valley,466635.000,Water at Hydroelectric Turbine,2020
0231710,Happy Valley,224.000,Distillate Fuel Oil,2021
0231710,Happy Valley,290511.000,Natural Gas,2021
0231710,Happy Valley,391018.000,Water at Hydroelectric Turbine,2021
0231765,Harding-Birch Lakes,320199.883,Coal,2001
0231765,Harding-Birch Lakes,10180.000,Distillate Fuel Oil,2001
0231765,Harding-Birch Lakes,579967.000,Residual Fuel Oil,2001
0231765,Harding-Birch Lakes,481090.841,Coal,2002
0231765,Harding-Birch Lakes,17426.909,Distillate Fuel Oil,2002
0231765,Harding-Birch Lakes,546300.000,Residual Fuel Oil,2002
0231765,Harding-Birch Lakes,32.000,Waste Oil,2002
0231765,Harding-Birch Lakes,1031.000,Wood Waste Solids,2002
0231765,Harding-Birch Lakes,456747.980,Coal,2003
0231765,Harding-Birch Lakes,6308.990,Distillate Fuel Oil,2003
0231765,Harding-Birch Lakes,453733.000,Residual Fuel Oil,2003
0231765,Harding-Birch Lakes,64.000,Waste Oil,2003
0231765,Harding-Birch Lakes,758.001,Wood Waste Solids,2003
0231765,Harding-Birch Lakes,519938.432,Coal,2004
0231765,Harding-Birch Lakes,9963.938,Distillate Fuel Oil,2004
0231765,Harding-Birch Lakes,360379.000,Residual Fuel Oil,2004
0231765,Harding-Birch Lakes,0.000,Waste Oil,2004
0231765,Harding-Birch Lakes,388.500,Wood Waste Solids,2004
0231765,Harding-Birch Lakes,525017.007,Coal,2005
0231765,Harding-Birch Lakes,2907.565,Distillate Fuel Oil,2005
0231765,Harding-Birch Lakes,360562.000,Residual Fuel Oil,2005
0231765,Harding-Birch Lakes,0.000,Waste Oil,2005
0231765,Harding-Birch Lakes,382.565,Wood Waste Solids,2005
0231765,Harding-Birch Lakes,532341.253,Coal,2006
0231765,Harding-Birch Lakes,3215.258,Distillate Fuel Oil,2006
0231765,Harding-Birch Lakes,337599.000,Residual Fuel Oil,2006
0231765,Harding-Birch Lakes,0.000,Waste Oil,2006
0231765,Harding-Birch Lakes,515.509,Wood Waste Solids,2006
0231765,Harding-Birch Lakes,538127.163,Coal,2007
0231765,Harding-Birch Lakes,5102.496,Distillate Fuel Oil,2007
0231765,Harding-Birch Lakes,284406.908,Jet Fuel,2007
0231765,Harding-Birch Lakes,436.577,Natural Gas,2007
0231765,Harding-Birch Lakes,266301.606,Residual Fuel Oil,2007
0231765,Harding-Birch Lakes,0.000,Waste Oil,2007
0231765,Harding-Birch Lakes,21.755,Wood Waste Solids,2007
0231765,Harding-Birch Lakes,512423.237,Coal,2008
0231765,Harding-Birch Lakes,5916.308,Distillate Fuel Oil,2008
0231765,Harding-Birch Lakes,387339.730,Jet Fuel,2008
0231765,Harding-Birch Lakes,0.000,Natural Gas,2008
0231765,Harding-Birch Lakes,126668.178,Residual Fuel Oil,2008
0231765,Harding-Birch Lakes,0.000,Wood Waste Solids,2008
0231765,Harding-Birch Lakes,515890.711,Coal,2009
0231765,Harding-Birch Lakes,7005.089,Distillate Fuel Oil,2009
0231765,Harding-Birch Lakes,370545.007,Jet Fuel,2009
0231765,Harding-Birch Lakes,0.000,Natural Gas,2009
0231765,Harding-Birch Lakes,343136.891,Residual Fuel Oil,2009
0231765,Harding-Birch Lakes,463538.211,Coal,2010
0231765,Harding-Birch Lakes,7652.130,Distillate Fuel Oil,2010
0231765,Harding-Birch Lakes,0.000,Jet Fuel,2010
0231765,Harding-Birch Lakes,639.868,Natural Gas,2010
0231765,Harding-Birch Lakes,192178.603,Residual Fuel Oil,2010
0231765,Harding-Birch Lakes,423964.882,Coal,2011
0231765,Harding-Birch Lakes,3653.416,Distillate Fuel Oil,2011
0231765,Harding-Birch Lakes,155547.000,Jet Fuel,2011
0231765,Harding-Birch Lakes,2837.823,Natural Gas,2011
0231765,Harding-Birch Lakes,102593.325,Residual Fuel Oil,2011
0231765,Harding-Birch Lakes,463815.730,Coal,2012
0231765,Harding-Birch Lakes,5994.123,Distillate Fuel Oil,2012
0231765,Harding-Birch Lakes,197942.000,Jet Fuel,2012
0231765,Harding-Birch Lakes,2683.523,Natural Gas,2012
0231765,Harding-Birch Lakes,175535.364,Residual Fuel Oil,2012
0231765,Harding-Birch Lakes,374005.564,Coal,2013
0231765,Harding-Birch Lakes,3916.995,Distillate Fuel Oil,2013
0231765,Harding-Birch Lakes,91958.000,Jet Fuel,2013
0231765,Harding-Birch Lakes,5000.441,Natural Gas,2013
0231765,Harding-Birch Lakes,33991.362,Residual Fuel Oil,2013
0231765,Harding-Birch Lakes,72610.000,Wind,2013
0231765,Harding-Birch Lakes,0.000,Wood Waste Solids,2013
0231765,Harding-Birch Lakes,376282.303,Coal,2014
0231765,Harding-Birch Lakes,1508.242,Distillate Fuel Oil,2014
0231765,Harding-Birch Lakes,131279.730,Jet Fuel,2014
0231765,Harding-Birch Lakes,2161.112,Natural Gas,2014
0231765,Harding-Birch Lakes,47426.548,Residual Fuel Oil,2014
0231765,Harding-Birch Lakes,76279.000,Wind,2014
0231765,Harding-Birch Lakes,0.000,Wood Waste Solids,2014
0231765,Harding-Birch Lakes,432567.508,Coal,2015
0231765,Harding-Birch Lakes,14837.204,Distillate Fuel Oil,2015
0231765,Harding-Birch Lakes,0.000,Jet Fuel,2015
0231765,Harding-Birch Lakes,0.000,Natural Gas,2015
0231765,Harding-Birch Lakes,48522.553,Residual Fuel Oil,2015
0231765,Harding-Birch Lakes,163960.164,Waste Oil,2015
0231765,Harding-Birch Lakes,76784.000,Wind,2015
0231765,Harding-Birch Lakes,0.000,Wood Waste Solids,2015
0231765,Harding-Birch Lakes,395864.156,Coal,2016
0231765,Harding-Birch Lakes,46782.391,Distillate Fuel Oil,2016
0231765,Harding-Birch Lakes,-2392.000,Electricity used for Energy Storage,2016
0231765,Harding-Birch Lakes,0.000,Jet Fuel,2016
0231765,Harding-Birch Lakes,1129.934,Natural Gas,2016
0231765,Harding-Birch Lakes,0.000,Residual Fuel Oil,2016
0231765,Harding-Birch Lakes,48474.738,Waste Oil,2016
0231765,Harding-Birch Lakes,78291.000,Wind,2016
0231765,Harding-Birch Lakes,0.000,Wood Waste Solids,2016
0231765,Harding-Birch Lakes,356409.011,Coal,2017
0231765,Harding-Birch Lakes,70874.044,Distillate Fuel Oil,2017
0231765,Harding-Birch Lakes,-2711.000,Electricity used for Energy Storage,2017
0231765,Harding-Birch Lakes,0.000,Jet Fuel,2017
0231765,Harding-Birch Lakes,554.666,Natural Gas,2017
0231765,Harding-Birch Lakes,0.000,Residual Fuel Oil,2017
0231765,Harding-Birch Lakes,144787.681,Waste Oil,2017
0231765,Harding-Birch Lakes,64121.000,Wind,2017
0231765,Harding-Birch Lakes,0.000,Wood Waste Solids,2017
0231765,Harding-Birch Lakes,392019.635,Coal,2018
0231765,Harding-Birch Lakes,64419.043,Distillate Fuel Oil,2018
0231765,Harding-Birch Lakes,-2428.000,Electricity used for Energy Storage,2018
0231765,Harding-Birch Lakes,0.000,Jet Fuel,2018
0231765,Harding-Birch Lakes,0.000,Natural Gas,2018
0231765,Harding-Birch Lakes,0.000,Residual Fuel Oil,2018
0231765,Harding-Birch Lakes,82114.648,Waste Oil,2018
0231765,Harding-Birch Lakes,70012.000,Wind,2018
0231765,Harding-Birch Lakes,0.000,Wood Waste Solids,2018
0231765,Harding-Birch Lakes,0.000,Agricultural By-Products,2019
0231765,Harding-Birch Lakes,481171.537,Coal,2019
0231765,Harding-Birch Lakes,28027.598,Distillate Fuel Oil,2019
0231765,Harding-Birch Lakes,-3280.000,Electricity used for Energy Storage,2019
0231765,Harding-Birch Lakes,2627.119,Jet Fuel,2019
0231765,Harding-Birch Lakes,0.080,Natural Gas,2019
0231765,Harding-Birch Lakes,0.000,Residual Fuel Oil,2019
0231765,Harding-Birch Lakes,164462.097,Waste Oil,2019
0231765,Harding-Birch Lakes,64076.000,Wind,2019
0231765,Harding-Birch Lakes,0.000,Wood Waste Solids,2019
0231765,Harding-Birch Lakes,466648.747,Coal,2020
0231765,Harding-Birch Lakes,153461.063,Distillate Fuel Oil,2020
0231765,Harding-Birch Lakes,-2810.000,Electricity used for Energy Storage,2020
0231765,Harding-Birch Lakes,2081.775,Jet Fuel,2020
0231765,Harding-Birch Lakes,6.054,Natural Gas,2020
0231765,Harding-Birch Lakes,211433.728,Waste Oil,2020
0231765,Harding-Birch Lakes,49937.000,Wind,2020
0231765,Harding-Birch Lakes,503966.256,Coal,2021
0231765,Harding-Birch Lakes,88907.304,Distillate Fuel Oil,2021
0231765,Harding-Birch Lakes,-3433.000,Electricity used for Energy Storage,2021
0231765,Harding-Birch Lakes,671.883,Jet Fuel,2021
0231765,Harding-Birch Lakes,3.471,Natural Gas,2021
0231765,Harding-Birch Lakes,184970.610,Waste Oil,2021
0231765,Harding-Birch Lakes,60302.000,Wind,2021
0231765,Harding-Birch Lakes,,,
0232150,Healy,320199.883,Coal,2001
0232150,Healy,10180.000,Distillate Fuel Oil,2001
0232150,Healy,579967.000,Residual Fuel Oil,2001
0232150,Healy,481090.841,Coal,2002
0232150,Healy,17426.909,Distillate Fuel Oil,2002
0232150,Healy,546300.000,Residual Fuel Oil,2002
0232150,Healy,32.000,Waste Oil,2002
0232150,Healy,1031.000,Wood Waste Solids,2002
0232150,Healy,456747.980,Coal,2003
0232150,Healy,6308.990,Distillate Fuel Oil,2003
0232150,Healy,453733.000,Residual Fuel Oil,2003
0232150,Healy,64.000,Waste Oil,2003
0232150,Healy,758.001,Wood Waste Solids,2003
0232150,Healy,519938.432,Coal,2004
0232150,Healy,9963.938,Distillate Fuel Oil,2004
0232150,Healy,360379.000,Residual Fuel Oil,2004
0232150,Healy,0.000,Waste Oil,2004
0232150,Healy,388.500,Wood Waste Solids,2004
0232150,Healy,525017.007,Coal,2005
0232150,Healy,2907.565,Distillate Fuel Oil,2005
0232150,Healy,360562.000,Residual Fuel Oil,2005
0232150,Healy,0.000,Waste Oil,2005
0232150,Healy,382.565,Wood Waste Solids,2005
0232150,Healy,532341.253,Coal,2006
0232150,Healy,3215.258,Distillate Fuel Oil,2006
0232150,Healy,337599.000,Residual Fuel Oil,2006
0232150,Healy,0.000,Waste Oil,2006
0232150,Healy,515.509,Wood Waste Solids,2006
0232150,Healy,538127.163,Coal,2007
0232150,Healy,5102.496,Distillate Fuel Oil,2007
0232150,Healy,284406.908,Jet Fuel,2007
0232150,Healy,436.577,Natural Gas,2007
0232150,Healy,266301.606,Residual Fuel Oil,2007
0232150,Healy,0.000,Waste Oil,2007
0232150,Healy,21.755,Wood Waste Solids,2007
0232150,Healy,512423.237,Coal,2008
0232150,Healy,5916.308,Distillate Fuel Oil,2008
0232150,Healy,387339.730,Jet Fuel,2008
0232150,Healy,0.000,Natural Gas,2008
0232150,Healy,126668.178,Residual Fuel Oil,2008
0232150,Healy,0.000,Wood Waste Solids,2008
0232150,Healy,515890.711,Coal,2009
0232150,Healy,7005.089,Distillate Fuel Oil,2009
0232150,Healy,370545.007,Jet Fuel,2009
0232150,Healy,0.000,Natural Gas,2009
0232150,Healy,343136.891,Residual Fuel Oil,2009
0232150,Healy,463538.211,Coal,2010
0232150,Healy,7652.130,Distillate Fuel Oil,2010
0232150,Healy,0.000,Jet Fuel,2010
0232150,Healy,639.868,Natural Gas,2010
0232150,Healy,192178.603,Residual Fuel Oil,2010
0232150,Healy,423964.882,Coal,2011
0232150,Healy,3653.416,Distillate Fuel Oil,2011
0232150,Healy,155547.000,Jet Fuel,2011
0232150,Healy,2837.823,Natural Gas,2011
0232150,Healy,102593.325,Residual Fuel Oil,2011
0232150,Healy,463815.730,Coal,2012
0232150,Healy,5994.123,Distillate Fuel Oil,2012
0232150,Healy,197942.000,Jet Fuel,2012
0232150,Healy,2683.523,Natural Gas,2012
0232150,Healy,175535.364,Residual Fuel Oil,2012
0232150,Healy,374005.564,Coal,2013
0232150,Healy,3916.995,Distillate Fuel Oil,2013
0232150,Healy,91958.000,Jet Fuel,2013
0232150,Healy,5000.441,Natural Gas,2013
0232150,Healy,33991.362,Residual Fuel Oil,2013
0232150,Healy,72610.000,Wind,2013
0232150,Healy,0.000,Wood Waste Solids,2013
0232150,Healy,376282.303,Coal,2014
0232150,Healy,1508.242,Distillate Fuel Oil,2014
0232150,Healy,131279.730,Jet Fuel,2014
0232150,Healy,2161.112,Natural Gas,2014
0232150,Healy,47426.548,Residual Fuel Oil,2014
0232150,Healy,76279.000,Wind,2014
0232150,Healy,0.000,Wood Waste Solids,2014
0232150,Healy,432567.508,Coal,2015
0232150,Healy,14837.204,Distillate Fuel Oil,2015
0232150,Healy,0.000,Jet Fuel,2015
0232150,Healy,0.000,Natural Gas,2015
0232150,Healy,48522.553,Residual Fuel Oil,2015
0232150,Healy,163960.164,Waste Oil,2015
0232150,Healy,76784.000,Wind,2015
0232150,Healy,0.000,Wood Waste Solids,2015
0232150,Healy,395864.156,Coal,2016
0232150,Healy,46782.391,Distillate Fuel Oil,2016
0232150,Healy,-2392.000,Electricity used for Energy Storage,2016
0232150,Healy,0.000,Jet Fuel,2016
0232150,Healy,1129.934,Natural Gas,2016
0232150,Healy,0.000,Residual Fuel Oil,2016
0232150,Healy,48474.738,Waste Oil,2016
0232150,Healy,78291.000,Wind,2016
0232150,Healy,0.000,Wood Waste Solids,2016
0232150,Healy,356409.011,Coal,2017
0232150,Healy,70874.044,Distillate Fuel Oil,2017
0232150,Healy,-2711.000,Electricity used for Energy Storage,2017
0232150,Healy,0.000,Jet Fuel,2017
0232150,Healy,554.666,Natural Gas,2017
0232150,Healy,0.000,Residual Fuel Oil,2017
0232150,Healy,144787.681,Waste Oil,2017
0232150,Healy,64121.000,Wind,2017
0232150,Healy,0.000,Wood Waste Solids,2017
0232150,Healy,392019.635,Coal,2018
0232150,Healy,64419.043,Distillate Fuel Oil,2018
0232150,Healy,-2428.000,Electricity used for Energy Storage,2018
0232150,Healy,0.000,Jet Fuel,2018
0232150,Healy,0.000,Natural Gas,2018
0232150,Healy,0.000,Residual Fuel Oil,2018
0232150,Healy,82114.648,Waste Oil,2018
0232150,Healy,70012.000,Wind,2018
0232150,Healy,0.000,Wood Waste Solids,2018
0232150,Healy,0.000,Agricultural By-Products,2019
0232150,Healy,481171.537,Coal,2019
0232150,Healy,28027.598,Distillate Fuel Oil,2019
0232150,Healy,-3280.000,Electricity used for Energy Storage,2019
0232150,Healy,2627.119,Jet Fuel,2019
0232150,Healy,0.080,Natural Gas,2019
0232150,Healy,0.000,Residual Fuel Oil,2019
0232150,Healy,164462.097,Waste Oil,2019
0232150,Healy,64076.000,Wind,2019
0232150,Healy,0.000,Wood Waste Solids,2019
0232150,Healy,466648.747,Coal,2020
0232150,Healy,153461.063,Distillate Fuel Oil,2020
0232150,Healy,-2810.000,Electricity used for Energy Storage,2020
0232150,Healy,2081.775,Jet Fuel,2020
0232150,Healy,6.054,Natural Gas,2020
0232150,Healy,211433.728,Waste Oil,2020
0232150,Healy,49937.000,Wind,2020
0232150,Healy,503966.256,Coal,2021
0232150,Healy,88907.304,Distillate Fuel Oil,2021
0232150,Healy,-3433.000,Electricity used for Energy Storage,2021
0232150,Healy,671.883,Jet Fuel,2021
0232150,Healy,3.471,Natural Gas,2021
0232150,Healy,184970.610,Waste Oil,2021
0232150,Healy,60302.000,Wind,2021
0232150,Healy,,,
0232310,Healy Lake,135.002,Distillate Fuel Oil,2001
0232310,Healy Lake,149.350,Distillate Fuel Oil,2002
0232310,Healy Lake,154.994,Distillate Fuel Oil,2003
0232310,Healy Lake,163.887,Distillate Fuel Oil,2004
0232310,Healy Lake,151.048,Distillate Fuel Oil,2005
0232310,Healy Lake,137.833,Distillate Fuel Oil,2006
0232310,Healy Lake,99.630,Distillate Fuel Oil,2007
0232310,Healy Lake,93.706,Distillate Fuel Oil,2008
0232310,Healy Lake,93.430,Distillate Fuel Oil,2009
0232310,Healy Lake,99.999,Distillate Fuel Oil,2010
0232310,Healy Lake,90.033,Distillate Fuel Oil,2011
0232310,Healy Lake,79.707,Distillate Fuel Oil,2012
0232310,Healy Lake,36.295,Distillate Fuel Oil,2013
0232310,Healy Lake,26.304,Distillate Fuel Oil,2014
0232310,Healy Lake,6.863,Distillate Fuel Oil,2015
0232310,Healy Lake,54.225,Distillate Fuel Oil,2017
0232310,Healy Lake,47.709,Distillate Fuel Oil,2018
0232310,Healy Lake,68.007,Distillate Fuel Oil,2019
0232310,Healy Lake,85.861,Distillate Fuel Oil,2020
0232310,Healy Lake,104.891,Distillate Fuel Oil,2021
0232550,Hobart Bay,,,
0232810,Hollis,590.000,Distillate Fuel Oil,2001
0232810,Hollis,22825.999,Water at Hydroelectric Turbine,2001
0232810,Hollis,3287.000,Distillate Fuel Oil,2002
0232810,Hollis,19991.999,Water at Hydroelectric Turbine,2002
0232810,Hollis,1557.002,Distillate Fuel Oil,2003
0232810,Hollis,21937.000,Water at Hydroelectric Turbine,2003
0232810,Hollis,697.999,Distillate Fuel Oil,2004
0232810,Hollis,23307.000,Water at Hydroelectric Turbine,2004
0232810,Hollis,763.996,Distillate Fuel Oil,2005
0232810,Hollis,23250.000,Water at Hydroelectric Turbine,2005
0232810,Hollis,1639.998,Distillate Fuel Oil,2006
0232810,Hollis,24538.001,Water at Hydroelectric Turbine,2006
0232810,Hollis,-110.000,Distillate Fuel Oil,2007
0232810,Hollis,27276.999,Water at Hydroelectric Turbine,2007
0232810,Hollis,4296.000,Distillate Fuel Oil,2008
0232810,Hollis,21660.000,Water at Hydroelectric Turbine,2008
0232810,Hollis,2087.000,Distillate Fuel Oil,2009
0232810,Hollis,24895.000,Water at Hydroelectric Turbine,2009
0232810,Hollis,257.000,Distillate Fuel Oil,2010
0232810,Hollis,26579.000,Water at Hydroelectric Turbine,2010
0232810,Hollis,3892.000,Distillate Fuel Oil,2011
0232810,Hollis,23906.000,Water at Hydroelectric Turbine,2011
0232810,Hollis,2323.000,Distillate Fuel Oil,2012
0232810,Hollis,26111.000,Water at Hydroelectric Turbine,2012
0232810,Hollis,3010.000,Distillate Fuel Oil,2013
0232810,Hollis,26255.000,Water at Hydroelectric Turbine,2013
0232810,Hollis,1085.000,Distillate Fuel Oil,2014
0232810,Hollis,27020.000,Water at Hydroelectric Turbine,2014
0232810,Hollis,2015.000,Distillate Fuel Oil,2015
0232810,Hollis,27059.000,Water at Hydroelectric Turbine,2015
0232810,Hollis,1109.000,Distillate Fuel Oil,2016
0232810,Hollis,26085.000,Water at Hydroelectric Turbine,2016
0232810,Hollis,3157.000,Distillate Fuel Oil,2017
0232810,Hollis,24983.000,Water at Hydroelectric Turbine,2017
0232810,Hollis,5332.000,Distillate Fuel Oil,2018
0232810,Hollis,22245.000,Water at Hydroelectric Turbine,2018
0232810,Hollis,4107.000,Distillate Fuel Oil,2019
0232810,Hollis,24449.000,Water at Hydroelectric Turbine,2019
0232810,Hollis,1525.000,Distillate Fuel Oil,2020
0232810,Hollis,27172.000,Water at Hydroelectric Turbine,2020
0232810,Hollis,1640.000,Distillate Fuel Oil,2021
0232810,Hollis,28933.000,Water at Hydroelectric Turbine,2021
0233030,Holy Cross,764.001,Distillate Fuel Oil,2001
0233030,Holy Cross,732.324,Distillate Fuel Oil,2002
0233030,Holy Cross,697.224,Distillate Fuel Oil,2003
0233030,Holy Cross,695.591,Distillate Fuel Oil,2004
0233030,Holy Cross,620.724,Distillate Fuel Oil,2005
0233030,Holy Cross,631.806,Distillate Fuel Oil,2006
0233030,Holy Cross,635.754,Distillate Fuel Oil,2007
0233030,Holy Cross,643.749,Distillate Fuel Oil,2008
0233030,Holy Cross,636.325,Distillate Fuel Oil,2009
0233030,Holy Cross,674.638,Distillate Fuel Oil,2010
0233030,Holy Cross,625.660,Distillate Fuel Oil,2011
0233030,Holy Cross,651.972,Distillate Fuel Oil,2012
0233030,Holy Cross,655.808,Distillate Fuel Oil,2013
0233030,Holy Cross,627.226,Distillate Fuel Oil,2014
0233030,Holy Cross,604.756,Distillate Fuel Oil,2015
0233030,Holy Cross,595.400,Distillate Fuel Oil,2016
0233030,Holy Cross,632.703,Distillate Fuel Oil,2017
0233030,Holy Cross,605.537,Distillate Fuel Oil,2018
0233030,Holy Cross,575.081,Distillate Fuel Oil,2019
0233030,Holy Cross,590.214,Distillate Fuel Oil,2020
0233030,Holy Cross,576.337,Distillate Fuel Oil,2021
0233140,Homer,490.999,Distillate Fuel Oil,2001
0233140,Homer,426710.001,Natural Gas,2001
0233140,Homer,345681.000,Water at Hydroelectric Turbine,2001
0233140,Homer,355.740,Distillate Fuel Oil,2002
0233140,Homer,473327.141,Natural Gas,2002
0233140,Homer,484899.000,Water at Hydroelectric Turbine,2002
0233140,Homer,243.001,Distillate Fuel Oil,2003
0233140,Homer,399766.998,Natural Gas,2003
0233140,Homer,500875.000,Water at Hydroelectric Turbine,2003
0233140,Homer,336.702,Distillate Fuel Oil,2004
0233140,Homer,398518.890,Natural Gas,2004
0233140,Homer,429709.000,Water at Hydroelectric Turbine,2004
0233140,Homer,235.643,Distillate Fuel Oil,2005
0233140,Homer,490271.637,Natural Gas,2005
0233140,Homer,452757.000,Water at Hydroelectric Turbine,2005
0233140,Homer,236.000,Distillate Fuel Oil,2006
0233140,Homer,2147.575,Jet Fuel,2006
0233140,Homer,451056.328,Natural Gas,2006
0233140,Homer,343766.000,Water at Hydroelectric Turbine,2006
0233140,Homer,382.001,Distillate Fuel Oil,2007
0233140,Homer,264.025,Jet Fuel,2007
0233140,Homer,443609.870,Natural Gas,2007
0233140,Homer,336288.000,Water at Hydroelectric Turbine,2007
0233140,Homer,22.000,Distillate Fuel Oil,2008
0233140,Homer,3.268,Jet Fuel,2008
0233140,Homer,473626.372,Natural Gas,2008
0233140,Homer,296759.000,Water at Hydroelectric Turbine,2008
0233140,Homer,324.649,Distillate Fuel Oil,2009
0233140,Homer,163.399,Jet Fuel,2009
0233140,Homer,378362.432,Natural Gas,2009
0233140,Homer,362293.410,Water at Hydroelectric Turbine,2009
0233140,Homer,202.000,Distillate Fuel Oil,2010
0233140,Homer,0.000,Jet Fuel,2010
0233140,Homer,354378.140,Natural Gas,2010
0233140,Homer,348270.970,Water at Hydroelectric Turbine,2010
0233140,Homer,160.167,Distillate Fuel Oil,2011
0233140,Homer,0.000,Jet Fuel,2011
0233140,Homer,375394.769,Natural Gas,2011
0233140,Homer,2738.304,Other Gas,2011
0233140,Homer,303900.000,Water at Hydroelectric Turbine,2011
0233140,Homer,214.332,Distillate Fuel Oil,2012
0233140,Homer,0.000,Jet Fuel,2012
0233140,Homer,355032.847,Natural Gas,2012
0233140,Homer,2658.441,Other Gas,2012
0233140,Homer,397373.000,Water at Hydroelectric Turbine,2012
0233140,Homer,101.277,Distillate Fuel Oil,2013
0233140,Homer,0.000,Jet Fuel,2013
0233140,Homer,201008.184,Natural Gas,2013
0233140,Homer,430.659,Waste Oil,2013
0233140,Homer,368254.000,Water at Hydroelectric Turbine,2013
0233140,Homer,444.000,Distillate Fuel Oil,2014
0233140,Homer,0.000,Jet Fuel,2014
0233140,Homer,306144.240,Natural Gas,2014
0233140,Homer,0.000,Waste Oil,2014
0233140,Homer,432575.000,Water at Hydroelectric Turbine,2014
0233140,Homer,228.103,Distillate Fuel Oil,2015
0233140,Homer,0.000,Jet Fuel,2015
0233140,Homer,315789.997,Natural Gas,2015
0233140,Homer,471705.000,Water at Hydroelectric Turbine,2015
0233140,Homer,87.000,Distillate Fuel Oil,2016
0233140,Homer,0.000,Jet Fuel,2016
0233140,Homer,316448.000,Natural Gas,2016
0233140,Homer,430509.000,Water at Hydroelectric Turbine,2016
0233140,Homer,15.000,Distillate Fuel Oil,2017
0233140,Homer,0.000,Jet Fuel,2017
0233140,Homer,316493.000,Natural Gas,2017
0233140,Homer,387059.000,Water at Hydroelectric Turbine,2017
0233140,Homer,85.461,Distillate Fuel Oil,2018
0233140,Homer,0.000,Jet Fuel,2018
0233140,Homer,276027.539,Natural Gas,2018
0233140,Homer,404479.000,Water at Hydroelectric Turbine,2018
0233140,Homer,63.000,Distillate Fuel Oil,2019
0233140,Homer,0.000,Jet Fuel,2019
0233140,Homer,237333.000,Natural Gas,2019
0233140,Homer,413592.000,Water at Hydroelectric Turbine,2019
0233140,Homer,4329.915,Distillate Fuel Oil,2020
0233140,Homer,302127.085,Natural Gas,2020
0233140,Homer,466635.000,Water at Hydroelectric Turbine,2020
0233140,Homer,224.000,Distillate Fuel Oil,2021
0233140,Homer,290511.000,Natural Gas,2021
0233140,Homer,391018.000,Water at Hydroelectric Turbine,2021
0233360,Hoonah,2458.066,Distillate Fuel Oil,2001
0233360,Hoonah,4557.480,Distillate Fuel Oil,2002
0233360,Hoonah,4707.816,Distillate Fuel Oil,2003
0233360,Hoonah,5285.544,Distillate Fuel Oil,2004
0233360,Hoonah,5228.291,Distillate Fuel Oil,2005
0233360,Hoonah,5346.565,Distillate Fuel Oil,2006
0233360,Hoonah,5089.180,Distillate Fuel Oil,2007
0233360,Hoonah,5111.230,Distillate Fuel Oil,2008
0233360,Hoonah,4822.500,Distillate Fuel Oil,2009
0233360,Hoonah,4624.467,Distillate Fuel Oil,2010
0233360,Hoonah,4860.308,Distillate Fuel Oil,2011
0233360,Hoonah,4745.689,Distillate Fuel Oil,2012
0233360,Hoonah,4723.813,Distillate Fuel Oil,2013
0233360,Hoonah,4595.680,Distillate Fuel Oil,2014
0233360,Hoonah,4086.222,Distillate Fuel Oil,2015
0233360,Hoonah,632.115,Water at Hydroelectric Turbine,2015
0233360,Hoonah,3529.292,Distillate Fuel Oil,2016
0233360,Hoonah,1212.903,Water at Hydroelectric Turbine,2016
0233360,Hoonah,3204.283,Distillate Fuel Oil,2017
0233360,Hoonah,1417.449,Water at Hydroelectric Turbine,2017
0233360,Hoonah,3756.615,Distillate Fuel Oil,2018
0233360,Hoonah,739.512,Water at Hydroelectric Turbine,2018
0233360,Hoonah,3685.641,Distillate Fuel Oil,2019
0233360,Hoonah,916.602,Water at Hydroelectric Turbine,2019
0233360,Hoonah,3115.411,Distillate Fuel Oil,2020
0233360,Hoonah,1428.860,Water at Hydroelectric Turbine,2020
0233360,Hoonah,3512.594,Distillate Fuel Oil,2021
0233360,Hoonah,1488.258,Water at Hydroelectric Turbine,2021
0233470,Hooper Bay,2404.001,Distillate Fuel Oil,2001
0233470,Hooper Bay,2381.551,Distillate Fuel Oil,2002
0233470,Hooper Bay,2395.750,Distillate Fuel Oil,2003
0233470,Hooper Bay,2420.103,Distillate Fuel Oil,2004
0233470,Hooper Bay,2477.366,Distillate Fuel Oil,2005
0233470,Hooper Bay,2775.957,Distillate Fuel Oil,2006
0233470,Hooper Bay,2769.085,Distillate Fuel Oil,2007
0233470,Hooper Bay,2802.738,Distillate Fuel Oil,2008
0233470,Hooper Bay,3.469,Wind,2008
0233470,Hooper Bay,2702.199,Distillate Fuel Oil,2009
0233470,Hooper Bay,315.353,Wind,2009
0233470,Hooper Bay,2713.862,Distillate Fuel Oil,2010
0233470,Hooper Bay,675.735,Wind,2010
0233470,Hooper Bay,2780.085,Distillate Fuel Oil,2011
0233470,Hooper Bay,543.096,Wind,2011
0233470,Hooper Bay,2803.192,Distillate Fuel Oil,2012
0233470,Hooper Bay,637.520,Wind,2012
0233470,Hooper Bay,2766.673,Distillate Fuel Oil,2013
0233470,Hooper Bay,563.074,Wind,2013
0233470,Hooper Bay,2851.800,Distillate Fuel Oil,2014
0233470,Hooper Bay,375.806,Wind,2014
0233470,Hooper Bay,2789.967,Distillate Fuel Oil,2015
0233470,Hooper Bay,499.906,Wind,2015
0233470,Hooper Bay,2882.885,Distillate Fuel Oil,2016
0233470,Hooper Bay,544.410,Wind,2016
0233470,Hooper Bay,3000.810,Distillate Fuel Oil,2017
0233470,Hooper Bay,465.922,Wind,2017
0233470,Hooper Bay,2847.139,Distillate Fuel Oil,2018
0233470,Hooper Bay,568.537,Wind,2018
0233470,Hooper Bay,3136.972,Distillate Fuel Oil,2019
0233470,Hooper Bay,288.810,Wind,2019
0233470,Hooper Bay,3276.513,Distillate Fuel Oil,2020
0233470,Hooper Bay,277.909,Wind,2020
0233470,Hooper Bay,3312.447,Distillate Fuel Oil,2021
0233470,Hooper Bay,346.953,Wind,2021
0233580,Hope,571.000,Distillate Fuel Oil,2001
0233580,Hope,2690002.000,Natural Gas,2001
0233580,Hope,59447.000,Water at Hydroelectric Turbine,2001
0233580,Hope,309.000,Distillate Fuel Oil,2002
0233580,Hope,2583439.000,Natural Gas,2002
0233580,Hope,65555.000,Water at Hydroelectric Turbine,2002
0233580,Hope,260.000,Distillate Fuel Oil,2003
0233580,Hope,1097628.000,Natural Gas,2003
0233580,Hope,47662.000,Water at Hydroelectric Turbine,2003
0233580,Hope,344.884,Distillate Fuel Oil,2004
0233580,Hope,941642.001,Natural Gas,2004
0233580,Hope,48351.001,Water at Hydroelectric Turbine,2004
0233580,Hope,115.276,Distillate Fuel Oil,2005
0233580,Hope,795761.001,Natural Gas,2005
0233580,Hope,34043.001,Water at Hydroelectric Turbine,2005
0233580,Hope,92.932,Distillate Fuel Oil,2006
0233580,Hope,1194561.001,Natural Gas,2006
0233580,Hope,30089.001,Water at Hydroelectric Turbine,2006
0233580,Hope,152.344,Distillate Fuel Oil,2007
0233580,Hope,1127247.621,Natural Gas,2007
0233580,Hope,24303.000,Water at Hydroelectric Turbine,2007
0233580,Hope,120.484,Distillate Fuel Oil,2008
0233580,Hope,1248362.767,Natural Gas,2008
0233580,Hope,6663.000,Water at Hydroelectric Turbine,2008
0233580,Hope,253.636,Distillate Fuel Oil,2009
0233580,Hope,1412095.075,Natural Gas,2009
0233580,Hope,33262.000,Water at Hydroelectric Turbine,2009
0233580,Hope,575.859,Distillate Fuel Oil,2010
0233580,Hope,994667.057,Natural Gas,2010
0233580,Hope,45390.000,Water at Hydroelectric Turbine,2010
0233580,Hope,109.853,Distillate Fuel Oil,2011
0233580,Hope,1419720.471,Natural Gas,2011
0233580,Hope,28759.000,Water at Hydroelectric Turbine,2011
0233580,Hope,857.634,Distillate Fuel Oil,2012
0233580,Hope,1027320.761,Natural Gas,2012
0233580,Hope,77589.000,Water at Hydroelectric Turbine,2012
0233580,Hope,935.896,Distillate Fuel Oil,2013
0233580,Hope,1125792.387,Natural Gas,2013
0233580,Hope,35928.000,Water at Hydroelectric Turbine,2013
0233580,Hope,44784.000,Wind,2013
0233580,Hope,466.953,Distillate Fuel Oil,2014
0233580,Hope,870092.532,Natural Gas,2014
0233580,Hope,32050.000,Water at Hydroelectric Turbine,2014
0233580,Hope,47813.000,Wind,2014
0233580,Hope,493.112,Distillate Fuel Oil,2015
0233580,Hope,616460.562,Natural Gas,2015
0233580,Hope,16425.000,Water at Hydroelectric Turbine,2015
0233580,Hope,50562.000,Wind,2015
0233580,Hope,70.123,Distillate Fuel Oil,2016
0233580,Hope,615436.794,Natural Gas,2016
0233580,Hope,86666.000,Water at Hydroelectric Turbine,2016
0233580,Hope,56022.000,Wind,2016
0233580,Hope,49.623,Distillate Fuel Oil,2017
0233580,Hope,685153.102,Natural Gas,2017
0233580,Hope,25713.000,Water at Hydroelectric Turbine,2017
0233580,Hope,47715.000,Wind,2017
0233580,Hope,63.041,Distillate Fuel Oil,2018
0233580,Hope,650295.739,Natural Gas,2018
0233580,Hope,59832.000,Water at Hydroelectric Turbine,2018
0233580,Hope,51829.000,Wind,2018
0233580,Hope,32.526,Distillate Fuel Oil,2019
0233580,Hope,685057.722,Natural Gas,2019
0233580,Hope,46102.000,Water at Hydroelectric Turbine,2019
0233580,Hope,48221.000,Wind,2019
0233580,Hope,69.606,Distillate Fuel Oil,2020
0233580,Hope,451805.484,Natural Gas,2020
0233580,Hope,60854.000,Water at Hydroelectric Turbine,2020
0233580,Hope,47201.000,Wind,2020
0233580,Hope,0.000,Distillate Fuel Oil,2021
0233580,Hope,937447.089,Natural Gas,2021
0233580,Hope,36381.000,Water at Hydroelectric Turbine,2021
0233580,Hope,41759.000,Wind,2021
0233580,Hope,,,
0233800,Houston,146252.000,Water at Hydroelectric Turbine,2001
0233800,Houston,161266.000,Water at Hydroelectric Turbine,2002
0233800,Houston,177204.000,Water at Hydroelectric Turbine,2003
0233800,Houston,173604.000,Water at Hydroelectric Turbine,2004
0233800,Houston,134178.000,Water at Hydroelectric Turbine,2005
0233800,Houston,66807.000,Water at Hydroelectric Turbine,2006
0233800,Houston,62105.000,Water at Hydroelectric Turbine,2007
0233800,Houston,57824.000,Water at Hydroelectric Turbine,2008
0233800,Houston,57056.000,Water at Hydroelectric Turbine,2009
0233800,Houston,74203.000,Water at Hydroelectric Turbine,2010
0233800,Houston,66088.000,Water at Hydroelectric Turbine,2011
0233800,Houston,71126.000,Water at Hydroelectric Turbine,2012
0233800,Houston,45541.199,Landfill Gas,2013
0233800,Houston,38.801,Natural Gas,2013
0233800,Houston,89936.000,Water at Hydroelectric Turbine,2013
0233800,Houston,56165.769,Landfill Gas,2014
0233800,Houston,1.231,Natural Gas,2014
0233800,Houston,83110.000,Water at Hydroelectric Turbine,2014
0233800,Houston,0.000,Distillate Fuel Oil,2015
0233800,Houston,50131.473,Landfill Gas,2015
0233800,Houston,476985.527,Natural Gas,2015
0233800,Houston,92243.000,Water at Hydroelectric Turbine,2015
0233800,Houston,0.000,Distillate Fuel Oil,2016
0233800,Houston,42514.846,Landfill Gas,2016
0233800,Houston,819047.154,Natural Gas,2016
0233800,Houston,76916.000,Water at Hydroelectric Turbine,2016
0233800,Houston,0.000,Distillate Fuel Oil,2017
0233800,Houston,42184.516,Landfill Gas,2017
0233800,Houston,750519.484,Natural Gas,2017
0233800,Houston,119240.000,Water at Hydroelectric Turbine,2017
0233800,Houston,0.000,Distillate Fuel Oil,2018
0233800,Houston,42684.134,Landfill Gas,2018
0233800,Houston,615054.866,Natural Gas,2018
0233800,Houston,168115.000,Water at Hydroelectric Turbine,2018
0233800,Houston,0.000,Distillate Fuel Oil,2019
0233800,Houston,36884.461,Landfill Gas,2019
0233800,Houston,723828.539,Natural Gas,2019
0233800,Houston,190971.000,Water at Hydroelectric Turbine,2019
0233800,Houston,38945.273,Landfill Gas,2020
0233800,Houston,729105.727,Natural Gas,2020
0233800,Houston,170181.000,Water at Hydroelectric Turbine,2020
0233800,Houston,38070.956,Landfill Gas,2021
0233800,Houston,678574.044,Natural Gas,2021
0233800,Houston,139994.000,Water at Hydroelectric Turbine,2021
0233800,Houston,,,
0233910,Hughes,304.813,Distillate Fuel Oil,2006
0233910,Hughes,294.994,Distillate Fuel Oil,2007
0233910,Hughes,322.201,Distillate Fuel Oil,2008
0233910,Hughes,344.365,Distillate Fuel Oil,2009
0233910,Hughes,364.931,Distillate Fuel Oil,2010
0233910,Hughes,408.660,Distillate Fuel Oil,2011
0233910,Hughes,434.984,Distillate Fuel Oil,2012
0233910,Hughes,453.062,Distillate Fuel Oil,2013
0233910,Hughes,441.982,Distillate Fuel Oil,2014
0233910,Hughes,446.694,Distillate Fuel Oil,2015
0233910,Hughes,463.493,Distillate Fuel Oil,2016
0233910,Hughes,448.653,Distillate Fuel Oil,2017
0233910,Hughes,442.722,Distillate Fuel Oil,2018
0233910,Hughes,365.566,Distillate Fuel Oil,2019
0233910,Hughes,465.911,Distillate Fuel Oil,2020
0233910,Hughes,537.326,Distillate Fuel Oil,2021
0234350,Huslia,863.001,Distillate Fuel Oil,2001
0234350,Huslia,898.827,Distillate Fuel Oil,2002
0234350,Huslia,869.119,Distillate Fuel Oil,2003
0234350,Huslia,927.074,Distillate Fuel Oil,2004
0234350,Huslia,958.546,Distillate Fuel Oil,2005
0234350,Huslia,1004.355,Distillate Fuel Oil,2006
0234350,Huslia,964.123,Distillate Fuel Oil,2007
0234350,Huslia,927.222,Distillate Fuel Oil,2008
0234350,Huslia,951.711,Distillate Fuel Oil,2009
0234350,Huslia,1009.853,Distillate Fuel Oil,2010
0234350,Huslia,1031.033,Distillate Fuel Oil,2011
0234350,Huslia,1055.383,Distillate Fuel Oil,2012
0234350,Huslia,998.431,Distillate Fuel Oil,2013
0234350,Huslia,955.386,Distillate Fuel Oil,2014
0234350,Huslia,1021.094,Distillate Fuel Oil,2015
0234350,Huslia,1032.859,Distillate Fuel Oil,2016
0234350,Huslia,1084.699,Distillate Fuel Oil,2017
0234350,Huslia,1131.645,Distillate Fuel Oil,2018
0234350,Huslia,1028.383,Distillate Fuel Oil,2019
0234350,Huslia,1037.808,Distillate Fuel Oil,2020
0234350,Huslia,1106.171,Distillate Fuel Oil,2021
0234460,Hydaburg,1505.999,Distillate Fuel Oil,2001
0234460,Hydaburg,1540.853,Distillate Fuel Oil,2002
0234460,Hydaburg,1413.800,Distillate Fuel Oil,2003
0234460,Hydaburg,1450.734,Distillate Fuel Oil,2004
0234460,Hydaburg,1509.769,Distillate Fuel Oil,2005
0234460,Hydaburg,-21.001,Distillate Fuel Oil,2006
0234460,Hydaburg,-19.000,Distillate Fuel Oil,2007
0234460,Hydaburg,73.000,Distillate Fuel Oil,2008
0234460,Hydaburg,-10.000,Distillate Fuel Oil,2009
0234460,Hydaburg,-13.000,Distillate Fuel Oil,2010
0234460,Hydaburg,23.000,Distillate Fuel Oil,2011
0234460,Hydaburg,34.000,Distillate Fuel Oil,2012
0234460,Hydaburg,13.000,Distillate Fuel Oil,2013
0234460,Hydaburg,13.000,Distillate Fuel Oil,2014
0234460,Hydaburg,-9.000,Distillate Fuel Oil,2015
0234460,Hydaburg,-9.000,Distillate Fuel Oil,2016
0234460,Hydaburg,-5.000,Distillate Fuel Oil,2017
0234460,Hydaburg,3.000,Distillate Fuel Oil,2018
0234460,Hydaburg,-26.000,Distillate Fuel Oil,2019
0234460,Hydaburg,2.000,Distillate Fuel Oil,2020
0234460,Hydaburg,12.000,Distillate Fuel Oil,2021
0234460,Hydaburg,1663.000,Water at Hydroelectric Turbine,2021
0234570,Hyder,,,
0234790,Igiugig,116.932,Distillate Fuel Oil,2001
0234790,Igiugig,216.266,Distillate Fuel Oil,2002
0234790,Igiugig,225.772,Distillate Fuel Oil,2003
0234790,Igiugig,219.306,Distillate Fuel Oil,2004
0234790,Igiugig,219.052,Distillate Fuel Oil,2005
0234790,Igiugig,224.301,Distillate Fuel Oil,2006
0234790,Igiugig,217.246,Distillate Fuel Oil,2007
0234790,Igiugig,245.251,Distillate Fuel Oil,2008
0234790,Igiugig,271.957,Distillate Fuel Oil,2009
0234790,Igiugig,320.422,Distillate Fuel Oil,2010
0234790,Igiugig,307.323,Distillate Fuel Oil,2011
0234790,Igiugig,352.271,Distillate Fuel Oil,2012
0234790,Igiugig,340.384,Distillate Fuel Oil,2013
0234790,Igiugig,338.429,Distillate Fuel Oil,2014
0234790,Igiugig,349.167,Distillate Fuel Oil,2015
0234790,Igiugig,340.632,Distillate Fuel Oil,2016
0234790,Igiugig,347.328,Distillate Fuel Oil,2017
0234790,Igiugig,322.110,Distillate Fuel Oil,2018
0234790,Igiugig,318.342,Distillate Fuel Oil,2019
0234790,Igiugig,0.609,Water at Hydroelectric Turbine,2019
0234790,Igiugig,299.826,Distillate Fuel Oil,2020
0234790,Igiugig,16.116,Water at Hydroelectric Turbine,2020
0234790,Igiugig,339.561,Distillate Fuel Oil,2021
0234790,Igiugig,0.865,Water at Hydroelectric Turbine,2021
0235120,Iliamna,229.800,Distillate Fuel Oil,2001
0235120,Iliamna,1316.126,Water at Hydroelectric Turbine,2001
0235120,Iliamna,928.665,Distillate Fuel Oil,2002
0235120,Iliamna,2290.364,Water at Hydroelectric Turbine,2002
0235120,Iliamna,578.890,Distillate Fuel Oil,2003
0235120,Iliamna,2397.443,Water at Hydroelectric Turbine,2003
0235120,Iliamna,930.890,Distillate Fuel Oil,2004
0235120,Iliamna,2292.605,Water at Hydroelectric Turbine,2004
0235120,Iliamna,575.036,Distillate Fuel Oil,2005
0235120,Iliamna,2444.735,Water at Hydroelectric Turbine,2005
0235120,Iliamna,1266.396,Distillate Fuel Oil,2006
0235120,Iliamna,2239.695,Water at Hydroelectric Turbine,2006
0235120,Iliamna,419.750,Distillate Fuel Oil,2007
0235120,Iliamna,3188.179,Water at Hydroelectric Turbine,2007
0235120,Iliamna,610.959,Distillate Fuel Oil,2008
0235120,Iliamna,3244.407,Water at Hydroelectric Turbine,2008
0235120,Iliamna,821.156,Distillate Fuel Oil,2009
0235120,Iliamna,2726.926,Water at Hydroelectric Turbine,2009
0235120,Iliamna,461.235,Distillate Fuel Oil,2010
0235120,Iliamna,3005.462,Water at Hydroelectric Turbine,2010
0235120,Iliamna,80.160,Distillate Fuel Oil,2011
0235120,Iliamna,3007.376,Water at Hydroelectric Turbine,2011
0235120,Iliamna,74.739,Distillate Fuel Oil,2012
0235120,Iliamna,4259.727,Water at Hydroelectric Turbine,2012
0235120,Iliamna,76.254,Distillate Fuel Oil,2013
0235120,Iliamna,4048.161,Water at Hydroelectric Turbine,2013
0235120,Iliamna,17.856,Distillate Fuel Oil,2014
0235120,Iliamna,3908.007,Water at Hydroelectric Turbine,2014
0235120,Iliamna,34.376,Distillate Fuel Oil,2015
0235120,Iliamna,3746.996,Water at Hydroelectric Turbine,2015
0235120,Iliamna,78.530,Distillate Fuel Oil,2016
0235120,Iliamna,3539.570,Water at Hydroelectric Turbine,2016
0235120,Iliamna,40.174,Distillate Fuel Oil,2017
0235120,Iliamna,3600.836,Water at Hydroelectric Turbine,2017
0235120,Iliamna,81.610,Distillate Fuel Oil,2018
0235120,Iliamna,3627.470,Water at Hydroelectric Turbine,2018
0235120,Iliamna,69.120,Distillate Fuel Oil,2019
0235120,Iliamna,3677.440,Water at Hydroelectric Turbine,2019
0235120,Iliamna,24.080,Distillate Fuel Oil,2020
0235120,Iliamna,3848.630,Water at Hydroelectric Turbine,2020
0235120,Iliamna,159.790,Distillate Fuel Oil,2021
0235120,Iliamna,3674.140,Water at Hydroelectric Turbine,2021
0235890,Ivanof Bay,,,
0236400,Juneau,1829.000,Distillate Fuel Oil,2001
0236400,Juneau,331631.001,Water at Hydroelectric Turbine,2001
0236400,Juneau,9850.000,Distillate Fuel Oil,2002
0236400,Juneau,333639.000,Water at Hydroelectric Turbine,2002
0236400,Juneau,170.760,Distillate Fuel Oil,2003
0236400,Juneau,332462.370,Water at Hydroelectric Turbine,2003
0236400,Juneau,531.277,Distillate Fuel Oil,2004
0236400,Juneau,331385.001,Water at Hydroelectric Turbine,2004
0236400,Juneau,340443.004,Water at Hydroelectric Turbine,2005
0236400,Juneau,368666.001,Water at Hydroelectric Turbine,2006
0236400,Juneau,2235.022,Distillate Fuel Oil,2007
0236400,Juneau,365365.999,Water at Hydroelectric Turbine,2007
0236400,Juneau,17863.131,Distillate Fuel Oil,2008
0236400,Juneau,279888.000,Water at Hydroelectric Turbine,2008
0236400,Juneau,4637.326,Distillate Fuel Oil,2009
0236400,Juneau,338282.000,Water at Hydroelectric Turbine,2009
0236400,Juneau,103.476,Distillate Fuel Oil,2010
0236400,Juneau,399573.000,Water at Hydroelectric Turbine,2010
0236400,Juneau,1029.051,Distillate Fuel Oil,2011
0236400,Juneau,385796.000,Water at Hydroelectric Turbine,2011
0236400,Juneau,87.642,Distillate Fuel Oil,2012
0236400,Juneau,429207.000,Water at Hydroelectric Turbine,2012
0236400,Juneau,371.832,Distillate Fuel Oil,2013
0236400,Juneau,401169.000,Water at Hydroelectric Turbine,2013
0236400,Juneau,137.000,Distillate Fuel Oil,2014
0236400,Juneau,424329.000,Water at Hydroelectric Turbine,2014
0236400,Juneau,122.000,Distillate Fuel Oil,2015
0236400,Juneau,427681.000,Water at Hydroelectric Turbine,2015
0236400,Juneau,226.512,Distillate Fuel Oil,2016
0236400,Juneau,418626.000,Water at Hydroelectric Turbine,2016
0236400,Juneau,-376.084,Distillate Fuel Oil,2017
0236400,Juneau,430681.000,Water at Hydroelectric Turbine,2017
0236400,Juneau,-299.197,Distillate Fuel Oil,2018
0236400,Juneau,396556.000,Water at Hydroelectric Turbine,2018
0236400,Juneau,456.986,Distillate Fuel Oil,2019
0236400,Juneau,356866.000,Water at Hydroelectric Turbine,2019
0236400,Juneau,-479.263,Distillate Fuel Oil,2020
0236400,Juneau,408827.000,Water at Hydroelectric Turbine,2020
0236400,Juneau,-721.676,Distillate Fuel Oil,2021
0236400,Juneau,433223.000,Water at Hydroelectric Turbine,2021
0236540,Kachemak,490.999,Distillate Fuel Oil,2001
0236540,Kachemak,426710.001,Natural Gas,2001
0236540,Kachemak,345681.000,Water at Hydroelectric Turbine,2001
0236540,Kachemak,355.740,Distillate Fuel Oil,2002
0236540,Kachemak,473327.141,Natural Gas,2002
0236540,Kachemak,484899.000,Water at Hydroelectric Turbine,2002
0236540,Kachemak,243.001,Distillate Fuel Oil,2003
0236540,Kachemak,399766.998,Natural Gas,2003
0236540,Kachemak,500875.000,Water at Hydroelectric Turbine,2003
0236540,Kachemak,336.702,Distillate Fuel Oil,2004
0236540,Kachemak,398518.890,Natural Gas,2004
0236540,Kachemak,429709.000,Water at Hydroelectric Turbine,2004
0236540,Kachemak,235.643,Distillate Fuel Oil,2005
0236540,Kachemak,490271.637,Natural Gas,2005
0236540,Kachemak,452757.000,Water at Hydroelectric Turbine,2005
0236540,Kachemak,236.000,Distillate Fuel Oil,2006
0236540,Kachemak,2147.575,Jet Fuel,2006
0236540,Kachemak,451056.328,Natural Gas,2006
0236540,Kachemak,343766.000,Water at Hydroelectric Turbine,2006
0236540,Kachemak,382.001,Distillate Fuel Oil,2007
0236540,Kachemak,264.025,Jet Fuel,2007
0236540,Kachemak,443609.870,Natural Gas,2007
0236540,Kachemak,336288.000,Water at Hydroelectric Turbine,2007
0236540,Kachemak,22.000,Distillate Fuel Oil,2008
0236540,Kachemak,3.268,Jet Fuel,2008
0236540,Kachemak,473626.372,Natural Gas,2008
0236540,Kachemak,296759.000,Water at Hydroelectric Turbine,2008
0236540,Kachemak,324.649,Distillate Fuel Oil,2009
0236540,Kachemak,163.399,Jet Fuel,2009
0236540,Kachemak,378362.432,Natural Gas,2009
0236540,Kachemak,362293.410,Water at Hydroelectric Turbine,2009
0236540,Kachemak,202.000,Distillate Fuel Oil,2010
0236540,Kachemak,0.000,Jet Fuel,2010
0236540,Kachemak,354378.140,Natural Gas,2010
0236540,Kachemak,348270.970,Water at Hydroelectric Turbine,2010
0236540,Kachemak,160.167,Distillate Fuel Oil,2011
0236540,Kachemak,0.000,Jet Fuel,2011
0236540,Kachemak,375394.769,Natural Gas,2011
0236540,Kachemak,2738.304,Other Gas,2011
0236540,Kachemak,303900.000,Water at Hydroelectric Turbine,2011
0236540,Kachemak,214.332,Distillate Fuel Oil,2012
0236540,Kachemak,0.000,Jet Fuel,2012
0236540,Kachemak,355032.847,Natural Gas,2012
0236540,Kachemak,2658.441,Other Gas,2012
0236540,Kachemak,397373.000,Water at Hydroelectric Turbine,2012
0236540,Kachemak,101.277,Distillate Fuel Oil,2013
0236540,Kachemak,0.000,Jet Fuel,2013
0236540,Kachemak,201008.184,Natural Gas,2013
0236540,Kachemak,430.659,Waste Oil,2013
0236540,Kachemak,368254.000,Water at Hydroelectric Turbine,2013
0236540,Kachemak,444.000,Distillate Fuel Oil,2014
0236540,Kachemak,0.000,Jet Fuel,2014
0236540,Kachemak,306144.240,Natural Gas,2014
0236540,Kachemak,0.000,Waste Oil,2014
0236540,Kachemak,432575.000,Water at Hydroelectric Turbine,2014
0236540,Kachemak,228.103,Distillate Fuel Oil,2015
0236540,Kachemak,0.000,Jet Fuel,2015
0236540,Kachemak,315789.997,Natural Gas,2015
0236540,Kachemak,471705.000,Water at Hydroelectric Turbine,2015
0236540,Kachemak,87.000,Distillate Fuel Oil,2016
0236540,Kachemak,0.000,Jet Fuel,2016
0236540,Kachemak,316448.000,Natural Gas,2016
0236540,Kachemak,430509.000,Water at Hydroelectric Turbine,2016
0236540,Kachemak,15.000,Distillate Fuel Oil,2017
0236540,Kachemak,0.000,Jet Fuel,2017
0236540,Kachemak,316493.000,Natural Gas,2017
0236540,Kachemak,387059.000,Water at Hydroelectric Turbine,2017
0236540,Kachemak,85.461,Distillate Fuel Oil,2018
0236540,Kachemak,0.000,Jet Fuel,2018
0236540,Kachemak,276027.539,Natural Gas,2018
0236540,Kachemak,404479.000,Water at Hydroelectric Turbine,2018
0236540,Kachemak,63.000,Distillate Fuel Oil,2019
0236540,Kachemak,0.000,Jet Fuel,2019
0236540,Kachemak,237333.000,Natural Gas,2019
0236540,Kachemak,413592.000,Water at Hydroelectric Turbine,2019
0236540,Kachemak,4329.915,Distillate Fuel Oil,2020
0236540,Kachemak,302127.085,Natural Gas,2020
0236540,Kachemak,466635.000,Water at Hydroelectric Turbine,2020
0236540,Kachemak,224.000,Distillate Fuel Oil,2021
0236540,Kachemak,290511.000,Natural Gas,2021
0236540,Kachemak,391018.000,Water at Hydroelectric Turbine,2021
0236770,Kake,2262.349,Distillate Fuel Oil,2001
0236770,Kake,4290.824,Distillate Fuel Oil,2002
0236770,Kake,4076.302,Distillate Fuel Oil,2003
0236770,Kake,2877.464,Distillate Fuel Oil,2004
0236770,Kake,2633.975,Distillate Fuel Oil,2005
0236770,Kake,3353.985,Distillate Fuel Oil,2006
0236770,Kake,2531.131,Distillate Fuel Oil,2007
0236770,Kake,2608.540,Distillate Fuel Oil,2008
0236770,Kake,2553.077,Distillate Fuel Oil,2009
0236770,Kake,2498.218,Distillate Fuel Oil,2010
0236770,Kake,2831.388,Distillate Fuel Oil,2011
0236770,Kake,3020.308,Distillate Fuel Oil,2012
0236770,Kake,3101.990,Distillate Fuel Oil,2013
0236770,Kake,2838.967,Distillate Fuel Oil,2014
0236770,Kake,2358.927,Distillate Fuel Oil,2015
0236770,Kake,2255.999,Distillate Fuel Oil,2016
0236770,Kake,2235.161,Distillate Fuel Oil,2017
0236770,Kake,2228.271,Distillate Fuel Oil,2018
0236770,Kake,2232.150,Distillate Fuel Oil,2019
0236770,Kake,2161.479,Distillate Fuel Oil,2020
0236770,Kake,128.300,Water at Hydroelectric Turbine,2020
0236770,Kake,1453.639,Distillate Fuel Oil,2021
0236770,Kake,854.744,Water at Hydroelectric Turbine,2021
0236990,Kaktovik,1683.900,Distillate Fuel Oil,2001
0236990,Kaktovik,3851.400,Distillate Fuel Oil,2002
0236990,Kaktovik,4032.100,Distillate Fuel Oil,2003
0236990,Kaktovik,4464.700,Distillate Fuel Oil,2004
0236990,Kaktovik,4745.900,Distillate Fuel Oil,2005
0236990,Kaktovik,4928.200,Distillate Fuel Oil,2006
0236990,Kaktovik,2999.999,Distillate Fuel Oil,2007
0236990,Kaktovik,5074.000,Distillate Fuel Oil,2008
0236990,Kaktovik,5776.226,Distillate Fuel Oil,2009
0236990,Kaktovik,4983.734,Distillate Fuel Oil,2010
0236990,Kaktovik,4830.200,Distillate Fuel Oil,2011
0236990,Kaktovik,5901.484,Distillate Fuel Oil,2012
0236990,Kaktovik,4758.700,Distillate Fuel Oil,2013
0236990,Kaktovik,4695.600,Distillate Fuel Oil,2014
0236990,Kaktovik,4733.100,Distillate Fuel Oil,2015
0236990,Kaktovik,4792.400,Distillate Fuel Oil,2016
0236990,Kaktovik,4735.000,Distillate Fuel Oil,2017
0236990,Kaktovik,4469.213,Distillate Fuel Oil,2018
0236990,Kaktovik,4510.000,Distillate Fuel Oil,2019
0236990,Kaktovik,3884.429,Distillate Fuel Oil,2020
0236990,Kaktovik,4655.922,Distillate Fuel Oil,2021
0237250,Kalifornsky,490.999,Distillate Fuel Oil,2001
0237250,Kalifornsky,426710.001,Natural Gas,2001
0237250,Kalifornsky,345681.000,Water at Hydroelectric Turbine,2001
0237250,Kalifornsky,355.740,Distillate Fuel Oil,2002
0237250,Kalifornsky,473327.141,Natural Gas,2002
0237250,Kalifornsky,484899.000,Water at Hydroelectric Turbine,2002
0237250,Kalifornsky,243.001,Distillate Fuel Oil,2003
0237250,Kalifornsky,399766.998,Natural Gas,2003
0237250,Kalifornsky,500875.000,Water at Hydroelectric Turbine,2003
0237250,Kalifornsky,336.702,Distillate Fuel Oil,2004
0237250,Kalifornsky,398518.890,Natural Gas,2004
0237250,Kalifornsky,429709.000,Water at Hydroelectric Turbine,2004
0237250,Kalifornsky,235.643,Distillate Fuel Oil,2005
0237250,Kalifornsky,490271.637,Natural Gas,2005
0237250,Kalifornsky,452757.000,Water at Hydroelectric Turbine,2005
0237250,Kalifornsky,236.000,Distillate Fuel Oil,2006
0237250,Kalifornsky,2147.575,Jet Fuel,2006
0237250,Kalifornsky,451056.328,Natural Gas,2006
0237250,Kalifornsky,343766.000,Water at Hydroelectric Turbine,2006
0237250,Kalifornsky,382.001,Distillate Fuel Oil,2007
0237250,Kalifornsky,264.025,Jet Fuel,2007
0237250,Kalifornsky,443609.870,Natural Gas,2007
0237250,Kalifornsky,336288.000,Water at Hydroelectric Turbine,2007
0237250,Kalifornsky,22.000,Distillate Fuel Oil,2008
0237250,Kalifornsky,3.268,Jet Fuel,2008
0237250,Kalifornsky,473626.372,Natural Gas,2008
0237250,Kalifornsky,296759.000,Water at Hydroelectric Turbine,2008
0237250,Kalifornsky,324.649,Distillate Fuel Oil,2009
0237250,Kalifornsky,163.399,Jet Fuel,2009
0237250,Kalifornsky,378362.432,Natural Gas,2009
0237250,Kalifornsky,362293.410,Water at Hydroelectric Turbine,2009
0237250,Kalifornsky,202.000,Distillate Fuel Oil,2010
0237250,Kalifornsky,0.000,Jet Fuel,2010
0237250,Kalifornsky,354378.140,Natural Gas,2010
0237250,Kalifornsky,348270.970,Water at Hydroelectric Turbine,2010
0237250,Kalifornsky,160.167,Distillate Fuel Oil,2011
0237250,Kalifornsky,0.000,Jet Fuel,2011
0237250,Kalifornsky,375394.769,Natural Gas,2011
0237250,Kalifornsky,2738.304,Other Gas,2011
0237250,Kalifornsky,303900.000,Water at Hydroelectric Turbine,2011
0237250,Kalifornsky,214.332,Distillate Fuel Oil,2012
0237250,Kalifornsky,0.000,Jet Fuel,2012
0237250,Kalifornsky,355032.847,Natural Gas,2012
0237250,Kalifornsky,2658.441,Other Gas,2012
0237250,Kalifornsky,397373.000,Water at Hydroelectric Turbine,2012
0237250,Kalifornsky,101.277,Distillate Fuel Oil,2013
0237250,Kalifornsky,0.000,Jet Fuel,2013
0237250,Kalifornsky,201008.184,Natural Gas,2013
0237250,Kalifornsky,430.659,Waste Oil,2013
0237250,Kalifornsky,368254.000,Water at Hydroelectric Turbine,2013
0237250,Kalifornsky,444.000,Distillate Fuel Oil,2014
0237250,Kalifornsky,0.000,Jet Fuel,2014
0237250,Kalifornsky,306144.240,Natural Gas,2014
0237250,Kalifornsky,0.000,Waste Oil,2014
0237250,Kalifornsky,432575.000,Water at Hydroelectric Turbine,2014
0237250,Kalifornsky,228.103,Distillate Fuel Oil,2015
0237250,Kalifornsky,0.000,Jet Fuel,2015
0237250,Kalifornsky,315789.997,Natural Gas,2015
0237250,Kalifornsky,471705.000,Water at Hydroelectric Turbine,2015
0237250,Kalifornsky,87.000,Distillate Fuel Oil,2016
0237250,Kalifornsky,0.000,Jet Fuel,2016
0237250,Kalifornsky,316448.000,Natural Gas,2016
0237250,Kalifornsky,430509.000,Water at Hydroelectric Turbine,2016
0237250,Kalifornsky,15.000,Distillate Fuel Oil,2017
0237250,Kalifornsky,0.000,Jet Fuel,2017
0237250,Kalifornsky,316493.000,Natural Gas,2017
0237250,Kalifornsky,387059.000,Water at Hydroelectric Turbine,2017
0237250,Kalifornsky,85.461,Distillate Fuel Oil,2018
0237250,Kalifornsky,0.000,Jet Fuel,2018
0237250,Kalifornsky,276027.539,Natural Gas,2018
0237250,Kalifornsky,404479.000,Water at Hydroelectric Turbine,2018
0237250,Kalifornsky,63.000,Distillate Fuel Oil,2019
0237250,Kalifornsky,0.000,Jet Fuel,2019
0237250,Kalifornsky,237333.000,Natural Gas,2019
0237250,Kalifornsky,413592.000,Water at Hydroelectric Turbine,2019
0237250,Kalifornsky,4329.915,Distillate Fuel Oil,2020
0237250,Kalifornsky,302127.085,Natural Gas,2020
0237250,Kalifornsky,466635.000,Water at Hydroelectric Turbine,2020
0237250,Kalifornsky,224.000,Distillate Fuel Oil,2021
0237250,Kalifornsky,290511.000,Natural Gas,2021
0237250,Kalifornsky,391018.000,Water at Hydroelectric Turbine,2021
0237430,Kaltag,695.001,Distillate Fuel Oil,2001
0237430,Kaltag,714.544,Distillate Fuel Oil,2002
0237430,Kaltag,669.848,Distillate Fuel Oil,2003
0237430,Kaltag,664.639,Distillate Fuel Oil,2004
0237430,Kaltag,713.658,Distillate Fuel Oil,2005
0237430,Kaltag,732.625,Distillate Fuel Oil,2006
0237430,Kaltag,744.494,Distillate Fuel Oil,2007
0237430,Kaltag,754.883,Distillate Fuel Oil,2008
0237430,Kaltag,745.913,Distillate Fuel Oil,2009
0237430,Kaltag,780.130,Distillate Fuel Oil,2010
0237430,Kaltag,745.495,Distillate Fuel Oil,2011
0237430,Kaltag,773.218,Distillate Fuel Oil,2012
0237430,Kaltag,0.374,Solar,2012
0237430,Kaltag,726.705,Distillate Fuel Oil,2013
0237430,Kaltag,8.880,Solar,2013
0237430,Kaltag,700.063,Distillate Fuel Oil,2014
0237430,Kaltag,8.649,Solar,2014
0237430,Kaltag,632.241,Distillate Fuel Oil,2015
0237430,Kaltag,8.173,Solar,2015
0237430,Kaltag,592.508,Distillate Fuel Oil,2016
0237430,Kaltag,7.316,Solar,2016
0237430,Kaltag,691.367,Distillate Fuel Oil,2017
0237430,Kaltag,7.556,Solar,2017
0237430,Kaltag,710.583,Distillate Fuel Oil,2018
0237430,Kaltag,0.044,Solar,2018
0237430,Kaltag,625.356,Distillate Fuel Oil,2019
0237430,Kaltag,0.080,Solar,2019
0237430,Kaltag,650.442,Distillate Fuel Oil,2020
0237430,Kaltag,7.251,Solar,2020
0237430,Kaltag,670.656,Distillate Fuel Oil,2021
0237430,Kaltag,6.636,Solar,2021
0237540,Karluk,83.719,Distillate Fuel Oil,2001
0237540,Karluk,165.522,Distillate Fuel Oil,2002
0237540,Karluk,131.719,Distillate Fuel Oil,2003
0237540,Karluk,129.238,Distillate Fuel Oil,2004
0237540,Karluk,170.988,Distillate Fuel Oil,2005
0237540,Karluk,231.728,Distillate Fuel Oil,2006
0237540,Karluk,250.867,Distillate Fuel Oil,2007
0237540,Karluk,264.161,Distillate Fuel Oil,2008
0237540,Karluk,262.694,Distillate Fuel Oil,2009
0237540,Karluk,263.264,Distillate Fuel Oil,2010
0237540,Karluk,255.889,Distillate Fuel Oil,2011
0237540,Karluk,269.191,Distillate Fuel Oil,2012
0237540,Karluk,262.357,Distillate Fuel Oil,2013
0237540,Karluk,240.490,Distillate Fuel Oil,2014
0237540,Karluk,208.071,Distillate Fuel Oil,2015
0237540,Karluk,213.859,Distillate Fuel Oil,2016
0237540,Karluk,213.848,Distillate Fuel Oil,2017
0237540,Karluk,218.207,Distillate Fuel Oil,2018
0237540,Karluk,197.209,Distillate Fuel Oil,2019
0237540,Karluk,199.304,Distillate Fuel Oil,2020
0237540,Karluk,206.794,Distillate Fuel Oil,2021
0237650,Kasaan,590.000,Distillate Fuel Oil,2001
0237650,Kasaan,22825.999,Water at Hydroelectric Turbine,2001
0237650,Kasaan,3287.000,Distillate Fuel Oil,2002
0237650,Kasaan,19991.999,Water at Hydroelectric Turbine,2002
0237650,Kasaan,1557.002,Distillate Fuel Oil,2003
0237650,Kasaan,21937.000,Water at Hydroelectric Turbine,2003
0237650,Kasaan,697.999,Distillate Fuel Oil,2004
0237650,Kasaan,23307.000,Water at Hydroelectric Turbine,2004
0237650,Kasaan,763.996,Distillate Fuel Oil,2005
0237650,Kasaan,23250.000,Water at Hydroelectric Turbine,2005
0237650,Kasaan,1639.998,Distillate Fuel Oil,2006
0237650,Kasaan,24538.001,Water at Hydroelectric Turbine,2006
0237650,Kasaan,-110.000,Distillate Fuel Oil,2007
0237650,Kasaan,27276.999,Water at Hydroelectric Turbine,2007
0237650,Kasaan,4296.000,Distillate Fuel Oil,2008
0237650,Kasaan,21660.000,Water at Hydroelectric Turbine,2008
0237650,Kasaan,2087.000,Distillate Fuel Oil,2009
0237650,Kasaan,24895.000,Water at Hydroelectric Turbine,2009
0237650,Kasaan,257.000,Distillate Fuel Oil,2010
0237650,Kasaan,26579.000,Water at Hydroelectric Turbine,2010
0237650,Kasaan,3892.000,Distillate Fuel Oil,2011
0237650,Kasaan,23906.000,Water at Hydroelectric Turbine,2011
0237650,Kasaan,2323.000,Distillate Fuel Oil,2012
0237650,Kasaan,26111.000,Water at Hydroelectric Turbine,2012
0237650,Kasaan,3010.000,Distillate Fuel Oil,2013
0237650,Kasaan,26255.000,Water at Hydroelectric Turbine,2013
0237650,Kasaan,1085.000,Distillate Fuel Oil,2014
0237650,Kasaan,27020.000,Water at Hydroelectric Turbine,2014
0237650,Kasaan,2015.000,Distillate Fuel Oil,2015
0237650,Kasaan,27059.000,Water at Hydroelectric Turbine,2015
0237650,Kasaan,1109.000,Distillate Fuel Oil,2016
0237650,Kasaan,26085.000,Water at Hydroelectric Turbine,2016
0237650,Kasaan,3157.000,Distillate Fuel Oil,2017
0237650,Kasaan,24983.000,Water at Hydroelectric Turbine,2017
0237650,Kasaan,5332.000,Distillate Fuel Oil,2018
0237650,Kasaan,22245.000,Water at Hydroelectric Turbine,2018
0237650,Kasaan,4107.000,Distillate Fuel Oil,2019
0237650,Kasaan,24449.000,Water at Hydroelectric Turbine,2019
0237650,Kasaan,1525.000,Distillate Fuel Oil,2020
0237650,Kasaan,27172.000,Water at Hydroelectric Turbine,2020
0237650,Kasaan,1640.000,Distillate Fuel Oil,2021
0237650,Kasaan,28933.000,Water at Hydroelectric Turbine,2021
0237975,Kasigluk,2426.363,Distillate Fuel Oil,2002
0237975,Kasigluk,2548.817,Distillate Fuel Oil,2003
0237975,Kasigluk,2606.559,Distillate Fuel Oil,2004
0237975,Kasigluk,2584.819,Distillate Fuel Oil,2005
0237975,Kasigluk,2589.190,Distillate Fuel Oil,2006
0237975,Kasigluk,211.168,Wind,2006
0237975,Kasigluk,2150.090,Distillate Fuel Oil,2007
0237975,Kasigluk,414.334,Wind,2007
0237975,Kasigluk,2191.980,Distillate Fuel Oil,2008
0237975,Kasigluk,615.986,Wind,2008
0237975,Kasigluk,2122.075,Distillate Fuel Oil,2009
0237975,Kasigluk,647.026,Wind,2009
0237975,Kasigluk,2297.755,Distillate Fuel Oil,2010
0237975,Kasigluk,653.647,Wind,2010
0237975,Kasigluk,2363.735,Distillate Fuel Oil,2011
0237975,Kasigluk,496.850,Wind,2011
0237975,Kasigluk,2589.663,Distillate Fuel Oil,2012
0237975,Kasigluk,517.694,Wind,2012
0237975,Kasigluk,2523.746,Distillate Fuel Oil,2013
0237975,Kasigluk,562.030,Wind,2013
0237975,Kasigluk,2708.255,Distillate Fuel Oil,2014
0237975,Kasigluk,390.042,Wind,2014
0237975,Kasigluk,2749.219,Distillate Fuel Oil,2015
0237975,Kasigluk,378.784,Wind,2015
0237975,Kasigluk,2494.090,Distillate Fuel Oil,2016
0237975,Kasigluk,579.794,Wind,2016
0237975,Kasigluk,2698.645,Distillate Fuel Oil,2017
0237975,Kasigluk,379.604,Wind,2017
0237975,Kasigluk,2594.833,Distillate Fuel Oil,2018
0237975,Kasigluk,397.908,Wind,2018
0237975,Kasigluk,2697.897,Distillate Fuel Oil,2019
0237975,Kasigluk,276.880,Wind,2019
0237975,Kasigluk,2681.203,Distillate Fuel Oil,2020
0237975,Kasigluk,396.545,Wind,2020
0237975,Kasigluk,2467.031,Distillate Fuel Oil,2021
0237975,Kasigluk,322.363,Wind,2021
0238090,Kasilof,490.999,Distillate Fuel Oil,2001
0238090,Kasilof,426710.001,Natural Gas,2001
0238090,Kasilof,345681.000,Water at Hydroelectric Turbine,2001
0238090,Kasilof,355.740,Distillate Fuel Oil,2002
0238090,Kasilof,473327.141,Natural Gas,2002
0238090,Kasilof,484899.000,Water at Hydroelectric Turbine,2002
0238090,Kasilof,243.001,Distillate Fuel Oil,2003
0238090,Kasilof,399766.998,Natural Gas,2003
0238090,Kasilof,500875.000,Water at Hydroelectric Turbine,2003
0238090,Kasilof,336.702,Distillate Fuel Oil,2004
0238090,Kasilof,398518.890,Natural Gas,2004
0238090,Kasilof,429709.000,Water at Hydroelectric Turbine,2004
0238090,Kasilof,235.643,Distillate Fuel Oil,2005
0238090,Kasilof,490271.637,Natural Gas,2005
0238090,Kasilof,452757.000,Water at Hydroelectric Turbine,2005
0238090,Kasilof,236.000,Distillate Fuel Oil,2006
0238090,Kasilof,2147.575,Jet Fuel,2006
0238090,Kasilof,451056.328,Natural Gas,2006
0238090,Kasilof,343766.000,Water at Hydroelectric Turbine,2006
0238090,Kasilof,382.001,Distillate Fuel Oil,2007
0238090,Kasilof,264.025,Jet Fuel,2007
0238090,Kasilof,443609.870,Natural Gas,2007
0238090,Kasilof,336288.000,Water at Hydroelectric Turbine,2007
0238090,Kasilof,22.000,Distillate Fuel Oil,2008
0238090,Kasilof,3.268,Jet Fuel,2008
0238090,Kasilof,473626.372,Natural Gas,2008
0238090,Kasilof,296759.000,Water at Hydroelectric Turbine,2008
0238090,Kasilof,324.649,Distillate Fuel Oil,2009
0238090,Kasilof,163.399,Jet Fuel,2009
0238090,Kasilof,378362.432,Natural Gas,2009
0238090,Kasilof,362293.410,Water at Hydroelectric Turbine,2009
0238090,Kasilof,202.000,Distillate Fuel Oil,2010
0238090,Kasilof,0.000,Jet Fuel,2010
0238090,Kasilof,354378.140,Natural Gas,2010
0238090,Kasilof,348270.970,Water at Hydroelectric Turbine,2010
0238090,Kasilof,160.167,Distillate Fuel Oil,2011
0238090,Kasilof,0.000,Jet Fuel,2011
0238090,Kasilof,375394.769,Natural Gas,2011
0238090,Kasilof,2738.304,Other Gas,2011
0238090,Kasilof,303900.000,Water at Hydroelectric Turbine,2011
0238090,Kasilof,214.332,Distillate Fuel Oil,2012
0238090,Kasilof,0.000,Jet Fuel,2012
0238090,Kasilof,355032.847,Natural Gas,2012
0238090,Kasilof,2658.441,Other Gas,2012
0238090,Kasilof,397373.000,Water at Hydroelectric Turbine,2012
0238090,Kasilof,101.277,Distillate Fuel Oil,2013
0238090,Kasilof,0.000,Jet Fuel,2013
0238090,Kasilof,201008.184,Natural Gas,2013
0238090,Kasilof,430.659,Waste Oil,2013
0238090,Kasilof,368254.000,Water at Hydroelectric Turbine,2013
0238090,Kasilof,444.000,Distillate Fuel Oil,2014
0238090,Kasilof,0.000,Jet Fuel,2014
0238090,Kasilof,306144.240,Natural Gas,2014
0238090,Kasilof,0.000,Waste Oil,2014
0238090,Kasilof,432575.000,Water at Hydroelectric Turbine,2014
0238090,Kasilof,228.103,Distillate Fuel Oil,2015
0238090,Kasilof,0.000,Jet Fuel,2015
0238090,Kasilof,315789.997,Natural Gas,2015
0238090,Kasilof,471705.000,Water at Hydroelectric Turbine,2015
0238090,Kasilof,87.000,Distillate Fuel Oil,2016
0238090,Kasilof,0.000,Jet Fuel,2016
0238090,Kasilof,316448.000,Natural Gas,2016
0238090,Kasilof,430509.000,Water at Hydroelectric Turbine,2016
0238090,Kasilof,15.000,Distillate Fuel Oil,2017
0238090,Kasilof,0.000,Jet Fuel,2017
0238090,Kasilof,316493.000,Natural Gas,2017
0238090,Kasilof,387059.000,Water at Hydroelectric Turbine,2017
0238090,Kasilof,85.461,Distillate Fuel Oil,2018
0238090,Kasilof,0.000,Jet Fuel,2018
0238090,Kasilof,276027.539,Natural Gas,2018
0238090,Kasilof,404479.000,Water at Hydroelectric Turbine,2018
0238090,Kasilof,63.000,Distillate Fuel Oil,2019
0238090,Kasilof,0.000,Jet Fuel,2019
0238090,Kasilof,237333.000,Natural Gas,2019
0238090,Kasilof,413592.000,Water at Hydroelectric Turbine,2019
0238090,Kasilof,4329.915,Distillate Fuel Oil,2020
0238090,Kasilof,302127.085,Natural Gas,2020
0238090,Kasilof,466635.000,Water at Hydroelectric Turbine,2020
0238090,Kasilof,224.000,Distillate Fuel Oil,2021
0238090,Kasilof,290511.000,Natural Gas,2021
0238090,Kasilof,391018.000,Water at Hydroelectric Turbine,2021
0238420,Kenai,490.999,Distillate Fuel Oil,2001
0238420,Kenai,426710.001,Natural Gas,2001
0238420,Kenai,345681.000,Water at Hydroelectric Turbine,2001
0238420,Kenai,355.740,Distillate Fuel Oil,2002
0238420,Kenai,473327.141,Natural Gas,2002
0238420,Kenai,484899.000,Water at Hydroelectric Turbine,2002
0238420,Kenai,243.001,Distillate Fuel Oil,2003
0238420,Kenai,399766.998,Natural Gas,2003
0238420,Kenai,500875.000,Water at Hydroelectric Turbine,2003
0238420,Kenai,336.702,Distillate Fuel Oil,2004
0238420,Kenai,398518.890,Natural Gas,2004
0238420,Kenai,429709.000,Water at Hydroelectric Turbine,2004
0238420,Kenai,235.643,Distillate Fuel Oil,2005
0238420,Kenai,490271.637,Natural Gas,2005
0238420,Kenai,452757.000,Water at Hydroelectric Turbine,2005
0238420,Kenai,236.000,Distillate Fuel Oil,2006
0238420,Kenai,2147.575,Jet Fuel,2006
0238420,Kenai,451056.328,Natural Gas,2006
0238420,Kenai,343766.000,Water at Hydroelectric Turbine,2006
0238420,Kenai,382.001,Distillate Fuel Oil,2007
0238420,Kenai,264.025,Jet Fuel,2007
0238420,Kenai,443609.870,Natural Gas,2007
0238420,Kenai,336288.000,Water at Hydroelectric Turbine,2007
0238420,Kenai,22.000,Distillate Fuel Oil,2008
0238420,Kenai,3.268,Jet Fuel,2008
0238420,Kenai,473626.372,Natural Gas,2008
0238420,Kenai,296759.000,Water at Hydroelectric Turbine,2008
0238420,Kenai,324.649,Distillate Fuel Oil,2009
0238420,Kenai,163.399,Jet Fuel,2009
0238420,Kenai,378362.432,Natural Gas,2009
0238420,Kenai,362293.410,Water at Hydroelectric Turbine,2009
0238420,Kenai,202.000,Distillate Fuel Oil,2010
0238420,Kenai,0.000,Jet Fuel,2010
0238420,Kenai,354378.140,Natural Gas,2010
0238420,Kenai,348270.970,Water at Hydroelectric Turbine,2010
0238420,Kenai,160.167,Distillate Fuel Oil,2011
0238420,Kenai,0.000,Jet Fuel,2011
0238420,Kenai,375394.769,Natural Gas,2011
0238420,Kenai,2738.304,Other Gas,2011
0238420,Kenai,303900.000,Water at Hydroelectric Turbine,2011
0238420,Kenai,214.332,Distillate Fuel Oil,2012
0238420,Kenai,0.000,Jet Fuel,2012
0238420,Kenai,355032.847,Natural Gas,2012
0238420,Kenai,2658.441,Other Gas,2012
0238420,Kenai,397373.000,Water at Hydroelectric Turbine,2012
0238420,Kenai,101.277,Distillate Fuel Oil,2013
0238420,Kenai,0.000,Jet Fuel,2013
0238420,Kenai,201008.184,Natural Gas,2013
0238420,Kenai,430.659,Waste Oil,2013
0238420,Kenai,368254.000,Water at Hydroelectric Turbine,2013
0238420,Kenai,444.000,Distillate Fuel Oil,2014
0238420,Kenai,0.000,Jet Fuel,2014
0238420,Kenai,306144.240,Natural Gas,2014
0238420,Kenai,0.000,Waste Oil,2014
0238420,Kenai,432575.000,Water at Hydroelectric Turbine,2014
0238420,Kenai,228.103,Distillate Fuel Oil,2015
0238420,Kenai,0.000,Jet Fuel,2015
0238420,Kenai,315789.997,Natural Gas,2015
0238420,Kenai,471705.000,Water at Hydroelectric Turbine,2015
0238420,Kenai,87.000,Distillate Fuel Oil,2016
0238420,Kenai,0.000,Jet Fuel,2016
0238420,Kenai,316448.000,Natural Gas,2016
0238420,Kenai,430509.000,Water at Hydroelectric Turbine,2016
0238420,Kenai,15.000,Distillate Fuel Oil,2017
0238420,Kenai,0.000,Jet Fuel,2017
0238420,Kenai,316493.000,Natural Gas,2017
0238420,Kenai,387059.000,Water at Hydroelectric Turbine,2017
0238420,Kenai,85.461,Distillate Fuel Oil,2018
0238420,Kenai,0.000,Jet Fuel,2018
0238420,Kenai,276027.539,Natural Gas,2018
0238420,Kenai,404479.000,Water at Hydroelectric Turbine,2018
0238420,Kenai,63.000,Distillate Fuel Oil,2019
0238420,Kenai,0.000,Jet Fuel,2019
0238420,Kenai,237333.000,Natural Gas,2019
0238420,Kenai,413592.000,Water at Hydroelectric Turbine,2019
0238420,Kenai,4329.915,Distillate Fuel Oil,2020
0238420,Kenai,302127.085,Natural Gas,2020
0238420,Kenai,466635.000,Water at Hydroelectric Turbine,2020
0238420,Kenai,224.000,Distillate Fuel Oil,2021
0238420,Kenai,290511.000,Natural Gas,2021
0238420,Kenai,391018.000,Water at Hydroelectric Turbine,2021
0238910,Kenny Lake,19012.999,Distillate Fuel Oil,2001
0238910,Kenny Lake,50788.001,Water at Hydroelectric Turbine,2001
0238910,Kenny Lake,11380.999,Distillate Fuel Oil,2002
0238910,Kenny Lake,0.000,Jet Fuel,2002
0238910,Kenny Lake,18565.000,Waste Oil,2002
0238910,Kenny Lake,56651.000,Water at Hydroelectric Turbine,2002
0238910,Kenny Lake,9009.296,Distillate Fuel Oil,2003
0238910,Kenny Lake,21484.001,Jet Fuel,2003
0238910,Kenny Lake,52811.998,Water at Hydroelectric Turbine,2003
0238910,Kenny Lake,10104.640,Distillate Fuel Oil,2004
0238910,Kenny Lake,21429.000,Jet Fuel,2004
0238910,Kenny Lake,51353.001,Water at Hydroelectric Turbine,2004
0238910,Kenny Lake,12625.558,Distillate Fuel Oil,2005
0238910,Kenny Lake,20519.000,Jet Fuel,2005
0238910,Kenny Lake,49426.999,Water at Hydroelectric Turbine,2005
0238910,Kenny Lake,10526.475,Distillate Fuel Oil,2006
0238910,Kenny Lake,19680.001,Jet Fuel,2006
0238910,Kenny Lake,54916.999,Water at Hydroelectric Turbine,2006
0238910,Kenny Lake,14456.820,Distillate Fuel Oil,2007
0238910,Kenny Lake,32393.999,Jet Fuel,2007
0238910,Kenny Lake,34556.000,Water at Hydroelectric Turbine,2007
0238910,Kenny Lake,7705.000,Distillate Fuel Oil,2008
0238910,Kenny Lake,24031.000,Jet Fuel,2008
0238910,Kenny Lake,47429.000,Water at Hydroelectric Turbine,2008
0238910,Kenny Lake,12229.725,Distillate Fuel Oil,2009
0238910,Kenny Lake,6756.000,Jet Fuel,2009
0238910,Kenny Lake,44988.000,Water at Hydroelectric Turbine,2009
0238910,Kenny Lake,5850.405,Distillate Fuel Oil,2010
0238910,Kenny Lake,30043.000,Jet Fuel,2010
0238910,Kenny Lake,44758.000,Water at Hydroelectric Turbine,2010
0238910,Kenny Lake,15160.000,Distillate Fuel Oil,2011
0238910,Kenny Lake,17519.000,Jet Fuel,2011
0238910,Kenny Lake,46189.000,Water at Hydroelectric Turbine,2011
0238910,Kenny Lake,14645.108,Distillate Fuel Oil,2012
0238910,Kenny Lake,29655.000,Jet Fuel,2012
0238910,Kenny Lake,44135.000,Water at Hydroelectric Turbine,2012
0238910,Kenny Lake,15495.027,Distillate Fuel Oil,2013
0238910,Kenny Lake,0.000,Jet Fuel,2013
0238910,Kenny Lake,17027.000,Waste Oil,2013
0238910,Kenny Lake,54750.000,Water at Hydroelectric Turbine,2013
0238910,Kenny Lake,9933.580,Distillate Fuel Oil,2014
0238910,Kenny Lake,0.000,Jet Fuel,2014
0238910,Kenny Lake,21217.000,Waste Oil,2014
0238910,Kenny Lake,54955.000,Water at Hydroelectric Turbine,2014
0238910,Kenny Lake,9040.578,Distillate Fuel Oil,2015
0238910,Kenny Lake,0.000,Jet Fuel,2015
0238910,Kenny Lake,21316.000,Waste Oil,2015
0238910,Kenny Lake,55982.000,Water at Hydroelectric Turbine,2015
0238910,Kenny Lake,11183.989,Distillate Fuel Oil,2016
0238910,Kenny Lake,0.000,Jet Fuel,2016
0238910,Kenny Lake,17636.000,Waste Oil,2016
0238910,Kenny Lake,55731.000,Water at Hydroelectric Turbine,2016
0238910,Kenny Lake,10387.013,Distillate Fuel Oil,2017
0238910,Kenny Lake,0.000,Jet Fuel,2017
0238910,Kenny Lake,21411.000,Waste Oil,2017
0238910,Kenny Lake,56473.000,Water at Hydroelectric Turbine,2017
0238910,Kenny Lake,9662.000,Distillate Fuel Oil,2018
0238910,Kenny Lake,0.000,Jet Fuel,2018
0238910,Kenny Lake,16993.000,Waste Oil,2018
0238910,Kenny Lake,65164.000,Water at Hydroelectric Turbine,2018
0238910,Kenny Lake,6062.000,Distillate Fuel Oil,2019
0238910,Kenny Lake,0.000,Jet Fuel,2019
0238910,Kenny Lake,17823.000,Waste Oil,2019
0238910,Kenny Lake,72333.000,Water at Hydroelectric Turbine,2019
0238910,Kenny Lake,10486.000,Distillate Fuel Oil,2020
0238910,Kenny Lake,23442.000,Waste Oil,2020
0238910,Kenny Lake,54317.000,Water at Hydroelectric Turbine,2020
0238910,Kenny Lake,12132.000,Distillate Fuel Oil,2021
0238910,Kenny Lake,25547.000,Waste Oil,2021
0238910,Kenny Lake,58733.000,Water at Hydroelectric Turbine,2021
0238970,Ketchikan,7448.000,Distillate Fuel Oil,2001
0238970,Ketchikan,160492.001,Water at Hydroelectric Turbine,2001
0238970,Ketchikan,13481.000,Distillate Fuel Oil,2002
0238970,Ketchikan,139785.000,Water at Hydroelectric Turbine,2002
0238970,Ketchikan,1081.000,Distillate Fuel Oil,2003
0238970,Ketchikan,157395.001,Water at Hydroelectric Turbine,2003
0238970,Ketchikan,-968.000,Distillate Fuel Oil,2004
0238970,Ketchikan,153663.001,Water at Hydroelectric Turbine,2004
0238970,Ketchikan,-425.000,Distillate Fuel Oil,2005
0238970,Ketchikan,154000.998,Water at Hydroelectric Turbine,2005
0238970,Ketchikan,1773.999,Distillate Fuel Oil,2006
0238970,Ketchikan,159585.003,Water at Hydroelectric Turbine,2006
0238970,Ketchikan,942.999,Distillate Fuel Oil,2007
0238970,Ketchikan,160817.000,Water at Hydroelectric Turbine,2007
0238970,Ketchikan,16184.000,Distillate Fuel Oil,2008
0238970,Ketchikan,150875.000,Water at Hydroelectric Turbine,2008
0238970,Ketchikan,12337.000,Distillate Fuel Oil,2009
0238970,Ketchikan,155009.000,Water at Hydroelectric Turbine,2009
0238970,Ketchikan,-447.000,Distillate Fuel Oil,2010
0238970,Ketchikan,167639.000,Water at Hydroelectric Turbine,2010
0238970,Ketchikan,2603.000,Distillate Fuel Oil,2011
0238970,Ketchikan,172674.000,Water at Hydroelectric Turbine,2011
0238970,Ketchikan,456.000,Distillate Fuel Oil,2012
0238970,Ketchikan,182049.000,Water at Hydroelectric Turbine,2012
0238970,Ketchikan,10204.000,Distillate Fuel Oil,2013
0238970,Ketchikan,143463.000,Water at Hydroelectric Turbine,2013
0238970,Ketchikan,-262.903,Distillate Fuel Oil,2014
0238970,Ketchikan,149847.000,Water at Hydroelectric Turbine,2014
0238970,Ketchikan,-968.000,Distillate Fuel Oil,2015
0238970,Ketchikan,152521.000,Water at Hydroelectric Turbine,2015
0238970,Ketchikan,-1111.000,Distillate Fuel Oil,2016
0238970,Ketchikan,252601.000,Water at Hydroelectric Turbine,2016
0238970,Ketchikan,3307.000,Distillate Fuel Oil,2017
0238970,Ketchikan,261786.000,Water at Hydroelectric Turbine,2017
0238970,Ketchikan,18614.000,Distillate Fuel Oil,2018
0238970,Ketchikan,240892.000,Water at Hydroelectric Turbine,2018
0238970,Ketchikan,26855.000,Distillate Fuel Oil,2019
0238970,Ketchikan,203764.000,Water at Hydroelectric Turbine,2019
0238970,Ketchikan,-248.000,Distillate Fuel Oil,2020
0238970,Ketchikan,255030.000,Water at Hydroelectric Turbine,2020
0238970,Ketchikan,-106.000,Distillate Fuel Oil,2021
0238970,Ketchikan,265904.000,Water at Hydroelectric Turbine,2021
0238970,Ketchikan,,,
0239300,Kiana,1502.196,Distillate Fuel Oil,2002
0239300,Kiana,1722.878,Distillate Fuel Oil,2003
0239300,Kiana,1602.725,Distillate Fuel Oil,2004
0239300,Kiana,1511.650,Distillate Fuel Oil,2005
0239300,Kiana,1502.891,Distillate Fuel Oil,2006
0239300,Kiana,1602.026,Distillate Fuel Oil,2007
0239300,Kiana,1664.610,Distillate Fuel Oil,2008
0239300,Kiana,1627.000,Jet Fuel,2008
0239300,Kiana,1645.047,Distillate Fuel Oil,2009
0239300,Kiana,1603.000,Jet Fuel,2009
0239300,Kiana,1550.669,Distillate Fuel Oil,2010
0239300,Kiana,1515.000,Jet Fuel,2010
0239300,Kiana,1555.614,Distillate Fuel Oil,2011
0239300,Kiana,1501.000,Jet Fuel,2011
0239300,Kiana,1537.262,Distillate Fuel Oil,2012
0239300,Kiana,1527.000,Jet Fuel,2012
0239300,Kiana,1561.935,Distillate Fuel Oil,2013
0239300,Kiana,0.000,Jet Fuel,2013
0239300,Kiana,1554.200,Distillate Fuel Oil,2014
0239300,Kiana,0.000,Jet Fuel,2014
0239300,Kiana,1617.644,Distillate Fuel Oil,2015
0239300,Kiana,0.000,Jet Fuel,2015
0239300,Kiana,1578.772,Distillate Fuel Oil,2016
0239300,Kiana,0.000,Jet Fuel,2016
0239300,Kiana,1615.844,Distillate Fuel Oil,2017
0239300,Kiana,0.000,Jet Fuel,2017
0239300,Kiana,1668.503,Distillate Fuel Oil,2018
0239300,Kiana,0.000,Jet Fuel,2018
0239300,Kiana,1667.736,Distillate Fuel Oil,2019
0239300,Kiana,1662.203,Distillate Fuel Oil,2020
0239300,Kiana,1715.150,Distillate Fuel Oil,2021
0239410,King Cove,593.384,Distillate Fuel Oil,2001
0239410,King Cove,1342.240,Water at Hydroelectric Turbine,2001
0239410,King Cove,1943.226,Distillate Fuel Oil,2002
0239410,King Cove,2304.010,Water at Hydroelectric Turbine,2002
0239410,King Cove,1641.823,Distillate Fuel Oil,2003
0239410,King Cove,2358.500,Water at Hydroelectric Turbine,2003
0239410,King Cove,2296.750,Distillate Fuel Oil,2004
0239410,King Cove,2494.104,Water at Hydroelectric Turbine,2004
0239410,King Cove,2146.259,Distillate Fuel Oil,2005
0239410,King Cove,2308.788,Water at Hydroelectric Turbine,2005
0239410,King Cove,1675.938,Distillate Fuel Oil,2006
0239410,King Cove,2160.080,Water at Hydroelectric Turbine,2006
0239410,King Cove,2543.071,Distillate Fuel Oil,2007
0239410,King Cove,2075.270,Water at Hydroelectric Turbine,2007
0239410,King Cove,3049.769,Distillate Fuel Oil,2008
0239410,King Cove,2143.010,Water at Hydroelectric Turbine,2008
0239410,King Cove,2431.286,Distillate Fuel Oil,2009
0239410,King Cove,2410.860,Water at Hydroelectric Turbine,2009
0239410,King Cove,2693.993,Distillate Fuel Oil,2010
0239410,King Cove,2539.497,Water at Hydroelectric Turbine,2010
0239410,King Cove,2167.949,Distillate Fuel Oil,2011
0239410,King Cove,3384.506,Water at Hydroelectric Turbine,2011
0239410,King Cove,2677.160,Distillate Fuel Oil,2012
0239410,King Cove,2450.656,Water at Hydroelectric Turbine,2012
0239410,King Cove,2598.728,Distillate Fuel Oil,2013
0239410,King Cove,1997.981,Water at Hydroelectric Turbine,2013
0239410,King Cove,2404.455,Distillate Fuel Oil,2014
0239410,King Cove,2222.000,Water at Hydroelectric Turbine,2014
0239410,King Cove,1711.321,Distillate Fuel Oil,2015
0239410,King Cove,2760.000,Water at Hydroelectric Turbine,2015
0239410,King Cove,2297.174,Distillate Fuel Oil,2016
0239410,King Cove,2005.000,Water at Hydroelectric Turbine,2016
0239410,King Cove,1696.000,Distillate Fuel Oil,2017
0239410,King Cove,2436.000,Water at Hydroelectric Turbine,2017
0239410,King Cove,809.000,Distillate Fuel Oil,2018
0239410,King Cove,3728.000,Water at Hydroelectric Turbine,2018
0239410,King Cove,591.000,Distillate Fuel Oil,2019
0239410,King Cove,3497.000,Water at Hydroelectric Turbine,2019
0239410,King Cove,597.000,Distillate Fuel Oil,2020
0239410,King Cove,3617.000,Water at Hydroelectric Turbine,2020
0239410,King Cove,846.000,Distillate Fuel Oil,2021
0239410,King Cove,3483.000,Water at Hydroelectric Turbine,2021
0239630,King Salmon,20118.001,Distillate Fuel Oil,2001
0239630,King Salmon,19003.542,Distillate Fuel Oil,2002
0239630,King Salmon,20400.421,Distillate Fuel Oil,2003
0239630,King Salmon,21189.975,Distillate Fuel Oil,2004
0239630,King Salmon,22411.058,Distillate Fuel Oil,2005
0239630,King Salmon,22635.538,Distillate Fuel Oil,2006
0239630,King Salmon,21974.570,Distillate Fuel Oil,2007
0239630,King Salmon,22563.288,Distillate Fuel Oil,2008
0239630,King Salmon,21709.678,Distillate Fuel Oil,2009
0239630,King Salmon,21622.956,Distillate Fuel Oil,2010
0239630,King Salmon,20570.403,Distillate Fuel Oil,2011
0239630,King Salmon,19934.364,Distillate Fuel Oil,2012
0239630,King Salmon,20064.730,Distillate Fuel Oil,2013
0239630,King Salmon,21796.130,Distillate Fuel Oil,2014
0239630,King Salmon,22412.982,Distillate Fuel Oil,2015
0239630,King Salmon,22085.813,Distillate Fuel Oil,2016
0239630,King Salmon,22369.793,Distillate Fuel Oil,2017
0239630,King Salmon,24837.295,Distillate Fuel Oil,2018
0239630,King Salmon,25789.400,Distillate Fuel Oil,2019
0239630,King Salmon,21413.671,Distillate Fuel Oil,2020
0239630,King Salmon,24328.964,Distillate Fuel Oil,2021
0239740,Kipnuk,840.398,Distillate Fuel Oil,2001
0239740,Kipnuk,1672.435,Distillate Fuel Oil,2002
0239740,Kipnuk,1814.147,Distillate Fuel Oil,2003
0239740,Kipnuk,1740.460,Distillate Fuel Oil,2004
0239740,Kipnuk,1836.857,Distillate Fuel Oil,2005
0239740,Kipnuk,1637.263,Distillate Fuel Oil,2006
0239740,Kipnuk,1539.794,Distillate Fuel Oil,2007
0239740,Kipnuk,1618.498,Distillate Fuel Oil,2008
0239740,Kipnuk,1631.088,Distillate Fuel Oil,2009
0239740,Kipnuk,1651.430,Distillate Fuel Oil,2010
0239740,Kipnuk,1606.449,Distillate Fuel Oil,2011
0239740,Kipnuk,1509.907,Distillate Fuel Oil,2012
0239740,Kipnuk,1710.645,Distillate Fuel Oil,2013
0239740,Kipnuk,1820.988,Distillate Fuel Oil,2014
0239740,Kipnuk,1883.748,Distillate Fuel Oil,2015
0239740,Kipnuk,1821.561,Distillate Fuel Oil,2016
0239740,Kipnuk,1843.812,Distillate Fuel Oil,2017
0239740,Kipnuk,1729.960,Distillate Fuel Oil,2018
0239740,Kipnuk,1600.804,Distillate Fuel Oil,2019
0239740,Kipnuk,138.571,Wind,2019
0239740,Kipnuk,1438.291,Distillate Fuel Oil,2020
0239740,Kipnuk,469.303,Wind,2020
0239740,Kipnuk,1345.098,Distillate Fuel Oil,2021
0239740,Kipnuk,672.354,Wind,2021
0239960,Kivalina,1087.999,Distillate Fuel Oil,2001
0239960,Kivalina,1174.062,Distillate Fuel Oil,2002
0239960,Kivalina,1196.195,Distillate Fuel Oil,2003
0239960,Kivalina,1213.291,Distillate Fuel Oil,2004
0239960,Kivalina,1188.204,Distillate Fuel Oil,2005
0239960,Kivalina,1265.119,Distillate Fuel Oil,2006
0239960,Kivalina,1275.477,Distillate Fuel Oil,2007
0239960,Kivalina,1233.880,Distillate Fuel Oil,2008
0239960,Kivalina,1274.557,Distillate Fuel Oil,2009
0239960,Kivalina,1240.915,Distillate Fuel Oil,2010
0239960,Kivalina,1228.676,Distillate Fuel Oil,2011
0239960,Kivalina,1243.772,Distillate Fuel Oil,2012
0239960,Kivalina,1301.327,Distillate Fuel Oil,2013
0239960,Kivalina,1220.661,Distillate Fuel Oil,2014
0239960,Kivalina,1214.445,Distillate Fuel Oil,2015
0239960,Kivalina,1322.266,Distillate Fuel Oil,2016
0239960,Kivalina,1326.219,Distillate Fuel Oil,2017
0239960,Kivalina,1295.253,Distillate Fuel Oil,2018
0239960,Kivalina,1678.719,Distillate Fuel Oil,2019
0239960,Kivalina,1830.596,Distillate Fuel Oil,2020
0239960,Kivalina,1873.521,Distillate Fuel Oil,2021
0240400,Klawock,590.000,Distillate Fuel Oil,2001
0240400,Klawock,22825.999,Water at Hydroelectric Turbine,2001
0240400,Klawock,3287.000,Distillate Fuel Oil,2002
0240400,Klawock,19991.999,Water at Hydroelectric Turbine,2002
0240400,Klawock,1557.002,Distillate Fuel Oil,2003
0240400,Klawock,21937.000,Water at Hydroelectric Turbine,2003
0240400,Klawock,697.999,Distillate Fuel Oil,2004
0240400,Klawock,23307.000,Water at Hydroelectric Turbine,2004
0240400,Klawock,763.996,Distillate Fuel Oil,2005
0240400,Klawock,23250.000,Water at Hydroelectric Turbine,2005
0240400,Klawock,1639.998,Distillate Fuel Oil,2006
0240400,Klawock,24538.001,Water at Hydroelectric Turbine,2006
0240400,Klawock,-110.000,Distillate Fuel Oil,2007
0240400,Klawock,27276.999,Water at Hydroelectric Turbine,2007
0240400,Klawock,4296.000,Distillate Fuel Oil,2008
0240400,Klawock,21660.000,Water at Hydroelectric Turbine,2008
0240400,Klawock,2087.000,Distillate Fuel Oil,2009
0240400,Klawock,24895.000,Water at Hydroelectric Turbine,2009
0240400,Klawock,257.000,Distillate Fuel Oil,2010
0240400,Klawock,26579.000,Water at Hydroelectric Turbine,2010
0240400,Klawock,3892.000,Distillate Fuel Oil,2011
0240400,Klawock,23906.000,Water at Hydroelectric Turbine,2011
0240400,Klawock,2323.000,Distillate Fuel Oil,2012
0240400,Klawock,26111.000,Water at Hydroelectric Turbine,2012
0240400,Klawock,3010.000,Distillate Fuel Oil,2013
0240400,Klawock,26255.000,Water at Hydroelectric Turbine,2013
0240400,Klawock,1085.000,Distillate Fuel Oil,2014
0240400,Klawock,27020.000,Water at Hydroelectric Turbine,2014
0240400,Klawock,2015.000,Distillate Fuel Oil,2015
0240400,Klawock,27059.000,Water at Hydroelectric Turbine,2015
0240400,Klawock,1109.000,Distillate Fuel Oil,2016
0240400,Klawock,26085.000,Water at Hydroelectric Turbine,2016
0240400,Klawock,3157.000,Distillate Fuel Oil,2017
0240400,Klawock,24983.000,Water at Hydroelectric Turbine,2017
0240400,Klawock,5332.000,Distillate Fuel Oil,2018
0240400,Klawock,22245.000,Water at Hydroelectric Turbine,2018
0240400,Klawock,4107.000,Distillate Fuel Oil,2019
0240400,Klawock,24449.000,Water at Hydroelectric Turbine,2019
0240400,Klawock,1525.000,Distillate Fuel Oil,2020
0240400,Klawock,27172.000,Water at Hydroelectric Turbine,2020
0240400,Klawock,1640.000,Distillate Fuel Oil,2021
0240400,Klawock,28933.000,Water at Hydroelectric Turbine,2021
0240510,Klukwan,127.800,Distillate Fuel Oil,2001
0240510,Klukwan,708.000,,2001
0240510,Klukwan,1668.000,,2002
0240510,Klukwan,30.000,Distillate Fuel Oil,2003
0240510,Klukwan,1660.800,,2003
0240510,Klukwan,1762.200,,2004
0240510,Klukwan,42.578,Distillate Fuel Oil,2005
0240510,Klukwan,1720.200,,2005
0240510,Klukwan,3.495,Distillate Fuel Oil,2006
0240510,Klukwan,1821.600,,2006
0240510,Klukwan,412.462,Distillate Fuel Oil,2007
0240510,Klukwan,1530.364,,2007
0240510,Klukwan,1710.015,,2008
0240510,Klukwan,1845.900,,2009
0240510,Klukwan,1883.100,,2010
0240510,Klukwan,183.540,Water at Hydroelectric Turbine,2011
0240510,Klukwan,1466.400,,2011
0240510,Klukwan,1059.300,Water at Hydroelectric Turbine,2012
0240510,Klukwan,1015.602,Water at Hydroelectric Turbine,2013
0240510,Klukwan,1002.420,Water at Hydroelectric Turbine,2014
0240510,Klukwan,1141.540,Water at Hydroelectric Turbine,2015
0240510,Klukwan,1051.500,Water at Hydroelectric Turbine,2016
0240510,Klukwan,1002.540,Water at Hydroelectric Turbine,2017
0240510,Klukwan,887.760,Water at Hydroelectric Turbine,2018
0240510,Klukwan,884.068,Water at Hydroelectric Turbine,2019
0240510,Klukwan,954.540,Water at Hydroelectric Turbine,2020
0240510,Klukwan,166.080,Water at Hydroelectric Turbine,2021
0240670,Knik River,146252.000,Water at Hydroelectric Turbine,2001
0240670,Knik River,161266.000,Water at Hydroelectric Turbine,2002
0240670,Knik River,177204.000,Water at Hydroelectric Turbine,2003
0240670,Knik River,173604.000,Water at Hydroelectric Turbine,2004
0240670,Knik River,134178.000,Water at Hydroelectric Turbine,2005
0240670,Knik River,66807.000,Water at Hydroelectric Turbine,2006
0240670,Knik River,62105.000,Water at Hydroelectric Turbine,2007
0240670,Knik River,57824.000,Water at Hydroelectric Turbine,2008
0240670,Knik River,57056.000,Water at Hydroelectric Turbine,2009
0240670,Knik River,74203.000,Water at Hydroelectric Turbine,2010
0240670,Knik River,66088.000,Water at Hydroelectric Turbine,2011
0240670,Knik River,71126.000,Water at Hydroelectric Turbine,2012
0240670,Knik River,45541.199,Landfill Gas,2013
0240670,Knik River,38.801,Natural Gas,2013
0240670,Knik River,89936.000,Water at Hydroelectric Turbine,2013
0240670,Knik River,56165.769,Landfill Gas,2014
0240670,Knik River,1.231,Natural Gas,2014
0240670,Knik River,83110.000,Water at Hydroelectric Turbine,2014
0240670,Knik River,0.000,Distillate Fuel Oil,2015
0240670,Knik River,50131.473,Landfill Gas,2015
0240670,Knik River,476985.527,Natural Gas,2015
0240670,Knik River,92243.000,Water at Hydroelectric Turbine,2015
0240670,Knik River,0.000,Distillate Fuel Oil,2016
0240670,Knik River,42514.846,Landfill Gas,2016
0240670,Knik River,819047.154,Natural Gas,2016
0240670,Knik River,76916.000,Water at Hydroelectric Turbine,2016
0240670,Knik River,0.000,Distillate Fuel Oil,2017
0240670,Knik River,42184.516,Landfill Gas,2017
0240670,Knik River,750519.484,Natural Gas,2017
0240670,Knik River,119240.000,Water at Hydroelectric Turbine,2017
0240670,Knik River,0.000,Distillate Fuel Oil,2018
0240670,Knik River,42684.134,Landfill Gas,2018
0240670,Knik River,615054.866,Natural Gas,2018
0240670,Knik River,168115.000,Water at Hydroelectric Turbine,2018
0240670,Knik River,0.000,Distillate Fuel Oil,2019
0240670,Knik River,36884.461,Landfill Gas,2019
0240670,Knik River,723828.539,Natural Gas,2019
0240670,Knik River,190971.000,Water at Hydroelectric Turbine,2019
0240670,Knik River,38945.273,Landfill Gas,2020
0240670,Knik River,729105.727,Natural Gas,2020
0240670,Knik River,170181.000,Water at Hydroelectric Turbine,2020
0240670,Knik River,38070.956,Landfill Gas,2021
0240670,Knik River,678574.044,Natural Gas,2021
0240670,Knik River,139994.000,Water at Hydroelectric Turbine,2021
0240670,Knik River,,,
0240645,Knik-Fairview,146252.000,Water at Hydroelectric Turbine,2001
0240645,Knik-Fairview,161266.000,Water at Hydroelectric Turbine,2002
0240645,Knik-Fairview,177204.000,Water at Hydroelectric Turbine,2003
0240645,Knik-Fairview,173604.000,Water at Hydroelectric Turbine,2004
0240645,Knik-Fairview,134178.000,Water at Hydroelectric Turbine,2005
0240645,Knik-Fairview,66807.000,Water at Hydroelectric Turbine,2006
0240645,Knik-Fairview,62105.000,Water at Hydroelectric Turbine,2007
0240645,Knik-Fairview,57824.000,Water at Hydroelectric Turbine,2008
0240645,Knik-Fairview,57056.000,Water at Hydroelectric Turbine,2009
0240645,Knik-Fairview,74203.000,Water at Hydroelectric Turbine,2010
0240645,Knik-Fairview,66088.000,Water at Hydroelectric Turbine,2011
0240645,Knik-Fairview,71126.000,Water at Hydroelectric Turbine,2012
0240645,Knik-Fairview,45541.199,Landfill Gas,2013
0240645,Knik-Fairview,38.801,Natural Gas,2013
0240645,Knik-Fairview,89936.000,Water at Hydroelectric Turbine,2013
0240645,Knik-Fairview,56165.769,Landfill Gas,2014
0240645,Knik-Fairview,1.231,Natural Gas,2014
0240645,Knik-Fairview,83110.000,Water at Hydroelectric Turbine,2014
0240645,Knik-Fairview,0.000,Distillate Fuel Oil,2015
0240645,Knik-Fairview,50131.473,Landfill Gas,2015
0240645,Knik-Fairview,476985.527,Natural Gas,2015
0240645,Knik-Fairview,92243.000,Water at Hydroelectric Turbine,2015
0240645,Knik-Fairview,0.000,Distillate Fuel Oil,2016
0240645,Knik-Fairview,42514.846,Landfill Gas,2016
0240645,Knik-Fairview,819047.154,Natural Gas,2016
0240645,Knik-Fairview,76916.000,Water at Hydroelectric Turbine,2016
0240645,Knik-Fairview,0.000,Distillate Fuel Oil,2017
0240645,Knik-Fairview,42184.516,Landfill Gas,2017
0240645,Knik-Fairview,750519.484,Natural Gas,2017
0240645,Knik-Fairview,119240.000,Water at Hydroelectric Turbine,2017
0240645,Knik-Fairview,0.000,Distillate Fuel Oil,2018
0240645,Knik-Fairview,42684.134,Landfill Gas,2018
0240645,Knik-Fairview,615054.866,Natural Gas,2018
0240645,Knik-Fairview,168115.000,Water at Hydroelectric Turbine,2018
0240645,Knik-Fairview,0.000,Distillate Fuel Oil,2019
0240645,Knik-Fairview,36884.461,Landfill Gas,2019
0240645,Knik-Fairview,723828.539,Natural Gas,2019
0240645,Knik-Fairview,190971.000,Water at Hydroelectric Turbine,2019
0240645,Knik-Fairview,38945.273,Landfill Gas,2020
0240645,Knik-Fairview,729105.727,Natural Gas,2020
0240645,Knik-Fairview,170181.000,Water at Hydroelectric Turbine,2020
0240645,Knik-Fairview,38070.956,Landfill Gas,2021
0240645,Knik-Fairview,678574.044,Natural Gas,2021
0240645,Knik-Fairview,139994.000,Water at Hydroelectric Turbine,2021
0240645,Knik-Fairview,,,
0240840,Kobuk,,,
0240950,Kodiak,41633.000,Distillate Fuel Oil,2001
0240950,Kodiak,91855.001,Water at Hydroelectric Turbine,2001
0240950,Kodiak,14168.999,Distillate Fuel Oil,2002
0240950,Kodiak,114546.000,Water at Hydroelectric Turbine,2002
0240950,Kodiak,3075.998,Distillate Fuel Oil,2003
0240950,Kodiak,126884.000,Water at Hydroelectric Turbine,2003
0240950,Kodiak,2217.000,Distillate Fuel Oil,2004
0240950,Kodiak,134232.000,Water at Hydroelectric Turbine,2004
0240950,Kodiak,14548.997,Distillate Fuel Oil,2005
0240950,Kodiak,121463.001,Water at Hydroelectric Turbine,2005
0240950,Kodiak,41023.000,Distillate Fuel Oil,2006
0240950,Kodiak,9648.000,Water at Hydroelectric Turbine,2006
0240950,Kodiak,54411.000,Distillate Fuel Oil,2007
0240950,Kodiak,91915.001,Water at Hydroelectric Turbine,2007
0240950,Kodiak,21035.000,Distillate Fuel Oil,2008
0240950,Kodiak,120879.000,Water at Hydroelectric Turbine,2008
0240950,Kodiak,20930.000,Distillate Fuel Oil,2009
0240950,Kodiak,98551.000,Water at Hydroelectric Turbine,2009
0240950,Kodiak,6138.000,Wind,2009
0240950,Kodiak,9766.000,Distillate Fuel Oil,2010
0240950,Kodiak,123964.000,Water at Hydroelectric Turbine,2010
0240950,Kodiak,12606.000,Wind,2010
0240950,Kodiak,21851.580,Distillate Fuel Oil,2011
0240950,Kodiak,114186.000,Water at Hydroelectric Turbine,2011
0240950,Kodiak,12445.000,Wind,2011
0240950,Kodiak,5627.000,Distillate Fuel Oil,2012
0240950,Kodiak,131121.000,Water at Hydroelectric Turbine,2012
0240950,Kodiak,16313.000,Wind,2012
0240950,Kodiak,5808.000,Distillate Fuel Oil,2013
0240950,Kodiak,119142.000,Water at Hydroelectric Turbine,2013
0240950,Kodiak,26699.000,Wind,2013
0240950,Kodiak,0.000,Distillate Fuel Oil,2014
0240950,Kodiak,134031.000,Water at Hydroelectric Turbine,2014
0240950,Kodiak,23323.000,Wind,2014
0240950,Kodiak,0.000,Distillate Fuel Oil,2015
0240950,Kodiak,128893.000,Water at Hydroelectric Turbine,2015
0240950,Kodiak,29107.000,Wind,2015
0240950,Kodiak,0.000,Distillate Fuel Oil,2016
0240950,Kodiak,0.000,Electricity used for Energy Storage,2016
0240950,Kodiak,124484.000,Water at Hydroelectric Turbine,2016
0240950,Kodiak,29309.000,Wind,2016
0240950,Kodiak,912.000,Distillate Fuel Oil,2017
0240950,Kodiak,0.000,Electricity used for Energy Storage,2017
0240950,Kodiak,137014.000,Water at Hydroelectric Turbine,2017
0240950,Kodiak,24155.000,Wind,2017
0240950,Kodiak,74.000,Distillate Fuel Oil,2018
0240950,Kodiak,-582.000,Electricity used for Energy Storage,2018
0240950,Kodiak,121969.000,Water at Hydroelectric Turbine,2018
0240950,Kodiak,26170.000,Wind,2018
0240950,Kodiak,0.000,Distillate Fuel Oil,2019
0240950,Kodiak,-615.000,Electricity used for Energy Storage,2019
0240950,Kodiak,124762.000,Water at Hydroelectric Turbine,2019
0240950,Kodiak,25015.000,Wind,2019
0240950,Kodiak,0.000,Distillate Fuel Oil,2020
0240950,Kodiak,-516.000,Electricity used for Energy Storage,2020
0240950,Kodiak,126419.000,Water at Hydroelectric Turbine,2020
0240950,Kodiak,24682.000,Wind,2020
0240950,Kodiak,4.000,Distillate Fuel Oil,2021
0240950,Kodiak,-537.000,Electricity used for Energy Storage,2021
0240950,Kodiak,132333.000,Water at Hydroelectric Turbine,2021
0240950,Kodiak,25238.000,Wind,2021
0241210,Kodiak Station,41633.000,Distillate Fuel Oil,2001
0241210,Kodiak Station,91855.001,Water at Hydroelectric Turbine,2001
0241210,Kodiak Station,14168.999,Distillate Fuel Oil,2002
0241210,Kodiak Station,114546.000,Water at Hydroelectric Turbine,2002
0241210,Kodiak Station,3075.998,Distillate Fuel Oil,2003
0241210,Kodiak Station,126884.000,Water at Hydroelectric Turbine,2003
0241210,Kodiak Station,2217.000,Distillate Fuel Oil,2004
0241210,Kodiak Station,134232.000,Water at Hydroelectric Turbine,2004
0241210,Kodiak Station,14548.997,Distillate Fuel Oil,2005
0241210,Kodiak Station,121463.001,Water at Hydroelectric Turbine,2005
0241210,Kodiak Station,41023.000,Distillate Fuel Oil,2006
0241210,Kodiak Station,9648.000,Water at Hydroelectric Turbine,2006
0241210,Kodiak Station,54411.000,Distillate Fuel Oil,2007
0241210,Kodiak Station,91915.001,Water at Hydroelectric Turbine,2007
0241210,Kodiak Station,21035.000,Distillate Fuel Oil,2008
0241210,Kodiak Station,120879.000,Water at Hydroelectric Turbine,2008
0241210,Kodiak Station,20930.000,Distillate Fuel Oil,2009
0241210,Kodiak Station,98551.000,Water at Hydroelectric Turbine,2009
0241210,Kodiak Station,6138.000,Wind,2009
0241210,Kodiak Station,9766.000,Distillate Fuel Oil,2010
0241210,Kodiak Station,123964.000,Water at Hydroelectric Turbine,2010
0241210,Kodiak Station,12606.000,Wind,2010
0241210,Kodiak Station,21851.580,Distillate Fuel Oil,2011
0241210,Kodiak Station,114186.000,Water at Hydroelectric Turbine,2011
0241210,Kodiak Station,12445.000,Wind,2011
0241210,Kodiak Station,5627.000,Distillate Fuel Oil,2012
0241210,Kodiak Station,131121.000,Water at Hydroelectric Turbine,2012
0241210,Kodiak Station,16313.000,Wind,2012
0241210,Kodiak Station,5808.000,Distillate Fuel Oil,2013
0241210,Kodiak Station,119142.000,Water at Hydroelectric Turbine,2013
0241210,Kodiak Station,26699.000,Wind,2013
0241210,Kodiak Station,0.000,Distillate Fuel Oil,2014
0241210,Kodiak Station,134031.000,Water at Hydroelectric Turbine,2014
0241210,Kodiak Station,23323.000,Wind,2014
0241210,Kodiak Station,0.000,Distillate Fuel Oil,2015
0241210,Kodiak Station,128893.000,Water at Hydroelectric Turbine,2015
0241210,Kodiak Station,29107.000,Wind,2015
0241210,Kodiak Station,0.000,Distillate Fuel Oil,2016
0241210,Kodiak Station,0.000,Electricity used for Energy Storage,2016
0241210,Kodiak Station,124484.000,Water at Hydroelectric Turbine,2016
0241210,Kodiak Station,29309.000,Wind,2016
0241210,Kodiak Station,912.000,Distillate Fuel Oil,2017
0241210,Kodiak Station,0.000,Electricity used for Energy Storage,2017
0241210,Kodiak Station,137014.000,Water at Hydroelectric Turbine,2017
0241210,Kodiak Station,24155.000,Wind,2017
0241210,Kodiak Station,74.000,Distillate Fuel Oil,2018
0241210,Kodiak Station,-582.000,Electricity used for Energy Storage,2018
0241210,Kodiak Station,121969.000,Water at Hydroelectric Turbine,2018
0241210,Kodiak Station,26170.000,Wind,2018
0241210,Kodiak Station,0.000,Distillate Fuel Oil,2019
0241210,Kodiak Station,-615.000,Electricity used for Energy Storage,2019
0241210,Kodiak Station,124762.000,Water at Hydroelectric Turbine,2019
0241210,Kodiak Station,25015.000,Wind,2019
0241210,Kodiak Station,0.000,Distillate Fuel Oil,2020
0241210,Kodiak Station,-516.000,Electricity used for Energy Storage,2020
0241210,Kodiak Station,126419.000,Water at Hydroelectric Turbine,2020
0241210,Kodiak Station,24682.000,Wind,2020
0241210,Kodiak Station,4.000,Distillate Fuel Oil,2021
0241210,Kodiak Station,-537.000,Electricity used for Energy Storage,2021
0241210,Kodiak Station,132333.000,Water at Hydroelectric Turbine,2021
0241210,Kodiak Station,25238.000,Wind,2021
0241280,Kokhanok,149.871,Distillate Fuel Oil,2001
0241280,Kokhanok,313.240,Distillate Fuel Oil,2002
0241280,Kokhanok,303.320,Distillate Fuel Oil,2003
0241280,Kokhanok,388.569,Distillate Fuel Oil,2004
0241280,Kokhanok,436.976,Distillate Fuel Oil,2005
0241280,Kokhanok,490.764,Distillate Fuel Oil,2006
0241280,Kokhanok,475.758,Distillate Fuel Oil,2007
0241280,Kokhanok,466.644,Distillate Fuel Oil,2008
0241280,Kokhanok,471.639,Distillate Fuel Oil,2009
0241280,Kokhanok,457.899,Distillate Fuel Oil,2010
0241280,Kokhanok,435.915,Distillate Fuel Oil,2011
0241280,Kokhanok,66.449,Wind,2011
0241280,Kokhanok,348.809,Distillate Fuel Oil,2012
0241280,Kokhanok,158.185,Wind,2012
0241280,Kokhanok,395.612,Distillate Fuel Oil,2013
0241280,Kokhanok,78.717,Wind,2013
0241280,Kokhanok,409.000,Distillate Fuel Oil,2014
0241280,Kokhanok,13.835,Wind,2014
0241280,Kokhanok,420.000,Distillate Fuel Oil,2015
0241280,Kokhanok,428.900,Distillate Fuel Oil,2016
0241280,Kokhanok,458.200,Distillate Fuel Oil,2017
0241280,Kokhanok,460.526,Distillate Fuel Oil,2018
0241280,Kokhanok,494.908,Distillate Fuel Oil,2019
0241280,Kokhanok,421.356,Distillate Fuel Oil,2020
0241280,Kokhanok,498.700,Distillate Fuel Oil,2021
0241280,Kokhanok,18.142,Wind,2021
0241500,Koliganek,261.960,Distillate Fuel Oil,2001
0241500,Koliganek,483.698,Distillate Fuel Oil,2002
0241500,Koliganek,475.622,Distillate Fuel Oil,2003
0241500,Koliganek,478.620,Distillate Fuel Oil,2004
0241500,Koliganek,412.500,Distillate Fuel Oil,2005
0241500,Koliganek,441.932,Distillate Fuel Oil,2006
0241500,Koliganek,232.920,Distillate Fuel Oil,2008
0241500,Koliganek,619.939,Distillate Fuel Oil,2009
0241500,Koliganek,685.566,Distillate Fuel Oil,2010
0241500,Koliganek,670.355,Distillate Fuel Oil,2011
0241500,Koliganek,679.754,Distillate Fuel Oil,2012
0241500,Koliganek,707.310,Distillate Fuel Oil,2013
0241500,Koliganek,745.828,Distillate Fuel Oil,2014
0241500,Koliganek,747.389,Distillate Fuel Oil,2015
0241500,Koliganek,733.288,Distillate Fuel Oil,2016
0241500,Koliganek,752.086,Distillate Fuel Oil,2017
0241500,Koliganek,638.836,Distillate Fuel Oil,2018
0241500,Koliganek,710.601,Distillate Fuel Oil,2019
0241500,Koliganek,695.201,Distillate Fuel Oil,2020
0241500,Koliganek,690.707,Distillate Fuel Oil,2021
0241610,Kongiganak,396.600,Distillate Fuel Oil,2001
0241610,Kongiganak,807.328,Distillate Fuel Oil,2002
0241610,Kongiganak,947.343,Distillate Fuel Oil,2003
0241610,Kongiganak,208.880,Distillate Fuel Oil,2004
0241610,Kongiganak,947.098,Distillate Fuel Oil,2005
0241610,Kongiganak,968.206,Distillate Fuel Oil,2006
0241610,Kongiganak,973.777,Distillate Fuel Oil,2007
0241610,Kongiganak,1065.109,Distillate Fuel Oil,2008
0241610,Kongiganak,1191.057,Distillate Fuel Oil,2009
0241610,Kongiganak,1264.788,Distillate Fuel Oil,2010
0241610,Kongiganak,10.000,Wind,2010
0241610,Kongiganak,1074.884,Distillate Fuel Oil,2011
0241610,Kongiganak,44.000,Wind,2011
0241610,Kongiganak,1047.402,Distillate Fuel Oil,2012
0241610,Kongiganak,188.255,Wind,2012
0241610,Kongiganak,191.699,Wind,2013
0241610,Kongiganak,178.457,Wind,2014
0241610,Kongiganak,301.520,Distillate Fuel Oil,2015
0241610,Kongiganak,231.357,Wind,2015
0241610,Kongiganak,66.510,Distillate Fuel Oil,2016
0241610,Kongiganak,184.889,Wind,2016
0241610,Kongiganak,63.200,Distillate Fuel Oil,2017
0241610,Kongiganak,153.876,Wind,2017
0241610,Kongiganak,302.940,Distillate Fuel Oil,2018
0241610,Kongiganak,401.582,Wind,2018
0241610,Kongiganak,583.930,Distillate Fuel Oil,2019
0241610,Kongiganak,654.358,Wind,2019
0241610,Kongiganak,814.460,Distillate Fuel Oil,2020
0241610,Kongiganak,509.719,Wind,2020
0241610,Kongiganak,816.760,Distillate Fuel Oil,2021
0241610,Kongiganak,632.359,Wind,2021
0241720,Kotlik,627.996,Distillate Fuel Oil,2001
0241720,Kotlik,2157.639,Distillate Fuel Oil,2002
0241720,Kotlik,2153.076,Distillate Fuel Oil,2003
0241720,Kotlik,1948.477,Distillate Fuel Oil,2004
0241720,Kotlik,1833.493,Distillate Fuel Oil,2005
0241720,Kotlik,1805.887,Distillate Fuel Oil,2006
0241720,Kotlik,1767.108,Distillate Fuel Oil,2007
0241720,Kotlik,1875.804,Distillate Fuel Oil,2008
0241720,Kotlik,1996.912,Distillate Fuel Oil,2009
0241720,Kotlik,1988.130,Distillate Fuel Oil,2010
0241720,Kotlik,2011.072,Distillate Fuel Oil,2011
0241720,Kotlik,2088.492,Distillate Fuel Oil,2012
0241720,Kotlik,2010.187,Distillate Fuel Oil,2013
0241720,Kotlik,1966.084,Distillate Fuel Oil,2014
0241720,Kotlik,2010.883,Distillate Fuel Oil,2015
0241720,Kotlik,1972.116,Distillate Fuel Oil,2016
0241720,Kotlik,1942.266,Distillate Fuel Oil,2017
0241720,Kotlik,1968.763,Distillate Fuel Oil,2018
0241720,Kotlik,2010.362,Distillate Fuel Oil,2019
0241720,Kotlik,2063.624,Distillate Fuel Oil,2020
0241720,Kotlik,2178.550,Distillate Fuel Oil,2021
0241830,Kotzebue,20882.001,Distillate Fuel Oil,2001
0241830,Kotzebue,950.000,Wind,2001
0241830,Kotzebue,21104.763,Distillate Fuel Oil,2002
0241830,Kotzebue,780.661,Wind,2002
0241830,Kotzebue,21679.891,Distillate Fuel Oil,2003
0241830,Kotzebue,555.757,Wind,2003
0241830,Kotzebue,21362.893,Distillate Fuel Oil,2004
0241830,Kotzebue,1006.211,Wind,2004
0241830,Kotzebue,22614.541,Distillate Fuel Oil,2005
0241830,Kotzebue,622.641,Wind,2005
0241830,Kotzebue,21869.563,Distillate Fuel Oil,2006
0241830,Kotzebue,792.182,Wind,2006
0241830,Kotzebue,21259.039,Distillate Fuel Oil,2007
0241830,Kotzebue,1064.273,Wind,2007
0241830,Kotzebue,21079.382,Distillate Fuel Oil,2008
0241830,Kotzebue,850.939,Wind,2008
0241830,Kotzebue,20829.248,Distillate Fuel Oil,2009
0241830,Kotzebue,839.009,Wind,2009
0241830,Kotzebue,20807.381,Distillate Fuel Oil,2010
0241830,Kotzebue,970.248,Wind,2010
0241830,Kotzebue,21258.056,Distillate Fuel Oil,2011
0241830,Kotzebue,1502.537,Wind,2011
0241830,Kotzebue,20169.458,Distillate Fuel Oil,2012
0241830,Kotzebue,3025.310,Wind,2012
0241830,Kotzebue,18539.117,Distillate Fuel Oil,2013
0241830,Kotzebue,3387.185,Wind,2013
0241830,Kotzebue,17116.335,Distillate Fuel Oil,2014
0241830,Kotzebue,4625.497,Wind,2014
0241830,Kotzebue,18117.048,Distillate Fuel Oil,2015
0241830,Kotzebue,3319.995,Wind,2015
0241830,Kotzebue,16962.819,Distillate Fuel Oil,2016
0241830,Kotzebue,4073.088,Wind,2016
0241830,Kotzebue,17819.641,Distillate Fuel Oil,2017
0241830,Kotzebue,0.000,Electricity used for Energy Storage,2017
0241830,Kotzebue,4016.406,Wind,2017
0241830,Kotzebue,15590.241,Distillate Fuel Oil,2018
0241830,Kotzebue,-90.000,Electricity used for Energy Storage,2018
0241830,Kotzebue,4400.163,Wind,2018
0241830,Kotzebue,20368.000,Distillate Fuel Oil,2019
0241830,Kotzebue,-7.000,Electricity used for Energy Storage,2019
0241830,Kotzebue,1788.930,Wind,2019
0241830,Kotzebue,17461.695,Distillate Fuel Oil,2020
0241830,Kotzebue,-57.000,Electricity used for Energy Storage,2020
0241830,Kotzebue,152.070,Solar,2020
0241830,Kotzebue,3658.094,Wind,2020
0241830,Kotzebue,18343.458,Distillate Fuel Oil,2021
0241830,Kotzebue,-86.000,Electricity used for Energy Storage,2021
0241830,Kotzebue,594.163,Solar,2021
0241830,Kotzebue,2583.924,Wind,2021
0241940,Koyuk,1140.000,Distillate Fuel Oil,2001
0241940,Koyuk,1163.526,Distillate Fuel Oil,2002
0241940,Koyuk,1298.869,Distillate Fuel Oil,2003
0241940,Koyuk,1445.235,Distillate Fuel Oil,2004
0241940,Koyuk,1407.455,Distillate Fuel Oil,2005
0241940,Koyuk,1335.217,Distillate Fuel Oil,2006
0241940,Koyuk,1311.507,Distillate Fuel Oil,2007
0241940,Koyuk,1360.444,Distillate Fuel Oil,2008
0241940,Koyuk,1308.220,Distillate Fuel Oil,2009
0241940,Koyuk,1385.532,Distillate Fuel Oil,2010
0241940,Koyuk,1333.049,Distillate Fuel Oil,2011
0241940,Koyuk,1339.697,Distillate Fuel Oil,2012
0241940,Koyuk,1319.007,Distillate Fuel Oil,2013
0241940,Koyuk,1260.360,Distillate Fuel Oil,2014
0241940,Koyuk,1252.986,Distillate Fuel Oil,2015
0241940,Koyuk,1303.487,Distillate Fuel Oil,2016
0241940,Koyuk,1321.193,Distillate Fuel Oil,2017
0241940,Koyuk,1307.009,Distillate Fuel Oil,2018
0241940,Koyuk,1267.364,Distillate Fuel Oil,2019
0241940,Koyuk,1263.899,Distillate Fuel Oil,2020
0241940,Koyuk,1286.827,Distillate Fuel Oil,2021
0242050,Koyukuk,136.130,Distillate Fuel Oil,2001
0242050,Koyukuk,282.269,Distillate Fuel Oil,2002
0242050,Koyukuk,251.116,Distillate Fuel Oil,2003
0242050,Koyukuk,407.200,Distillate Fuel Oil,2004
0242050,Koyukuk,276.070,Distillate Fuel Oil,2005
0242050,Koyukuk,130.189,Distillate Fuel Oil,2006
0242050,Koyukuk,108.520,Distillate Fuel Oil,2007
0242050,Koyukuk,259.170,Distillate Fuel Oil,2008
0242050,Koyukuk,296.654,Distillate Fuel Oil,2009
0242050,Koyukuk,360.697,Distillate Fuel Oil,2010
0242050,Koyukuk,333.242,Distillate Fuel Oil,2011
0242050,Koyukuk,320.596,Distillate Fuel Oil,2012
0242050,Koyukuk,286.550,Distillate Fuel Oil,2013
0242050,Koyukuk,298.998,Distillate Fuel Oil,2014
0242050,Koyukuk,272.628,Distillate Fuel Oil,2015
0242050,Koyukuk,256.581,Distillate Fuel Oil,2016
0242050,Koyukuk,316.345,Distillate Fuel Oil,2017
0242050,Koyukuk,204.142,Distillate Fuel Oil,2018
0242050,Koyukuk,123.156,Distillate Fuel Oil,2020
0242050,Koyukuk,192.954,Distillate Fuel Oil,2021
0242160,Kupreanof,,,
0242380,Kwethluk,692.846,Distillate Fuel Oil,2001
0242380,Kwethluk,1331.584,Distillate Fuel Oil,2002
0242380,Kwethluk,1404.577,Distillate Fuel Oil,2003
0242380,Kwethluk,1421.038,Distillate Fuel Oil,2004
0242380,Kwethluk,1418.722,Distillate Fuel Oil,2005
0242380,Kwethluk,1432.478,Distillate Fuel Oil,2006
0242380,Kwethluk,1396.479,Distillate Fuel Oil,2007
0242380,Kwethluk,1421.490,Distillate Fuel Oil,2008
0242380,Kwethluk,1411.372,Distillate Fuel Oil,2009
0242380,Kwethluk,1371.000,Distillate Fuel Oil,2010
0242380,Kwethluk,1411.925,Distillate Fuel Oil,2011
0242380,Kwethluk,1479.595,Distillate Fuel Oil,2012
0242380,Kwethluk,1490.688,Distillate Fuel Oil,2013
0242380,Kwethluk,1501.492,Distillate Fuel Oil,2014
0242380,Kwethluk,1620.721,Distillate Fuel Oil,2015
0242380,Kwethluk,1752.639,Distillate Fuel Oil,2016
0242380,Kwethluk,1995.790,Distillate Fuel Oil,2017
0242380,Kwethluk,1685.673,Distillate Fuel Oil,2018
0242380,Kwethluk,1815.081,Distillate Fuel Oil,2019
0242380,Kwethluk,1870.227,Distillate Fuel Oil,2020
0242380,Kwethluk,1800.538,Distillate Fuel Oil,2021
0242490,Kwigillingok,346.540,Distillate Fuel Oil,2001
0242490,Kwigillingok,657.004,Distillate Fuel Oil,2002
0242490,Kwigillingok,710.080,Distillate Fuel Oil,2003
0242490,Kwigillingok,741.480,Distillate Fuel Oil,2004
0242490,Kwigillingok,757.236,Distillate Fuel Oil,2005
0242490,Kwigillingok,953.349,Distillate Fuel Oil,2006
0242490,Kwigillingok,894.629,Distillate Fuel Oil,2007
0242490,Kwigillingok,880.732,Distillate Fuel Oil,2008
0242490,Kwigillingok,949.665,Distillate Fuel Oil,2009
0242490,Kwigillingok,1037.391,Distillate Fuel Oil,2010
0242490,Kwigillingok,1084.327,Distillate Fuel Oil,2011
0242490,Kwigillingok,1146.178,Distillate Fuel Oil,2012
0242490,Kwigillingok,6.655,Wind,2012
0242490,Kwigillingok,1039.043,Distillate Fuel Oil,2013
0242490,Kwigillingok,194.922,Wind,2013
0242490,Kwigillingok,1103.731,Distillate Fuel Oil,2014
0242490,Kwigillingok,210.629,Wind,2014
0242490,Kwigillingok,914.457,Distillate Fuel Oil,2015
0242490,Kwigillingok,519.737,Wind,2015
0242490,Kwigillingok,869.770,Distillate Fuel Oil,2016
0242490,Kwigillingok,381.503,Wind,2016
0242490,Kwigillingok,1042.750,Distillate Fuel Oil,2017
0242490,Kwigillingok,371.450,Wind,2017
0242490,Kwigillingok,489.880,Distillate Fuel Oil,2018
0242490,Kwigillingok,169.405,Wind,2018
0242490,Kwigillingok,825.020,Distillate Fuel Oil,2019
0242490,Kwigillingok,320.118,Wind,2019
0242490,Kwigillingok,1102.580,Distillate Fuel Oil,2020
0242490,Kwigillingok,246.171,Wind,2020
0242490,Kwigillingok,1143.820,Distillate Fuel Oil,2021
0242490,Kwigillingok,69.737,Wind,2021
0242805,Lake Louise,,,
0242820,Lake Minchumina,,,
0243040,Larsen Bay,13.360,Distillate Fuel Oil,2002
0243040,Larsen Bay,70.065,Water at Hydroelectric Turbine,2002
0243040,Larsen Bay,28.080,Distillate Fuel Oil,2003
0243040,Larsen Bay,655.188,Water at Hydroelectric Turbine,2003
0243040,Larsen Bay,252.375,Distillate Fuel Oil,2004
0243040,Larsen Bay,606.254,Water at Hydroelectric Turbine,2004
0243040,Larsen Bay,534.321,Distillate Fuel Oil,2005
0243040,Larsen Bay,473.438,Water at Hydroelectric Turbine,2005
0243040,Larsen Bay,263.688,Distillate Fuel Oil,2006
0243040,Larsen Bay,542.702,Water at Hydroelectric Turbine,2006
0243040,Larsen Bay,402.303,Distillate Fuel Oil,2007
0243040,Larsen Bay,511.093,Water at Hydroelectric Turbine,2007
0243040,Larsen Bay,29.188,Distillate Fuel Oil,2008
0243040,Larsen Bay,796.320,Water at Hydroelectric Turbine,2008
0243040,Larsen Bay,275.514,Distillate Fuel Oil,2009
0243040,Larsen Bay,537.789,Water at Hydroelectric Turbine,2009
0243040,Larsen Bay,60.463,Distillate Fuel Oil,2010
0243040,Larsen Bay,200.993,Water at Hydroelectric Turbine,2010
0243040,Larsen Bay,56.491,Distillate Fuel Oil,2011
0243040,Larsen Bay,684.769,Water at Hydroelectric Turbine,2011
0243040,Larsen Bay,219.192,Distillate Fuel Oil,2012
0243040,Larsen Bay,947.185,Water at Hydroelectric Turbine,2012
0243040,Larsen Bay,52.425,Distillate Fuel Oil,2013
0243040,Larsen Bay,773.021,Water at Hydroelectric Turbine,2013
0243040,Larsen Bay,488.622,Distillate Fuel Oil,2014
0243040,Larsen Bay,742.696,Water at Hydroelectric Turbine,2014
0243040,Larsen Bay,5.812,Distillate Fuel Oil,2015
0243040,Larsen Bay,484.862,Water at Hydroelectric Turbine,2015
0243040,Larsen Bay,56.446,Distillate Fuel Oil,2016
0243040,Larsen Bay,799.771,Water at Hydroelectric Turbine,2016
0243040,Larsen Bay,106.816,Distillate Fuel Oil,2017
0243040,Larsen Bay,863.161,Water at Hydroelectric Turbine,2017
0243040,Larsen Bay,33.901,Distillate Fuel Oil,2018
0243040,Larsen Bay,922.939,Water at Hydroelectric Turbine,2018
0243040,Larsen Bay,112.093,Distillate Fuel Oil,2019
0243040,Larsen Bay,713.155,Water at Hydroelectric Turbine,2019
0243040,Larsen Bay,17.900,Distillate Fuel Oil,2020
0243040,Larsen Bay,468.819,Water at Hydroelectric Turbine,2020
0243260,Lazy Mountain,146252.000,Water at Hydroelectric Turbine,2001
0243260,Lazy Mountain,161266.000,Water at Hydroelectric Turbine,2002
0243260,Lazy Mountain,177204.000,Water at Hydroelectric Turbine,2003
0243260,Lazy Mountain,173604.000,Water at Hydroelectric Turbine,2004
0243260,Lazy Mountain,134178.000,Water at Hydroelectric Turbine,2005
0243260,Lazy Mountain,66807.000,Water at Hydroelectric Turbine,2006
0243260,Lazy Mountain,62105.000,Water at Hydroelectric Turbine,2007
0243260,Lazy Mountain,57824.000,Water at Hydroelectric Turbine,2008
0243260,Lazy Mountain,57056.000,Water at Hydroelectric Turbine,2009
0243260,Lazy Mountain,74203.000,Water at Hydroelectric Turbine,2010
0243260,Lazy Mountain,66088.000,Water at Hydroelectric Turbine,2011
0243260,Lazy Mountain,71126.000,Water at Hydroelectric Turbine,2012
0243260,Lazy Mountain,45541.199,Landfill Gas,2013
0243260,Lazy Mountain,38.801,Natural Gas,2013
0243260,Lazy Mountain,89936.000,Water at Hydroelectric Turbine,2013
0243260,Lazy Mountain,56165.769,Landfill Gas,2014
0243260,Lazy Mountain,1.231,Natural Gas,2014
0243260,Lazy Mountain,83110.000,Water at Hydroelectric Turbine,2014
0243260,Lazy Mountain,0.000,Distillate Fuel Oil,2015
0243260,Lazy Mountain,50131.473,Landfill Gas,2015
0243260,Lazy Mountain,476985.527,Natural Gas,2015
0243260,Lazy Mountain,92243.000,Water at Hydroelectric Turbine,2015
0243260,Lazy Mountain,0.000,Distillate Fuel Oil,2016
0243260,Lazy Mountain,42514.846,Landfill Gas,2016
0243260,Lazy Mountain,819047.154,Natural Gas,2016
0243260,Lazy Mountain,76916.000,Water at Hydroelectric Turbine,2016
0243260,Lazy Mountain,0.000,Distillate Fuel Oil,2017
0243260,Lazy Mountain,42184.516,Landfill Gas,2017
0243260,Lazy Mountain,750519.484,Natural Gas,2017
0243260,Lazy Mountain,119240.000,Water at Hydroelectric Turbine,2017
0243260,Lazy Mountain,0.000,Distillate Fuel Oil,2018
0243260,Lazy Mountain,42684.134,Landfill Gas,2018
0243260,Lazy Mountain,615054.866,Natural Gas,2018
0243260,Lazy Mountain,168115.000,Water at Hydroelectric Turbine,2018
0243260,Lazy Mountain,0.000,Distillate Fuel Oil,2019
0243260,Lazy Mountain,36884.461,Landfill Gas,2019
0243260,Lazy Mountain,723828.539,Natural Gas,2019
0243260,Lazy Mountain,190971.000,Water at Hydroelectric Turbine,2019
0243260,Lazy Mountain,38945.273,Landfill Gas,2020
0243260,Lazy Mountain,729105.727,Natural Gas,2020
0243260,Lazy Mountain,170181.000,Water at Hydroelectric Turbine,2020
0243260,Lazy Mountain,38070.956,Landfill Gas,2021
0243260,Lazy Mountain,678574.044,Natural Gas,2021
0243260,Lazy Mountain,139994.000,Water at Hydroelectric Turbine,2021
0243260,Lazy Mountain,,,
0243810,Levelock,209.860,Distillate Fuel Oil,2001
0243810,Levelock,462.176,Distillate Fuel Oil,2002
0243810,Levelock,439.934,Distillate Fuel Oil,2003
0243810,Levelock,402.671,Distillate Fuel Oil,2004
0243810,Levelock,407.745,Distillate Fuel Oil,2005
0243810,Levelock,388.224,Distillate Fuel Oil,2006
0243810,Levelock,412.415,Distillate Fuel Oil,2007
0243810,Levelock,366.328,Distillate Fuel Oil,2008
0243810,Levelock,482.078,Distillate Fuel Oil,2010
0243810,Levelock,506.659,Distillate Fuel Oil,2011
0243810,Levelock,497.601,Distillate Fuel Oil,2012
0243810,Levelock,466.860,Distillate Fuel Oil,2013
0243810,Levelock,480.500,Distillate Fuel Oil,2014
0243810,Levelock,475.619,Distillate Fuel Oil,2015
0243810,Levelock,450.688,Distillate Fuel Oil,2016
0243810,Levelock,443.143,Distillate Fuel Oil,2017
0243810,Levelock,373.209,Distillate Fuel Oil,2018
0243810,Levelock,418.425,Distillate Fuel Oil,2019
0243810,Levelock,412.978,Distillate Fuel Oil,2020
0243810,Levelock,458.710,Distillate Fuel Oil,2021
0244030,Lime Village,47.214,Distillate Fuel Oil,2001
0244030,Lime Village,86.785,Distillate Fuel Oil,2002
0244030,Lime Village,96.419,Distillate Fuel Oil,2003
0244030,Lime Village,91.924,Distillate Fuel Oil,2004
0244030,Lime Village,101.619,Distillate Fuel Oil,2005
0244030,Lime Village,101.746,Distillate Fuel Oil,2006
0244030,Lime Village,96.258,Distillate Fuel Oil,2007
0244030,Lime Village,80.944,Distillate Fuel Oil,2008
0244030,Lime Village,65.599,Distillate Fuel Oil,2009
0244030,Lime Village,36.436,Distillate Fuel Oil,2010
0244030,Lime Village,33.795,Distillate Fuel Oil,2011
0244030,Lime Village,75.844,Distillate Fuel Oil,2012
0244030,Lime Village,77.269,Distillate Fuel Oil,2013
0244030,Lime Village,71.927,Distillate Fuel Oil,2014
0244030,Lime Village,79.428,Distillate Fuel Oil,2015
0244030,Lime Village,71.149,Distillate Fuel Oil,2016
0244030,Lime Village,70.598,Distillate Fuel Oil,2017
0244030,Lime Village,49.814,Distillate Fuel Oil,2018
0244030,Lime Village,54.689,Distillate Fuel Oil,2019
0244030,Lime Village,13.979,Distillate Fuel Oil,2020
0244030,Lime Village,3.859,Distillate Fuel Oil,2021
0244580,Livengood,320199.883,Coal,2001
0244580,Livengood,10180.000,Distillate Fuel Oil,2001
0244580,Livengood,579967.000,Residual Fuel Oil,2001
0244580,Livengood,481090.841,Coal,2002
0244580,Livengood,17426.909,Distillate Fuel Oil,2002
0244580,Livengood,546300.000,Residual Fuel Oil,2002
0244580,Livengood,32.000,Waste Oil,2002
0244580,Livengood,1031.000,Wood Waste Solids,2002
0244580,Livengood,456747.980,Coal,2003
0244580,Livengood,6308.990,Distillate Fuel Oil,2003
0244580,Livengood,453733.000,Residual Fuel Oil,2003
0244580,Livengood,64.000,Waste Oil,2003
0244580,Livengood,758.001,Wood Waste Solids,2003
0244580,Livengood,519938.432,Coal,2004
0244580,Livengood,9963.938,Distillate Fuel Oil,2004
0244580,Livengood,360379.000,Residual Fuel Oil,2004
0244580,Livengood,0.000,Waste Oil,2004
0244580,Livengood,388.500,Wood Waste Solids,2004
0244580,Livengood,525017.007,Coal,2005
0244580,Livengood,2907.565,Distillate Fuel Oil,2005
0244580,Livengood,360562.000,Residual Fuel Oil,2005
0244580,Livengood,0.000,Waste Oil,2005
0244580,Livengood,382.565,Wood Waste Solids,2005
0244580,Livengood,532341.253,Coal,2006
0244580,Livengood,3215.258,Distillate Fuel Oil,2006
0244580,Livengood,337599.000,Residual Fuel Oil,2006
0244580,Livengood,0.000,Waste Oil,2006
0244580,Livengood,515.509,Wood Waste Solids,2006
0244580,Livengood,538127.163,Coal,2007
0244580,Livengood,5102.496,Distillate Fuel Oil,2007
0244580,Livengood,284406.908,Jet Fuel,2007
0244580,Livengood,436.577,Natural Gas,2007
0244580,Livengood,266301.606,Residual Fuel Oil,2007
0244580,Livengood,0.000,Waste Oil,2007
0244580,Livengood,21.755,Wood Waste Solids,2007
0244580,Livengood,512423.237,Coal,2008
0244580,Livengood,5916.308,Distillate Fuel Oil,2008
0244580,Livengood,387339.730,Jet Fuel,2008
0244580,Livengood,0.000,Natural Gas,2008
0244580,Livengood,126668.178,Residual Fuel Oil,2008
0244580,Livengood,0.000,Wood Waste Solids,2008
0244580,Livengood,515890.711,Coal,2009
0244580,Livengood,7005.089,Distillate Fuel Oil,2009
0244580,Livengood,370545.007,Jet Fuel,2009
0244580,Livengood,0.000,Natural Gas,2009
0244580,Livengood,343136.891,Residual Fuel Oil,2009
0244580,Livengood,463538.211,Coal,2010
0244580,Livengood,7652.130,Distillate Fuel Oil,2010
0244580,Livengood,0.000,Jet Fuel,2010
0244580,Livengood,639.868,Natural Gas,2010
0244580,Livengood,192178.603,Residual Fuel Oil,2010
0244580,Livengood,423964.882,Coal,2011
0244580,Livengood,3653.416,Distillate Fuel Oil,2011
0244580,Livengood,155547.000,Jet Fuel,2011
0244580,Livengood,2837.823,Natural Gas,2011
0244580,Livengood,102593.325,Residual Fuel Oil,2011
0244580,Livengood,463815.730,Coal,2012
0244580,Livengood,5994.123,Distillate Fuel Oil,2012
0244580,Livengood,197942.000,Jet Fuel,2012
0244580,Livengood,2683.523,Natural Gas,2012
0244580,Livengood,175535.364,Residual Fuel Oil,2012
0244580,Livengood,374005.564,Coal,2013
0244580,Livengood,3916.995,Distillate Fuel Oil,2013
0244580,Livengood,91958.000,Jet Fuel,2013
0244580,Livengood,5000.441,Natural Gas,2013
0244580,Livengood,33991.362,Residual Fuel Oil,2013
0244580,Livengood,72610.000,Wind,2013
0244580,Livengood,0.000,Wood Waste Solids,2013
0244580,Livengood,376282.303,Coal,2014
0244580,Livengood,1508.242,Distillate Fuel Oil,2014
0244580,Livengood,131279.730,Jet Fuel,2014
0244580,Livengood,2161.112,Natural Gas,2014
0244580,Livengood,47426.548,Residual Fuel Oil,2014
0244580,Livengood,76279.000,Wind,2014
0244580,Livengood,0.000,Wood Waste Solids,2014
0244580,Livengood,432567.508,Coal,2015
0244580,Livengood,14837.204,Distillate Fuel Oil,2015
0244580,Livengood,0.000,Jet Fuel,2015
0244580,Livengood,0.000,Natural Gas,2015
0244580,Livengood,48522.553,Residual Fuel Oil,2015
0244580,Livengood,163960.164,Waste Oil,2015
0244580,Livengood,76784.000,Wind,2015
0244580,Livengood,0.000,Wood Waste Solids,2015
0244580,Livengood,395864.156,Coal,2016
0244580,Livengood,46782.391,Distillate Fuel Oil,2016
0244580,Livengood,-2392.000,Electricity used for Energy Storage,2016
0244580,Livengood,0.000,Jet Fuel,2016
0244580,Livengood,1129.934,Natural Gas,2016
0244580,Livengood,0.000,Residual Fuel Oil,2016
0244580,Livengood,48474.738,Waste Oil,2016
0244580,Livengood,78291.000,Wind,2016
0244580,Livengood,0.000,Wood Waste Solids,2016
0244580,Livengood,356409.011,Coal,2017
0244580,Livengood,70874.044,Distillate Fuel Oil,2017
0244580,Livengood,-2711.000,Electricity used for Energy Storage,2017
0244580,Livengood,0.000,Jet Fuel,2017
0244580,Livengood,554.666,Natural Gas,2017
0244580,Livengood,0.000,Residual Fuel Oil,2017
0244580,Livengood,144787.681,Waste Oil,2017
0244580,Livengood,64121.000,Wind,2017
0244580,Livengood,0.000,Wood Waste Solids,2017
0244580,Livengood,392019.635,Coal,2018
0244580,Livengood,64419.043,Distillate Fuel Oil,2018
0244580,Livengood,-2428.000,Electricity used for Energy Storage,2018
0244580,Livengood,0.000,Jet Fuel,2018
0244580,Livengood,0.000,Natural Gas,2018
0244580,Livengood,0.000,Residual Fuel Oil,2018
0244580,Livengood,82114.648,Waste Oil,2018
0244580,Livengood,70012.000,Wind,2018
0244580,Livengood,0.000,Wood Waste Solids,2018
0244580,Livengood,0.000,Agricultural By-Products,2019
0244580,Livengood,481171.537,Coal,2019
0244580,Livengood,28027.598,Distillate Fuel Oil,2019
0244580,Livengood,-3280.000,Electricity used for Energy Storage,2019
0244580,Livengood,2627.119,Jet Fuel,2019
0244580,Livengood,0.080,Natural Gas,2019
0244580,Livengood,0.000,Residual Fuel Oil,2019
0244580,Livengood,164462.097,Waste Oil,2019
0244580,Livengood,64076.000,Wind,2019
0244580,Livengood,0.000,Wood Waste Solids,2019
0244580,Livengood,466648.747,Coal,2020
0244580,Livengood,153461.063,Distillate Fuel Oil,2020
0244580,Livengood,-2810.000,Electricity used for Energy Storage,2020
0244580,Livengood,2081.775,Jet Fuel,2020
0244580,Livengood,6.054,Natural Gas,2020
0244580,Livengood,211433.728,Waste Oil,2020
0244580,Livengood,49937.000,Wind,2020
0244580,Livengood,503966.256,Coal,2021
0244580,Livengood,88907.304,Distillate Fuel Oil,2021
0244580,Livengood,-3433.000,Electricity used for Energy Storage,2021
0244580,Livengood,671.883,Jet Fuel,2021
0244580,Livengood,3.471,Natural Gas,2021
0244580,Livengood,184970.610,Waste Oil,2021
0244580,Livengood,60302.000,Wind,2021
0244580,Livengood,,,
0245020,Loring,,,
0245295,Lowell Point,581.001,Distillate Fuel Oil,2002
0245295,Lowell Point,0.000,Distillate Fuel Oil,2003
0245295,Lowell Point,239.999,Distillate Fuel Oil,2004
0245295,Lowell Point,180.999,Distillate Fuel Oil,2005
0245295,Lowell Point,196.001,Distillate Fuel Oil,2006
0245295,Lowell Point,2811.003,Distillate Fuel Oil,2007
0245295,Lowell Point,77.420,Distillate Fuel Oil,2009
0245295,Lowell Point,678.000,Distillate Fuel Oil,2010
0245295,Lowell Point,44.000,Distillate Fuel Oil,2011
0245295,Lowell Point,100.000,Distillate Fuel Oil,2012
0245295,Lowell Point,306.000,Distillate Fuel Oil,2013
0245295,Lowell Point,49.000,Distillate Fuel Oil,2014
0245295,Lowell Point,386.000,Distillate Fuel Oil,2015
0245295,Lowell Point,105.000,Distillate Fuel Oil,2016
0245295,Lowell Point,85.000,Distillate Fuel Oil,2017
0245295,Lowell Point,144.000,Distillate Fuel Oil,2018
0245295,Lowell Point,218.000,Distillate Fuel Oil,2019
0245295,Lowell Point,335.000,Distillate Fuel Oil,2021
0245460,Lower Kalskag,1200.066,Distillate Fuel Oil,2005
0245460,Lower Kalskag,1268.158,Distillate Fuel Oil,2006
0245460,Lower Kalskag,1225.568,Distillate Fuel Oil,2007
0245460,Lower Kalskag,1219.705,Distillate Fuel Oil,2008
0245460,Lower Kalskag,1222.793,Distillate Fuel Oil,2009
0245460,Lower Kalskag,1542.510,Distillate Fuel Oil,2010
0245460,Lower Kalskag,1508.994,Distillate Fuel Oil,2011
0245460,Lower Kalskag,1447.174,Distillate Fuel Oil,2012
0245460,Lower Kalskag,1362.869,Distillate Fuel Oil,2013
0245460,Lower Kalskag,1324.101,Distillate Fuel Oil,2014
0245460,Lower Kalskag,1393.635,Distillate Fuel Oil,2015
0245460,Lower Kalskag,1481.980,Distillate Fuel Oil,2016
0245460,Lower Kalskag,1554.656,Distillate Fuel Oil,2017
0245460,Lower Kalskag,1570.604,Distillate Fuel Oil,2018
0245460,Lower Kalskag,1535.661,Distillate Fuel Oil,2019
0245460,Lower Kalskag,1587.179,Distillate Fuel Oil,2020
0245460,Lower Kalskag,1545.265,Distillate Fuel Oil,2021
0245700,Lutak,300.800,Distillate Fuel Oil,2001
0245700,Lutak,1065.600,Distillate Fuel Oil,2002
0245700,Lutak,180.376,Distillate Fuel Oil,2003
0245700,Lutak,750.256,Distillate Fuel Oil,2004
0245700,Lutak,130.069,Distillate Fuel Oil,2005
0245700,Lutak,54.062,Distillate Fuel Oil,2006
0245700,Lutak,499.677,Distillate Fuel Oil,2007
0245700,Lutak,195.810,Distillate Fuel Oil,2008
0245700,Lutak,239.702,Distillate Fuel Oil,2009
0245700,Lutak,72.282,Distillate Fuel Oil,2010
0245700,Lutak,485.200,Distillate Fuel Oil,2011
0245700,Lutak,192.420,Distillate Fuel Oil,2012
0245700,Lutak,1532.828,Distillate Fuel Oil,2013
0245700,Lutak,214.889,Distillate Fuel Oil,2014
0245700,Lutak,131.460,Distillate Fuel Oil,2015
0245700,Lutak,122.683,Distillate Fuel Oil,2016
0245700,Lutak,277.439,Distillate Fuel Oil,2017
0245700,Lutak,1461.111,Distillate Fuel Oil,2018
0245700,Lutak,-72.000,Distillate Fuel Oil,2019
0245700,Lutak,124.000,Distillate Fuel Oil,2020
0245700,Lutak,1390.000,Distillate Fuel Oil,2021
0245700,Lutak,,,
0246780,Manley Hot Springs,150.380,Distillate Fuel Oil,2001
0246780,Manley Hot Springs,287.400,Distillate Fuel Oil,2002
0246780,Manley Hot Springs,304.680,Distillate Fuel Oil,2003
0246780,Manley Hot Springs,300.840,Distillate Fuel Oil,2004
0246780,Manley Hot Springs,292.296,Distillate Fuel Oil,2005
0246780,Manley Hot Springs,283.440,Distillate Fuel Oil,2006
0246780,Manley Hot Springs,277.680,Distillate Fuel Oil,2007
0246780,Manley Hot Springs,304.800,Distillate Fuel Oil,2008
0246780,Manley Hot Springs,324.840,Distillate Fuel Oil,2009
0246780,Manley Hot Springs,376.532,Distillate Fuel Oil,2010
0246780,Manley Hot Springs,455.637,Distillate Fuel Oil,2011
0246780,Manley Hot Springs,485.746,Distillate Fuel Oil,2012
0246780,Manley Hot Springs,438.066,Distillate Fuel Oil,2013
0246780,Manley Hot Springs,445.063,Distillate Fuel Oil,2014
0246780,Manley Hot Springs,511.807,Distillate Fuel Oil,2015
0246780,Manley Hot Springs,552.596,Distillate Fuel Oil,2016
0246780,Manley Hot Springs,542.716,Distillate Fuel Oil,2017
0246780,Manley Hot Springs,547.907,Distillate Fuel Oil,2018
0246780,Manley Hot Springs,545.939,Distillate Fuel Oil,2019
0246780,Manley Hot Springs,558.740,Distillate Fuel Oil,2020
0246780,Manley Hot Springs,598.808,Distillate Fuel Oil,2021
0246890,Manokotak,156.300,Distillate Fuel Oil,2001
0246890,Manokotak,398.053,Distillate Fuel Oil,2006
0246890,Manokotak,1347.424,Distillate Fuel Oil,2007
0246890,Manokotak,1353.476,Distillate Fuel Oil,2008
0246890,Manokotak,1370.976,Distillate Fuel Oil,2009
0246890,Manokotak,1379.157,Distillate Fuel Oil,2010
0246890,Manokotak,1400.435,Distillate Fuel Oil,2011
0246890,Manokotak,1433.094,Distillate Fuel Oil,2012
0246890,Manokotak,353.514,Distillate Fuel Oil,2013
0246890,Manokotak,1386.126,Distillate Fuel Oil,2014
0246890,Manokotak,1488.143,Distillate Fuel Oil,2015
0246890,Manokotak,1389.804,Distillate Fuel Oil,2016
0246890,Manokotak,1355.769,Distillate Fuel Oil,2017
0246890,Manokotak,632.140,Distillate Fuel Oil,2018
0246890,Manokotak,1046.869,Distillate Fuel Oil,2019
0246890,Manokotak,1204.023,Distillate Fuel Oil,2020
0246890,Manokotak,590.564,Distillate Fuel Oil,2021
0247000,Marshall,1056.999,Distillate Fuel Oil,2001
0247000,Marshall,1083.246,Distillate Fuel Oil,2002
0247000,Marshall,1074.286,Distillate Fuel Oil,2003
0247000,Marshall,1125.008,Distillate Fuel Oil,2004
0247000,Marshall,1152.402,Distillate Fuel Oil,2005
0247000,Marshall,1206.928,Distillate Fuel Oil,2006
0247000,Marshall,1209.476,Distillate Fuel Oil,2007
0247000,Marshall,1272.727,Distillate Fuel Oil,2008
0247000,Marshall,1307.910,Distillate Fuel Oil,2009
0247000,Marshall,1545.014,Distillate Fuel Oil,2010
0247000,Marshall,1678.844,Distillate Fuel Oil,2011
0247000,Marshall,1663.112,Distillate Fuel Oil,2012
0247000,Marshall,1617.223,Distillate Fuel Oil,2013
0247000,Marshall,1518.762,Distillate Fuel Oil,2014
0247000,Marshall,1506.366,Distillate Fuel Oil,2015
0247000,Marshall,1508.929,Distillate Fuel Oil,2016
0247000,Marshall,1471.290,Distillate Fuel Oil,2017
0247000,Marshall,1502.128,Distillate Fuel Oil,2018
0247000,Marshall,1422.000,Distillate Fuel Oil,2019
0247000,Marshall,1491.798,Distillate Fuel Oil,2020
0247000,Marshall,1564.778,Distillate Fuel Oil,2021
0245790,McCarthy,,,
0246010,McGrath,3110.400,Distillate Fuel Oil,2002
0246010,McGrath,2969.600,Distillate Fuel Oil,2003
0246010,McGrath,2976.000,Distillate Fuel Oil,2004
0246010,McGrath,2804.400,Distillate Fuel Oil,2005
0246010,McGrath,2825.600,Distillate Fuel Oil,2006
0246010,McGrath,2809.600,Distillate Fuel Oil,2007
0246010,McGrath,2809.600,Distillate Fuel Oil,2008
0246010,McGrath,2803.200,Distillate Fuel Oil,2009
0246010,McGrath,2890.577,Distillate Fuel Oil,2010
0246010,McGrath,2902.627,Distillate Fuel Oil,2011
0246010,McGrath,2818.264,Distillate Fuel Oil,2012
0246010,McGrath,2686.816,Distillate Fuel Oil,2013
0246010,McGrath,2558.260,Distillate Fuel Oil,2014
0246010,McGrath,2470.916,Distillate Fuel Oil,2015
0246010,McGrath,2357.526,Distillate Fuel Oil,2016
0246010,McGrath,2245.755,Distillate Fuel Oil,2017
0246010,McGrath,2178.654,Distillate Fuel Oil,2018
0246010,McGrath,2208.715,Distillate Fuel Oil,2019
0246010,McGrath,2230.270,Distillate Fuel Oil,2020
0246010,McGrath,2160.161,Distillate Fuel Oil,2021
0247735,Meadow Lakes,146252.000,Water at Hydroelectric Turbine,2001
0247735,Meadow Lakes,161266.000,Water at Hydroelectric Turbine,2002
0247735,Meadow Lakes,177204.000,Water at Hydroelectric Turbine,2003
0247735,Meadow Lakes,173604.000,Water at Hydroelectric Turbine,2004
0247735,Meadow Lakes,134178.000,Water at Hydroelectric Turbine,2005
0247735,Meadow Lakes,66807.000,Water at Hydroelectric Turbine,2006
0247735,Meadow Lakes,62105.000,Water at Hydroelectric Turbine,2007
0247735,Meadow Lakes,57824.000,Water at Hydroelectric Turbine,2008
0247735,Meadow Lakes,57056.000,Water at Hydroelectric Turbine,2009
0247735,Meadow Lakes,74203.000,Water at Hydroelectric Turbine,2010
0247735,Meadow Lakes,66088.000,Water at Hydroelectric Turbine,2011
0247735,Meadow Lakes,71126.000,Water at Hydroelectric Turbine,2012
0247735,Meadow Lakes,45541.199,Landfill Gas,2013
0247735,Meadow Lakes,38.801,Natural Gas,2013
0247735,Meadow Lakes,89936.000,Water at Hydroelectric Turbine,2013
0247735,Meadow Lakes,56165.769,Landfill Gas,2014
0247735,Meadow Lakes,1.231,Natural Gas,2014
0247735,Meadow Lakes,83110.000,Water at Hydroelectric Turbine,2014
0247735,Meadow Lakes,0.000,Distillate Fuel Oil,2015
0247735,Meadow Lakes,50131.473,Landfill Gas,2015
0247735,Meadow Lakes,476985.527,Natural Gas,2015
0247735,Meadow Lakes,92243.000,Water at Hydroelectric Turbine,2015
0247735,Meadow Lakes,0.000,Distillate Fuel Oil,2016
0247735,Meadow Lakes,42514.846,Landfill Gas,2016
0247735,Meadow Lakes,819047.154,Natural Gas,2016
0247735,Meadow Lakes,76916.000,Water at Hydroelectric Turbine,2016
0247735,Meadow Lakes,0.000,Distillate Fuel Oil,2017
0247735,Meadow Lakes,42184.516,Landfill Gas,2017
0247735,Meadow Lakes,750519.484,Natural Gas,2017
0247735,Meadow Lakes,119240.000,Water at Hydroelectric Turbine,2017
0247735,Meadow Lakes,0.000,Distillate Fuel Oil,2018
0247735,Meadow Lakes,42684.134,Landfill Gas,2018
0247735,Meadow Lakes,615054.866,Natural Gas,2018
0247735,Meadow Lakes,168115.000,Water at Hydroelectric Turbine,2018
0247735,Meadow Lakes,0.000,Distillate Fuel Oil,2019
0247735,Meadow Lakes,36884.461,Landfill Gas,2019
0247735,Meadow Lakes,723828.539,Natural Gas,2019
0247735,Meadow Lakes,190971.000,Water at Hydroelectric Turbine,2019
0247735,Meadow Lakes,38945.273,Landfill Gas,2020
0247735,Meadow Lakes,729105.727,Natural Gas,2020
0247735,Meadow Lakes,170181.000,Water at Hydroelectric Turbine,2020
0247735,Meadow Lakes,38070.956,Landfill Gas,2021
0247735,Meadow Lakes,678574.044,Natural Gas,2021
0247735,Meadow Lakes,139994.000,Water at Hydroelectric Turbine,2021
0247735,Meadow Lakes,,,
0247990,Mekoryuk,814.002,Distillate Fuel Oil,2001
0247990,Mekoryuk,847.605,Distillate Fuel Oil,2002
0247990,Mekoryuk,857.607,Distillate Fuel Oil,2003
0247990,Mekoryuk,919.417,Distillate Fuel Oil,2004
0247990,Mekoryuk,942.543,Distillate Fuel Oil,2005
0247990,Mekoryuk,972.520,Distillate Fuel Oil,2006
0247990,Mekoryuk,943.618,Distillate Fuel Oil,2007
0247990,Mekoryuk,904.620,Distillate Fuel Oil,2008
0247990,Mekoryuk,885.613,Distillate Fuel Oil,2009
0247990,Mekoryuk,2.657,Wind,2009
0247990,Mekoryuk,892.985,Distillate Fuel Oil,2010
0247990,Mekoryuk,4.016,Wind,2010
0247990,Mekoryuk,790.269,Distillate Fuel Oil,2011
0247990,Mekoryuk,238.706,Wind,2011
0247990,Mekoryuk,843.217,Distillate Fuel Oil,2012
0247990,Mekoryuk,184.590,Wind,2012
0247990,Mekoryuk,757.159,Distillate Fuel Oil,2013
0247990,Mekoryuk,233.402,Wind,2013
0247990,Mekoryuk,752.757,Distillate Fuel Oil,2014
0247990,Mekoryuk,231.822,Wind,2014
0247990,Mekoryuk,753.950,Distillate Fuel Oil,2015
0247990,Mekoryuk,199.021,Wind,2015
0247990,Mekoryuk,827.349,Distillate Fuel Oil,2016
0247990,Mekoryuk,117.868,Wind,2016
0247990,Mekoryuk,787.090,Distillate Fuel Oil,2017
0247990,Mekoryuk,145.271,Wind,2017
0247990,Mekoryuk,774.503,Distillate Fuel Oil,2018
0247990,Mekoryuk,135.193,Wind,2018
0247990,Mekoryuk,800.121,Distillate Fuel Oil,2019
0247990,Mekoryuk,60.649,Wind,2019
0247990,Mekoryuk,863.133,Distillate Fuel Oil,2020
0247990,Mekoryuk,33.954,Wind,2020
0247990,Mekoryuk,920.319,Distillate Fuel Oil,2021
0247990,Mekoryuk,4.240,Wind,2021
0248200,Mendeltna,19012.999,Distillate Fuel Oil,2001
0248200,Mendeltna,50788.001,Water at Hydroelectric Turbine,2001
0248200,Mendeltna,11380.999,Distillate Fuel Oil,2002
0248200,Mendeltna,0.000,Jet Fuel,2002
0248200,Mendeltna,18565.000,Waste Oil,2002
0248200,Mendeltna,56651.000,Water at Hydroelectric Turbine,2002
0248200,Mendeltna,9009.296,Distillate Fuel Oil,2003
0248200,Mendeltna,21484.001,Jet Fuel,2003
0248200,Mendeltna,52811.998,Water at Hydroelectric Turbine,2003
0248200,Mendeltna,10104.640,Distillate Fuel Oil,2004
0248200,Mendeltna,21429.000,Jet Fuel,2004
0248200,Mendeltna,51353.001,Water at Hydroelectric Turbine,2004
0248200,Mendeltna,12625.558,Distillate Fuel Oil,2005
0248200,Mendeltna,20519.000,Jet Fuel,2005
0248200,Mendeltna,49426.999,Water at Hydroelectric Turbine,2005
0248200,Mendeltna,10526.475,Distillate Fuel Oil,2006
0248200,Mendeltna,19680.001,Jet Fuel,2006
0248200,Mendeltna,54916.999,Water at Hydroelectric Turbine,2006
0248200,Mendeltna,14456.820,Distillate Fuel Oil,2007
0248200,Mendeltna,32393.999,Jet Fuel,2007
0248200,Mendeltna,34556.000,Water at Hydroelectric Turbine,2007
0248200,Mendeltna,7705.000,Distillate Fuel Oil,2008
0248200,Mendeltna,24031.000,Jet Fuel,2008
0248200,Mendeltna,47429.000,Water at Hydroelectric Turbine,2008
0248200,Mendeltna,12229.725,Distillate Fuel Oil,2009
0248200,Mendeltna,6756.000,Jet Fuel,2009
0248200,Mendeltna,44988.000,Water at Hydroelectric Turbine,2009
0248200,Mendeltna,5850.405,Distillate Fuel Oil,2010
0248200,Mendeltna,30043.000,Jet Fuel,2010
0248200,Mendeltna,44758.000,Water at Hydroelectric Turbine,2010
0248200,Mendeltna,15160.000,Distillate Fuel Oil,2011
0248200,Mendeltna,17519.000,Jet Fuel,2011
0248200,Mendeltna,46189.000,Water at Hydroelectric Turbine,2011
0248200,Mendeltna,14645.108,Distillate Fuel Oil,2012
0248200,Mendeltna,29655.000,Jet Fuel,2012
0248200,Mendeltna,44135.000,Water at Hydroelectric Turbine,2012
0248200,Mendeltna,15495.027,Distillate Fuel Oil,2013
0248200,Mendeltna,0.000,Jet Fuel,2013
0248200,Mendeltna,17027.000,Waste Oil,2013
0248200,Mendeltna,54750.000,Water at Hydroelectric Turbine,2013
0248200,Mendeltna,9933.580,Distillate Fuel Oil,2014
0248200,Mendeltna,0.000,Jet Fuel,2014
0248200,Mendeltna,21217.000,Waste Oil,2014
0248200,Mendeltna,54955.000,Water at Hydroelectric Turbine,2014
0248200,Mendeltna,9040.578,Distillate Fuel Oil,2015
0248200,Mendeltna,0.000,Jet Fuel,2015
0248200,Mendeltna,21316.000,Waste Oil,2015
0248200,Mendeltna,55982.000,Water at Hydroelectric Turbine,2015
0248200,Mendeltna,11183.989,Distillate Fuel Oil,2016
0248200,Mendeltna,0.000,Jet Fuel,2016
0248200,Mendeltna,17636.000,Waste Oil,2016
0248200,Mendeltna,55731.000,Water at Hydroelectric Turbine,2016
0248200,Mendeltna,10387.013,Distillate Fuel Oil,2017
0248200,Mendeltna,0.000,Jet Fuel,2017
0248200,Mendeltna,21411.000,Waste Oil,2017
0248200,Mendeltna,56473.000,Water at Hydroelectric Turbine,2017
0248200,Mendeltna,9662.000,Distillate Fuel Oil,2018
0248200,Mendeltna,0.000,Jet Fuel,2018
0248200,Mendeltna,16993.000,Waste Oil,2018
0248200,Mendeltna,65164.000,Water at Hydroelectric Turbine,2018
0248200,Mendeltna,6062.000,Distillate Fuel Oil,2019
0248200,Mendeltna,0.000,Jet Fuel,2019
0248200,Mendeltna,17823.000,Waste Oil,2019
0248200,Mendeltna,72333.000,Water at Hydroelectric Turbine,2019
0248200,Mendeltna,10486.000,Distillate Fuel Oil,2020
0248200,Mendeltna,23442.000,Waste Oil,2020
0248200,Mendeltna,54317.000,Water at Hydroelectric Turbine,2020
0248200,Mendeltna,12132.000,Distillate Fuel Oil,2021
0248200,Mendeltna,25547.000,Waste Oil,2021
0248200,Mendeltna,58733.000,Water at Hydroelectric Turbine,2021
0248540,Mentasta Lake,329.001,Distillate Fuel Oil,2001
0248540,Mentasta Lake,345.280,Distillate Fuel Oil,2002
0248540,Mentasta Lake,381.120,Distillate Fuel Oil,2003
0248540,Mentasta Lake,381.840,Distillate Fuel Oil,2004
0248540,Mentasta Lake,350.720,Distillate Fuel Oil,2005
0248540,Mentasta Lake,353.320,Distillate Fuel Oil,2006
0248540,Mentasta Lake,329.720,Distillate Fuel Oil,2007
0248540,Mentasta Lake,323.960,Distillate Fuel Oil,2008
0248540,Mentasta Lake,334.200,Distillate Fuel Oil,2009
0248540,Mentasta Lake,385.520,Distillate Fuel Oil,2010
0248540,Mentasta Lake,357.683,Distillate Fuel Oil,2011
0248540,Mentasta Lake,0.938,Distillate Fuel Oil,2013
0248590,Mertarvik,,,
0248870,Metlakatla,,,
0249200,Mill Bay,41633.000,Distillate Fuel Oil,2001
0249200,Mill Bay,91855.001,Water at Hydroelectric Turbine,2001
0249200,Mill Bay,14168.999,Distillate Fuel Oil,2002
0249200,Mill Bay,114546.000,Water at Hydroelectric Turbine,2002
0249200,Mill Bay,3075.998,Distillate Fuel Oil,2003
0249200,Mill Bay,126884.000,Water at Hydroelectric Turbine,2003
0249200,Mill Bay,2217.000,Distillate Fuel Oil,2004
0249200,Mill Bay,134232.000,Water at Hydroelectric Turbine,2004
0249200,Mill Bay,14548.997,Distillate Fuel Oil,2005
0249200,Mill Bay,121463.001,Water at Hydroelectric Turbine,2005
0249200,Mill Bay,41023.000,Distillate Fuel Oil,2006
0249200,Mill Bay,9648.000,Water at Hydroelectric Turbine,2006
0249200,Mill Bay,54411.000,Distillate Fuel Oil,2007
0249200,Mill Bay,91915.001,Water at Hydroelectric Turbine,2007
0249200,Mill Bay,21035.000,Distillate Fuel Oil,2008
0249200,Mill Bay,120879.000,Water at Hydroelectric Turbine,2008
0249200,Mill Bay,20930.000,Distillate Fuel Oil,2009
0249200,Mill Bay,98551.000,Water at Hydroelectric Turbine,2009
0249200,Mill Bay,6138.000,Wind,2009
0249200,Mill Bay,9766.000,Distillate Fuel Oil,2010
0249200,Mill Bay,123964.000,Water at Hydroelectric Turbine,2010
0249200,Mill Bay,12606.000,Wind,2010
0249200,Mill Bay,21851.580,Distillate Fuel Oil,2011
0249200,Mill Bay,114186.000,Water at Hydroelectric Turbine,2011
0249200,Mill Bay,12445.000,Wind,2011
0249200,Mill Bay,5627.000,Distillate Fuel Oil,2012
0249200,Mill Bay,131121.000,Water at Hydroelectric Turbine,2012
0249200,Mill Bay,16313.000,Wind,2012
0249200,Mill Bay,5808.000,Distillate Fuel Oil,2013
0249200,Mill Bay,119142.000,Water at Hydroelectric Turbine,2013
0249200,Mill Bay,26699.000,Wind,2013
0249200,Mill Bay,0.000,Distillate Fuel Oil,2014
0249200,Mill Bay,134031.000,Water at Hydroelectric Turbine,2014
0249200,Mill Bay,23323.000,Wind,2014
0249200,Mill Bay,0.000,Distillate Fuel Oil,2015
0249200,Mill Bay,128893.000,Water at Hydroelectric Turbine,2015
0249200,Mill Bay,29107.000,Wind,2015
0249200,Mill Bay,0.000,Distillate Fuel Oil,2016
0249200,Mill Bay,0.000,Electricity used for Energy Storage,2016
0249200,Mill Bay,124484.000,Water at Hydroelectric Turbine,2016
0249200,Mill Bay,29309.000,Wind,2016
0249200,Mill Bay,912.000,Distillate Fuel Oil,2017
0249200,Mill Bay,0.000,Electricity used for Energy Storage,2017
0249200,Mill Bay,137014.000,Water at Hydroelectric Turbine,2017
0249200,Mill Bay,24155.000,Wind,2017
0249200,Mill Bay,74.000,Distillate Fuel Oil,2018
0249200,Mill Bay,-582.000,Electricity used for Energy Storage,2018
0249200,Mill Bay,121969.000,Water at Hydroelectric Turbine,2018
0249200,Mill Bay,26170.000,Wind,2018
0249200,Mill Bay,0.000,Distillate Fuel Oil,2019
0249200,Mill Bay,-615.000,Electricity used for Energy Storage,2019
0249200,Mill Bay,124762.000,Water at Hydroelectric Turbine,2019
0249200,Mill Bay,25015.000,Wind,2019
0249200,Mill Bay,0.000,Distillate Fuel Oil,2020
0249200,Mill Bay,-516.000,Electricity used for Energy Storage,2020
0249200,Mill Bay,126419.000,Water at Hydroelectric Turbine,2020
0249200,Mill Bay,24682.000,Wind,2020
0249200,Mill Bay,4.000,Distillate Fuel Oil,2021
0249200,Mill Bay,-537.000,Electricity used for Energy Storage,2021
0249200,Mill Bay,132333.000,Water at Hydroelectric Turbine,2021
0249200,Mill Bay,25238.000,Wind,2021
0249530,Minto,660.002,Distillate Fuel Oil,2001
0249530,Minto,681.065,Distillate Fuel Oil,2002
0249530,Minto,718.107,Distillate Fuel Oil,2003
0249530,Minto,712.264,Distillate Fuel Oil,2004
0249530,Minto,726.231,Distillate Fuel Oil,2005
0249530,Minto,645.533,Distillate Fuel Oil,2006
0249530,Minto,633.466,Distillate Fuel Oil,2007
0249530,Minto,635.423,Distillate Fuel Oil,2008
0249530,Minto,664.545,Distillate Fuel Oil,2009
0249530,Minto,664.871,Distillate Fuel Oil,2010
0249530,Minto,654.940,Distillate Fuel Oil,2011
0249530,Minto,667.498,Distillate Fuel Oil,2012
0249530,Minto,618.554,Distillate Fuel Oil,2013
0249530,Minto,614.149,Distillate Fuel Oil,2014
0249530,Minto,663.715,Distillate Fuel Oil,2015
0249530,Minto,665.416,Distillate Fuel Oil,2016
0249530,Minto,632.512,Distillate Fuel Oil,2017
0249530,Minto,623.494,Distillate Fuel Oil,2018
0249530,Minto,654.595,Distillate Fuel Oil,2019
0249530,Minto,686.371,Distillate Fuel Oil,2020
0249530,Minto,768.323,Distillate Fuel Oil,2021
0250080,Moose Creek,320199.883,Coal,2001
0250080,Moose Creek,10180.000,Distillate Fuel Oil,2001
0250080,Moose Creek,579967.000,Residual Fuel Oil,2001
0250080,Moose Creek,481090.841,Coal,2002
0250080,Moose Creek,17426.909,Distillate Fuel Oil,2002
0250080,Moose Creek,546300.000,Residual Fuel Oil,2002
0250080,Moose Creek,32.000,Waste Oil,2002
0250080,Moose Creek,1031.000,Wood Waste Solids,2002
0250080,Moose Creek,456747.980,Coal,2003
0250080,Moose Creek,6308.990,Distillate Fuel Oil,2003
0250080,Moose Creek,453733.000,Residual Fuel Oil,2003
0250080,Moose Creek,64.000,Waste Oil,2003
0250080,Moose Creek,758.001,Wood Waste Solids,2003
0250080,Moose Creek,519938.432,Coal,2004
0250080,Moose Creek,9963.938,Distillate Fuel Oil,2004
0250080,Moose Creek,360379.000,Residual Fuel Oil,2004
0250080,Moose Creek,0.000,Waste Oil,2004
0250080,Moose Creek,388.500,Wood Waste Solids,2004
0250080,Moose Creek,525017.007,Coal,2005
0250080,Moose Creek,2907.565,Distillate Fuel Oil,2005
0250080,Moose Creek,360562.000,Residual Fuel Oil,2005
0250080,Moose Creek,0.000,Waste Oil,2005
0250080,Moose Creek,382.565,Wood Waste Solids,2005
0250080,Moose Creek,532341.253,Coal,2006
0250080,Moose Creek,3215.258,Distillate Fuel Oil,2006
0250080,Moose Creek,337599.000,Residual Fuel Oil,2006
0250080,Moose Creek,0.000,Waste Oil,2006
0250080,Moose Creek,515.509,Wood Waste Solids,2006
0250080,Moose Creek,538127.163,Coal,2007
0250080,Moose Creek,5102.496,Distillate Fuel Oil,2007
0250080,Moose Creek,284406.908,Jet Fuel,2007
0250080,Moose Creek,436.577,Natural Gas,2007
0250080,Moose Creek,266301.606,Residual Fuel Oil,2007
0250080,Moose Creek,0.000,Waste Oil,2007
0250080,Moose Creek,21.755,Wood Waste Solids,2007
0250080,Moose Creek,512423.237,Coal,2008
0250080,Moose Creek,5916.308,Distillate Fuel Oil,2008
0250080,Moose Creek,387339.730,Jet Fuel,2008
0250080,Moose Creek,0.000,Natural Gas,2008
0250080,Moose Creek,126668.178,Residual Fuel Oil,2008
0250080,Moose Creek,0.000,Wood Waste Solids,2008
0250080,Moose Creek,515890.711,Coal,2009
0250080,Moose Creek,7005.089,Distillate Fuel Oil,2009
0250080,Moose Creek,370545.007,Jet Fuel,2009
0250080,Moose Creek,0.000,Natural Gas,2009
0250080,Moose Creek,343136.891,Residual Fuel Oil,2009
0250080,Moose Creek,463538.211,Coal,2010
0250080,Moose Creek,7652.130,Distillate Fuel Oil,2010
0250080,Moose Creek,0.000,Jet Fuel,2010
0250080,Moose Creek,639.868,Natural Gas,2010
0250080,Moose Creek,192178.603,Residual Fuel Oil,2010
0250080,Moose Creek,423964.882,Coal,2011
0250080,Moose Creek,3653.416,Distillate Fuel Oil,2011
0250080,Moose Creek,155547.000,Jet Fuel,2011
0250080,Moose Creek,2837.823,Natural Gas,2011
0250080,Moose Creek,102593.325,Residual Fuel Oil,2011
0250080,Moose Creek,463815.730,Coal,2012
0250080,Moose Creek,5994.123,Distillate Fuel Oil,2012
0250080,Moose Creek,197942.000,Jet Fuel,2012
0250080,Moose Creek,2683.523,Natural Gas,2012
0250080,Moose Creek,175535.364,Residual Fuel Oil,2012
0250080,Moose Creek,374005.564,Coal,2013
0250080,Moose Creek,3916.995,Distillate Fuel Oil,2013
0250080,Moose Creek,91958.000,Jet Fuel,2013
0250080,Moose Creek,5000.441,Natural Gas,2013
0250080,Moose Creek,33991.362,Residual Fuel Oil,2013
0250080,Moose Creek,72610.000,Wind,2013
0250080,Moose Creek,0.000,Wood Waste Solids,2013
0250080,Moose Creek,376282.303,Coal,2014
0250080,Moose Creek,1508.242,Distillate Fuel Oil,2014
0250080,Moose Creek,131279.730,Jet Fuel,2014
0250080,Moose Creek,2161.112,Natural Gas,2014
0250080,Moose Creek,47426.548,Residual Fuel Oil,2014
0250080,Moose Creek,76279.000,Wind,2014
0250080,Moose Creek,0.000,Wood Waste Solids,2014
0250080,Moose Creek,432567.508,Coal,2015
0250080,Moose Creek,14837.204,Distillate Fuel Oil,2015
0250080,Moose Creek,0.000,Jet Fuel,2015
0250080,Moose Creek,0.000,Natural Gas,2015
0250080,Moose Creek,48522.553,Residual Fuel Oil,2015
0250080,Moose Creek,163960.164,Waste Oil,2015
0250080,Moose Creek,76784.000,Wind,2015
0250080,Moose Creek,0.000,Wood Waste Solids,2015
0250080,Moose Creek,395864.156,Coal,2016
0250080,Moose Creek,46782.391,Distillate Fuel Oil,2016
0250080,Moose Creek,-2392.000,Electricity used for Energy Storage,2016
0250080,Moose Creek,0.000,Jet Fuel,2016
0250080,Moose Creek,1129.934,Natural Gas,2016
0250080,Moose Creek,0.000,Residual Fuel Oil,2016
0250080,Moose Creek,48474.738,Waste Oil,2016
0250080,Moose Creek,78291.000,Wind,2016
0250080,Moose Creek,0.000,Wood Waste Solids,2016
0250080,Moose Creek,356409.011,Coal,2017
0250080,Moose Creek,70874.044,Distillate Fuel Oil,2017
0250080,Moose Creek,-2711.000,Electricity used for Energy Storage,2017
0250080,Moose Creek,0.000,Jet Fuel,2017
0250080,Moose Creek,554.666,Natural Gas,2017
0250080,Moose Creek,0.000,Residual Fuel Oil,2017
0250080,Moose Creek,144787.681,Waste Oil,2017
0250080,Moose Creek,64121.000,Wind,2017
0250080,Moose Creek,0.000,Wood Waste Solids,2017
0250080,Moose Creek,392019.635,Coal,2018
0250080,Moose Creek,64419.043,Distillate Fuel Oil,2018
0250080,Moose Creek,-2428.000,Electricity used for Energy Storage,2018
0250080,Moose Creek,0.000,Jet Fuel,2018
0250080,Moose Creek,0.000,Natural Gas,2018
0250080,Moose Creek,0.000,Residual Fuel Oil,2018
0250080,Moose Creek,82114.648,Waste Oil,2018
0250080,Moose Creek,70012.000,Wind,2018
0250080,Moose Creek,0.000,Wood Waste Solids,2018
0250080,Moose Creek,0.000,Agricultural By-Products,2019
0250080,Moose Creek,481171.537,Coal,2019
0250080,Moose Creek,28027.598,Distillate Fuel Oil,2019
0250080,Moose Creek,-3280.000,Electricity used for Energy Storage,2019
0250080,Moose Creek,2627.119,Jet Fuel,2019
0250080,Moose Creek,0.080,Natural Gas,2019
0250080,Moose Creek,0.000,Residual Fuel Oil,2019
0250080,Moose Creek,164462.097,Waste Oil,2019
0250080,Moose Creek,64076.000,Wind,2019
0250080,Moose Creek,0.000,Wood Waste Solids,2019
0250080,Moose Creek,466648.747,Coal,2020
0250080,Moose Creek,153461.063,Distillate Fuel Oil,2020
0250080,Moose Creek,-2810.000,Electricity used for Energy Storage,2020
0250080,Moose Creek,2081.775,Jet Fuel,2020
0250080,Moose Creek,6.054,Natural Gas,2020
0250080,Moose Creek,211433.728,Waste Oil,2020
0250080,Moose Creek,49937.000,Wind,2020
0250080,Moose Creek,503966.256,Coal,2021
0250080,Moose Creek,88907.304,Distillate Fuel Oil,2021
0250080,Moose Creek,-3433.000,Electricity used for Energy Storage,2021
0250080,Moose Creek,671.883,Jet Fuel,2021
0250080,Moose Creek,3.471,Natural Gas,2021
0250080,Moose Creek,184970.610,Waste Oil,2021
0250080,Moose Creek,60302.000,Wind,2021
0250080,Moose Creek,,,
0250190,Moose Pass,571.000,Distillate Fuel Oil,2001
0250190,Moose Pass,2690002.000,Natural Gas,2001
0250190,Moose Pass,59447.000,Water at Hydroelectric Turbine,2001
0250190,Moose Pass,309.000,Distillate Fuel Oil,2002
0250190,Moose Pass,2583439.000,Natural Gas,2002
0250190,Moose Pass,65555.000,Water at Hydroelectric Turbine,2002
0250190,Moose Pass,260.000,Distillate Fuel Oil,2003
0250190,Moose Pass,1097628.000,Natural Gas,2003
0250190,Moose Pass,47662.000,Water at Hydroelectric Turbine,2003
0250190,Moose Pass,344.884,Distillate Fuel Oil,2004
0250190,Moose Pass,941642.001,Natural Gas,2004
0250190,Moose Pass,48351.001,Water at Hydroelectric Turbine,2004
0250190,Moose Pass,115.276,Distillate Fuel Oil,2005
0250190,Moose Pass,795761.001,Natural Gas,2005
0250190,Moose Pass,34043.001,Water at Hydroelectric Turbine,2005
0250190,Moose Pass,92.932,Distillate Fuel Oil,2006
0250190,Moose Pass,1194561.001,Natural Gas,2006
0250190,Moose Pass,30089.001,Water at Hydroelectric Turbine,2006
0250190,Moose Pass,152.344,Distillate Fuel Oil,2007
0250190,Moose Pass,1127247.621,Natural Gas,2007
0250190,Moose Pass,24303.000,Water at Hydroelectric Turbine,2007
0250190,Moose Pass,120.484,Distillate Fuel Oil,2008
0250190,Moose Pass,1248362.767,Natural Gas,2008
0250190,Moose Pass,6663.000,Water at Hydroelectric Turbine,2008
0250190,Moose Pass,253.636,Distillate Fuel Oil,2009
0250190,Moose Pass,1412095.075,Natural Gas,2009
0250190,Moose Pass,33262.000,Water at Hydroelectric Turbine,2009
0250190,Moose Pass,575.859,Distillate Fuel Oil,2010
0250190,Moose Pass,994667.057,Natural Gas,2010
0250190,Moose Pass,45390.000,Water at Hydroelectric Turbine,2010
0250190,Moose Pass,109.853,Distillate Fuel Oil,2011
0250190,Moose Pass,1419720.471,Natural Gas,2011
0250190,Moose Pass,28759.000,Water at Hydroelectric Turbine,2011
0250190,Moose Pass,857.634,Distillate Fuel Oil,2012
0250190,Moose Pass,1027320.761,Natural Gas,2012
0250190,Moose Pass,77589.000,Water at Hydroelectric Turbine,2012
0250190,Moose Pass,935.896,Distillate Fuel Oil,2013
0250190,Moose Pass,1125792.387,Natural Gas,2013
0250190,Moose Pass,35928.000,Water at Hydroelectric Turbine,2013
0250190,Moose Pass,44784.000,Wind,2013
0250190,Moose Pass,466.953,Distillate Fuel Oil,2014
0250190,Moose Pass,870092.532,Natural Gas,2014
0250190,Moose Pass,32050.000,Water at Hydroelectric Turbine,2014
0250190,Moose Pass,47813.000,Wind,2014
0250190,Moose Pass,493.112,Distillate Fuel Oil,2015
0250190,Moose Pass,616460.562,Natural Gas,2015
0250190,Moose Pass,16425.000,Water at Hydroelectric Turbine,2015
0250190,Moose Pass,50562.000,Wind,2015
0250190,Moose Pass,70.123,Distillate Fuel Oil,2016
0250190,Moose Pass,615436.794,Natural Gas,2016
0250190,Moose Pass,86666.000,Water at Hydroelectric Turbine,2016
0250190,Moose Pass,56022.000,Wind,2016
0250190,Moose Pass,49.623,Distillate Fuel Oil,2017
0250190,Moose Pass,685153.102,Natural Gas,2017
0250190,Moose Pass,25713.000,Water at Hydroelectric Turbine,2017
0250190,Moose Pass,47715.000,Wind,2017
0250190,Moose Pass,63.041,Distillate Fuel Oil,2018
0250190,Moose Pass,650295.739,Natural Gas,2018
0250190,Moose Pass,59832.000,Water at Hydroelectric Turbine,2018
0250190,Moose Pass,51829.000,Wind,2018
0250190,Moose Pass,32.526,Distillate Fuel Oil,2019
0250190,Moose Pass,685057.722,Natural Gas,2019
0250190,Moose Pass,46102.000,Water at Hydroelectric Turbine,2019
0250190,Moose Pass,48221.000,Wind,2019
0250190,Moose Pass,69.606,Distillate Fuel Oil,2020
0250190,Moose Pass,451805.484,Natural Gas,2020
0250190,Moose Pass,60854.000,Water at Hydroelectric Turbine,2020
0250190,Moose Pass,47201.000,Wind,2020
0250190,Moose Pass,0.000,Distillate Fuel Oil,2021
0250190,Moose Pass,937447.089,Natural Gas,2021
0250190,Moose Pass,36381.000,Water at Hydroelectric Turbine,2021
0250190,Moose Pass,41759.000,Wind,2021
0250190,Moose Pass,,,
0250800,Mosquito Lake,127.800,Distillate Fuel Oil,2001
0250800,Mosquito Lake,708.000,,2001
0250800,Mosquito Lake,1668.000,,2002
0250800,Mosquito Lake,30.000,Distillate Fuel Oil,2003
0250800,Mosquito Lake,1660.800,,2003
0250800,Mosquito Lake,1762.200,,2004
0250800,Mosquito Lake,42.578,Distillate Fuel Oil,2005
0250800,Mosquito Lake,1720.200,,2005
0250800,Mosquito Lake,3.495,Distillate Fuel Oil,2006
0250800,Mosquito Lake,1821.600,,2006
0250800,Mosquito Lake,412.462,Distillate Fuel Oil,2007
0250800,Mosquito Lake,1530.364,,2007
0250800,Mosquito Lake,1710.015,,2008
0250800,Mosquito Lake,1845.900,,2009
0250800,Mosquito Lake,1883.100,,2010
0250800,Mosquito Lake,183.540,Water at Hydroelectric Turbine,2011
0250800,Mosquito Lake,1466.400,,2011
0250800,Mosquito Lake,1059.300,Water at Hydroelectric Turbine,2012
0250800,Mosquito Lake,1015.602,Water at Hydroelectric Turbine,2013
0250800,Mosquito Lake,1002.420,Water at Hydroelectric Turbine,2014
0250800,Mosquito Lake,1141.540,Water at Hydroelectric Turbine,2015
0250800,Mosquito Lake,1051.500,Water at Hydroelectric Turbine,2016
0250800,Mosquito Lake,1002.540,Water at Hydroelectric Turbine,2017
0250800,Mosquito Lake,887.760,Water at Hydroelectric Turbine,2018
0250800,Mosquito Lake,884.068,Water at Hydroelectric Turbine,2019
0250800,Mosquito Lake,954.540,Water at Hydroelectric Turbine,2020
0250800,Mosquito Lake,166.080,Water at Hydroelectric Turbine,2021
0251180,Mountain Village,5358.000,Distillate Fuel Oil,2001
0251180,Mountain Village,5429.502,Distillate Fuel Oil,2002
0251180,Mountain Village,5686.897,Distillate Fuel Oil,2003
0251180,Mountain Village,5675.570,Distillate Fuel Oil,2004
0251180,Mountain Village,5603.532,Distillate Fuel Oil,2005
0251180,Mountain Village,5606.122,Distillate Fuel Oil,2006
0251180,Mountain Village,5512.810,Distillate Fuel Oil,2007
0251180,Mountain Village,5717.493,Distillate Fuel Oil,2008
0251180,Mountain Village,5875.149,Distillate Fuel Oil,2009
0251180,Mountain Village,11764.350,Distillate Fuel Oil,2010
0251180,Mountain Village,6059.249,Distillate Fuel Oil,2011
0251180,Mountain Village,6217.733,Distillate Fuel Oil,2012
0251180,Mountain Village,6172.858,Distillate Fuel Oil,2013
0251180,Mountain Village,5852.806,Distillate Fuel Oil,2014
0251180,Mountain Village,5955.323,Distillate Fuel Oil,2015
0251180,Mountain Village,5820.564,Distillate Fuel Oil,2016
0251180,Mountain Village,5795.890,Distillate Fuel Oil,2017
0251180,Mountain Village,5844.812,Distillate Fuel Oil,2018
0251180,Mountain Village,4766.398,Distillate Fuel Oil,2019
0251180,Mountain Village,1112.314,Wind,2019
0251180,Mountain Village,4518.506,Distillate Fuel Oil,2020
0251180,Mountain Village,1912.159,Wind,2020
0251180,Mountain Village,3649.804,Distillate Fuel Oil,2021
0251180,Mountain Village,2060.478,Wind,2021
0251455,Mud Bay,300.800,Distillate Fuel Oil,2001
0251455,Mud Bay,1065.600,Distillate Fuel Oil,2002
0251455,Mud Bay,180.376,Distillate Fuel Oil,2003
0251455,Mud Bay,750.256,Distillate Fuel Oil,2004
0251455,Mud Bay,130.069,Distillate Fuel Oil,2005
0251455,Mud Bay,54.062,Distillate Fuel Oil,2006
0251455,Mud Bay,499.677,Distillate Fuel Oil,2007
0251455,Mud Bay,195.810,Distillate Fuel Oil,2008
0251455,Mud Bay,239.702,Distillate Fuel Oil,2009
0251455,Mud Bay,72.282,Distillate Fuel Oil,2010
0251455,Mud Bay,485.200,Distillate Fuel Oil,2011
0251455,Mud Bay,192.420,Distillate Fuel Oil,2012
0251455,Mud Bay,1532.828,Distillate Fuel Oil,2013
0251455,Mud Bay,214.889,Distillate Fuel Oil,2014
0251455,Mud Bay,131.460,Distillate Fuel Oil,2015
0251455,Mud Bay,122.683,Distillate Fuel Oil,2016
0251455,Mud Bay,277.439,Distillate Fuel Oil,2017
0251455,Mud Bay,1461.111,Distillate Fuel Oil,2018
0251455,Mud Bay,-72.000,Distillate Fuel Oil,2019
0251455,Mud Bay,124.000,Distillate Fuel Oil,2020
0251455,Mud Bay,1390.000,Distillate Fuel Oil,2021
0251455,Mud Bay,,,
0251960,Nabesna,,,
0252060,Naknek,20118.001,Distillate Fuel Oil,2001
0252060,Naknek,19003.542,Distillate Fuel Oil,2002
0252060,Naknek,20400.421,Distillate Fuel Oil,2003
0252060,Naknek,21189.975,Distillate Fuel Oil,2004
0252060,Naknek,22411.058,Distillate Fuel Oil,2005
0252060,Naknek,22635.538,Distillate Fuel Oil,2006
0252060,Naknek,21974.570,Distillate Fuel Oil,2007
0252060,Naknek,22563.288,Distillate Fuel Oil,2008
0252060,Naknek,21709.678,Distillate Fuel Oil,2009
0252060,Naknek,21622.956,Distillate Fuel Oil,2010
0252060,Naknek,20570.403,Distillate Fuel Oil,2011
0252060,Naknek,19934.364,Distillate Fuel Oil,2012
0252060,Naknek,20064.730,Distillate Fuel Oil,2013
0252060,Naknek,21796.130,Distillate Fuel Oil,2014
0252060,Naknek,22412.982,Distillate Fuel Oil,2015
0252060,Naknek,22085.813,Distillate Fuel Oil,2016
0252060,Naknek,22369.793,Distillate Fuel Oil,2017
0252060,Naknek,24837.295,Distillate Fuel Oil,2018
0252060,Naknek,25789.400,Distillate Fuel Oil,2019
0252060,Naknek,21413.671,Distillate Fuel Oil,2020
0252060,Naknek,24328.964,Distillate Fuel Oil,2021
0252210,Nanwalek,490.999,Distillate Fuel Oil,2001
0252210,Nanwalek,426710.001,Natural Gas,2001
0252210,Nanwalek,345681.000,Water at Hydroelectric Turbine,2001
0252210,Nanwalek,355.740,Distillate Fuel Oil,2002
0252210,Nanwalek,473327.141,Natural Gas,2002
0252210,Nanwalek,484899.000,Water at Hydroelectric Turbine,2002
0252210,Nanwalek,243.001,Distillate Fuel Oil,2003
0252210,Nanwalek,399766.998,Natural Gas,2003
0252210,Nanwalek,500875.000,Water at Hydroelectric Turbine,2003
0252210,Nanwalek,336.702,Distillate Fuel Oil,2004
0252210,Nanwalek,398518.890,Natural Gas,2004
0252210,Nanwalek,429709.000,Water at Hydroelectric Turbine,2004
0252210,Nanwalek,235.643,Distillate Fuel Oil,2005
0252210,Nanwalek,490271.637,Natural Gas,2005
0252210,Nanwalek,452757.000,Water at Hydroelectric Turbine,2005
0252210,Nanwalek,236.000,Distillate Fuel Oil,2006
0252210,Nanwalek,2147.575,Jet Fuel,2006
0252210,Nanwalek,451056.328,Natural Gas,2006
0252210,Nanwalek,343766.000,Water at Hydroelectric Turbine,2006
0252210,Nanwalek,382.001,Distillate Fuel Oil,2007
0252210,Nanwalek,264.025,Jet Fuel,2007
0252210,Nanwalek,443609.870,Natural Gas,2007
0252210,Nanwalek,336288.000,Water at Hydroelectric Turbine,2007
0252210,Nanwalek,22.000,Distillate Fuel Oil,2008
0252210,Nanwalek,3.268,Jet Fuel,2008
0252210,Nanwalek,473626.372,Natural Gas,2008
0252210,Nanwalek,296759.000,Water at Hydroelectric Turbine,2008
0252210,Nanwalek,324.649,Distillate Fuel Oil,2009
0252210,Nanwalek,163.399,Jet Fuel,2009
0252210,Nanwalek,378362.432,Natural Gas,2009
0252210,Nanwalek,362293.410,Water at Hydroelectric Turbine,2009
0252210,Nanwalek,202.000,Distillate Fuel Oil,2010
0252210,Nanwalek,0.000,Jet Fuel,2010
0252210,Nanwalek,354378.140,Natural Gas,2010
0252210,Nanwalek,348270.970,Water at Hydroelectric Turbine,2010
0252210,Nanwalek,160.167,Distillate Fuel Oil,2011
0252210,Nanwalek,0.000,Jet Fuel,2011
0252210,Nanwalek,375394.769,Natural Gas,2011
0252210,Nanwalek,2738.304,Other Gas,2011
0252210,Nanwalek,303900.000,Water at Hydroelectric Turbine,2011
0252210,Nanwalek,214.332,Distillate Fuel Oil,2012
0252210,Nanwalek,0.000,Jet Fuel,2012
0252210,Nanwalek,355032.847,Natural Gas,2012
0252210,Nanwalek,2658.441,Other Gas,2012
0252210,Nanwalek,397373.000,Water at Hydroelectric Turbine,2012
0252210,Nanwalek,101.277,Distillate Fuel Oil,2013
0252210,Nanwalek,0.000,Jet Fuel,2013
0252210,Nanwalek,201008.184,Natural Gas,2013
0252210,Nanwalek,430.659,Waste Oil,2013
0252210,Nanwalek,368254.000,Water at Hydroelectric Turbine,2013
0252210,Nanwalek,444.000,Distillate Fuel Oil,2014
0252210,Nanwalek,0.000,Jet Fuel,2014
0252210,Nanwalek,306144.240,Natural Gas,2014
0252210,Nanwalek,0.000,Waste Oil,2014
0252210,Nanwalek,432575.000,Water at Hydroelectric Turbine,2014
0252210,Nanwalek,228.103,Distillate Fuel Oil,2015
0252210,Nanwalek,0.000,Jet Fuel,2015
0252210,Nanwalek,315789.997,Natural Gas,2015
0252210,Nanwalek,471705.000,Water at Hydroelectric Turbine,2015
0252210,Nanwalek,87.000,Distillate Fuel Oil,2016
0252210,Nanwalek,0.000,Jet Fuel,2016
0252210,Nanwalek,316448.000,Natural Gas,2016
0252210,Nanwalek,430509.000,Water at Hydroelectric Turbine,2016
0252210,Nanwalek,15.000,Distillate Fuel Oil,2017
0252210,Nanwalek,0.000,Jet Fuel,2017
0252210,Nanwalek,316493.000,Natural Gas,2017
0252210,Nanwalek,387059.000,Water at Hydroelectric Turbine,2017
0252210,Nanwalek,85.461,Distillate Fuel Oil,2018
0252210,Nanwalek,0.000,Jet Fuel,2018
0252210,Nanwalek,276027.539,Natural Gas,2018
0252210,Nanwalek,404479.000,Water at Hydroelectric Turbine,2018
0252210,Nanwalek,63.000,Distillate Fuel Oil,2019
0252210,Nanwalek,0.000,Jet Fuel,2019
0252210,Nanwalek,237333.000,Natural Gas,2019
0252210,Nanwalek,413592.000,Water at Hydroelectric Turbine,2019
0252210,Nanwalek,4329.915,Distillate Fuel Oil,2020
0252210,Nanwalek,302127.085,Natural Gas,2020
0252210,Nanwalek,466635.000,Water at Hydroelectric Turbine,2020
0252210,Nanwalek,224.000,Distillate Fuel Oil,2021
0252210,Nanwalek,290511.000,Natural Gas,2021
0252210,Nanwalek,391018.000,Water at Hydroelectric Turbine,2021
0252390,Napakiak,,,
0252720,Napaskiak,330.455,Distillate Fuel Oil,2001
0252720,Napaskiak,898.681,Distillate Fuel Oil,2002
0252720,Napaskiak,928.341,Distillate Fuel Oil,2003
0252720,Napaskiak,934.918,Distillate Fuel Oil,2004
0252720,Napaskiak,1026.337,Distillate Fuel Oil,2005
0252720,Napaskiak,969.727,Distillate Fuel Oil,2006
0252720,Napaskiak,981.235,Distillate Fuel Oil,2007
0252720,Napaskiak,961.245,Distillate Fuel Oil,2008
0252720,Napaskiak,1005.070,Distillate Fuel Oil,2009
0252720,Napaskiak,1011.054,Distillate Fuel Oil,2010
0252720,Napaskiak,1015.901,Distillate Fuel Oil,2011
0252720,Napaskiak,811.114,Distillate Fuel Oil,2012
0252720,Napaskiak,947.904,Distillate Fuel Oil,2013
0252720,Napaskiak,1058.101,Distillate Fuel Oil,2014
0252720,Napaskiak,982.837,Distillate Fuel Oil,2015
0252720,Napaskiak,973.386,Distillate Fuel Oil,2016
0252720,Napaskiak,1079.538,Distillate Fuel Oil,2017
0252720,Napaskiak,822.173,Distillate Fuel Oil,2018
0252720,Napaskiak,295.829,Distillate Fuel Oil,2019
0252720,Napaskiak,877.806,Distillate Fuel Oil,2020
0252720,Napaskiak,1128.606,Distillate Fuel Oil,2021
0252845,Naukati Bay,457.001,Distillate Fuel Oil,2001
0252845,Naukati Bay,451.886,Distillate Fuel Oil,2002
0252845,Naukati Bay,462.886,Distillate Fuel Oil,2003
0252845,Naukati Bay,522.593,Distillate Fuel Oil,2004
0252845,Naukati Bay,568.255,Distillate Fuel Oil,2005
0252845,Naukati Bay,497.509,Distillate Fuel Oil,2006
0252845,Naukati Bay,528.284,Distillate Fuel Oil,2007
0252845,Naukati Bay,496.855,Distillate Fuel Oil,2008
0252845,Naukati Bay,462.014,Distillate Fuel Oil,2009
0252845,Naukati Bay,453.288,Distillate Fuel Oil,2010
0252845,Naukati Bay,462.652,Distillate Fuel Oil,2011
0252845,Naukati Bay,424.789,Distillate Fuel Oil,2012
0252845,Naukati Bay,455.328,Distillate Fuel Oil,2013
0252845,Naukati Bay,431.712,Distillate Fuel Oil,2014
0252845,Naukati Bay,49.400,Distillate Fuel Oil,2015
0252845,Naukati Bay,2.938,Distillate Fuel Oil,2016
0252915,Nelchina,19012.999,Distillate Fuel Oil,2001
0252915,Nelchina,50788.001,Water at Hydroelectric Turbine,2001
0252915,Nelchina,11380.999,Distillate Fuel Oil,2002
0252915,Nelchina,0.000,Jet Fuel,2002
0252915,Nelchina,18565.000,Waste Oil,2002
0252915,Nelchina,56651.000,Water at Hydroelectric Turbine,2002
0252915,Nelchina,9009.296,Distillate Fuel Oil,2003
0252915,Nelchina,21484.001,Jet Fuel,2003
0252915,Nelchina,52811.998,Water at Hydroelectric Turbine,2003
0252915,Nelchina,10104.640,Distillate Fuel Oil,2004
0252915,Nelchina,21429.000,Jet Fuel,2004
0252915,Nelchina,51353.001,Water at Hydroelectric Turbine,2004
0252915,Nelchina,12625.558,Distillate Fuel Oil,2005
0252915,Nelchina,20519.000,Jet Fuel,2005
0252915,Nelchina,49426.999,Water at Hydroelectric Turbine,2005
0252915,Nelchina,10526.475,Distillate Fuel Oil,2006
0252915,Nelchina,19680.001,Jet Fuel,2006
0252915,Nelchina,54916.999,Water at Hydroelectric Turbine,2006
0252915,Nelchina,14456.820,Distillate Fuel Oil,2007
0252915,Nelchina,32393.999,Jet Fuel,2007
0252915,Nelchina,34556.000,Water at Hydroelectric Turbine,2007
0252915,Nelchina,7705.000,Distillate Fuel Oil,2008
0252915,Nelchina,24031.000,Jet Fuel,2008
0252915,Nelchina,47429.000,Water at Hydroelectric Turbine,2008
0252915,Nelchina,12229.725,Distillate Fuel Oil,2009
0252915,Nelchina,6756.000,Jet Fuel,2009
0252915,Nelchina,44988.000,Water at Hydroelectric Turbine,2009
0252915,Nelchina,5850.405,Distillate Fuel Oil,2010
0252915,Nelchina,30043.000,Jet Fuel,2010
0252915,Nelchina,44758.000,Water at Hydroelectric Turbine,2010
0252915,Nelchina,15160.000,Distillate Fuel Oil,2011
0252915,Nelchina,17519.000,Jet Fuel,2011
0252915,Nelchina,46189.000,Water at Hydroelectric Turbine,2011
0252915,Nelchina,14645.108,Distillate Fuel Oil,2012
0252915,Nelchina,29655.000,Jet Fuel,2012
0252915,Nelchina,44135.000,Water at Hydroelectric Turbine,2012
0252915,Nelchina,15495.027,Distillate Fuel Oil,2013
0252915,Nelchina,0.000,Jet Fuel,2013
0252915,Nelchina,17027.000,Waste Oil,2013
0252915,Nelchina,54750.000,Water at Hydroelectric Turbine,2013
0252915,Nelchina,9933.580,Distillate Fuel Oil,2014
0252915,Nelchina,0.000,Jet Fuel,2014
0252915,Nelchina,21217.000,Waste Oil,2014
0252915,Nelchina,54955.000,Water at Hydroelectric Turbine,2014
0252915,Nelchina,9040.578,Distillate Fuel Oil,2015
0252915,Nelchina,0.000,Jet Fuel,2015
0252915,Nelchina,21316.000,Waste Oil,2015
0252915,Nelchina,55982.000,Water at Hydroelectric Turbine,2015
0252915,Nelchina,11183.989,Distillate Fuel Oil,2016
0252915,Nelchina,0.000,Jet Fuel,2016
0252915,Nelchina,17636.000,Waste Oil,2016
0252915,Nelchina,55731.000,Water at Hydroelectric Turbine,2016
0252915,Nelchina,10387.013,Distillate Fuel Oil,2017
0252915,Nelchina,0.000,Jet Fuel,2017
0252915,Nelchina,21411.000,Waste Oil,2017
0252915,Nelchina,56473.000,Water at Hydroelectric Turbine,2017
0252915,Nelchina,9662.000,Distillate Fuel Oil,2018
0252915,Nelchina,0.000,Jet Fuel,2018
0252915,Nelchina,16993.000,Waste Oil,2018
0252915,Nelchina,65164.000,Water at Hydroelectric Turbine,2018
0252915,Nelchina,6062.000,Distillate Fuel Oil,2019
0252915,Nelchina,0.000,Jet Fuel,2019
0252915,Nelchina,17823.000,Waste Oil,2019
0252915,Nelchina,72333.000,Water at Hydroelectric Turbine,2019
0252915,Nelchina,10486.000,Distillate Fuel Oil,2020
0252915,Nelchina,23442.000,Waste Oil,2020
0252915,Nelchina,54317.000,Water at Hydroelectric Turbine,2020
0252915,Nelchina,12132.000,Distillate Fuel Oil,2021
0252915,Nelchina,25547.000,Waste Oil,2021
0252915,Nelchina,58733.000,Water at Hydroelectric Turbine,2021
0252940,Nelson Lagoon,165.004,Distillate Fuel Oil,2001
0252940,Nelson Lagoon,366.448,Distillate Fuel Oil,2002
0252940,Nelson Lagoon,368.564,Distillate Fuel Oil,2003
0252940,Nelson Lagoon,400.932,Distillate Fuel Oil,2004
0252940,Nelson Lagoon,425.477,Distillate Fuel Oil,2005
0252940,Nelson Lagoon,575.023,Distillate Fuel Oil,2006
0252940,Nelson Lagoon,147.270,Distillate Fuel Oil,2007
0252940,Nelson Lagoon,371.730,Distillate Fuel Oil,2008
0252940,Nelson Lagoon,397.353,Distillate Fuel Oil,2009
0252940,Nelson Lagoon,410.561,Distillate Fuel Oil,2010
0252940,Nelson Lagoon,399.871,Distillate Fuel Oil,2011
0252940,Nelson Lagoon,392.729,Distillate Fuel Oil,2012
0252940,Nelson Lagoon,337.511,Distillate Fuel Oil,2013
0252940,Nelson Lagoon,334.783,Distillate Fuel Oil,2014
0252940,Nelson Lagoon,327.582,Distillate Fuel Oil,2015
0252940,Nelson Lagoon,321.212,Distillate Fuel Oil,2016
0252940,Nelson Lagoon,338.018,Distillate Fuel Oil,2017
0252940,Nelson Lagoon,320.114,Distillate Fuel Oil,2018
0252940,Nelson Lagoon,299.758,Distillate Fuel Oil,2019
0252940,Nelson Lagoon,293.843,Distillate Fuel Oil,2020
0252940,Nelson Lagoon,303.655,Distillate Fuel Oil,2021
0253050,Nenana,320199.883,Coal,2001
0253050,Nenana,10180.000,Distillate Fuel Oil,2001
0253050,Nenana,579967.000,Residual Fuel Oil,2001
0253050,Nenana,481090.841,Coal,2002
0253050,Nenana,17426.909,Distillate Fuel Oil,2002
0253050,Nenana,546300.000,Residual Fuel Oil,2002
0253050,Nenana,32.000,Waste Oil,2002
0253050,Nenana,1031.000,Wood Waste Solids,2002
0253050,Nenana,456747.980,Coal,2003
0253050,Nenana,6308.990,Distillate Fuel Oil,2003
0253050,Nenana,453733.000,Residual Fuel Oil,2003
0253050,Nenana,64.000,Waste Oil,2003
0253050,Nenana,758.001,Wood Waste Solids,2003
0253050,Nenana,519938.432,Coal,2004
0253050,Nenana,9963.938,Distillate Fuel Oil,2004
0253050,Nenana,360379.000,Residual Fuel Oil,2004
0253050,Nenana,0.000,Waste Oil,2004
0253050,Nenana,388.500,Wood Waste Solids,2004
0253050,Nenana,525017.007,Coal,2005
0253050,Nenana,2907.565,Distillate Fuel Oil,2005
0253050,Nenana,360562.000,Residual Fuel Oil,2005
0253050,Nenana,0.000,Waste Oil,2005
0253050,Nenana,382.565,Wood Waste Solids,2005
0253050,Nenana,532341.253,Coal,2006
0253050,Nenana,3215.258,Distillate Fuel Oil,2006
0253050,Nenana,337599.000,Residual Fuel Oil,2006
0253050,Nenana,0.000,Waste Oil,2006
0253050,Nenana,515.509,Wood Waste Solids,2006
0253050,Nenana,538127.163,Coal,2007
0253050,Nenana,5102.496,Distillate Fuel Oil,2007
0253050,Nenana,284406.908,Jet Fuel,2007
0253050,Nenana,436.577,Natural Gas,2007
0253050,Nenana,266301.606,Residual Fuel Oil,2007
0253050,Nenana,0.000,Waste Oil,2007
0253050,Nenana,21.755,Wood Waste Solids,2007
0253050,Nenana,512423.237,Coal,2008
0253050,Nenana,5916.308,Distillate Fuel Oil,2008
0253050,Nenana,387339.730,Jet Fuel,2008
0253050,Nenana,0.000,Natural Gas,2008
0253050,Nenana,126668.178,Residual Fuel Oil,2008
0253050,Nenana,0.000,Wood Waste Solids,2008
0253050,Nenana,515890.711,Coal,2009
0253050,Nenana,7005.089,Distillate Fuel Oil,2009
0253050,Nenana,370545.007,Jet Fuel,2009
0253050,Nenana,0.000,Natural Gas,2009
0253050,Nenana,343136.891,Residual Fuel Oil,2009
0253050,Nenana,463538.211,Coal,2010
0253050,Nenana,7652.130,Distillate Fuel Oil,2010
0253050,Nenana,0.000,Jet Fuel,2010
0253050,Nenana,639.868,Natural Gas,2010
0253050,Nenana,192178.603,Residual Fuel Oil,2010
0253050,Nenana,423964.882,Coal,2011
0253050,Nenana,3653.416,Distillate Fuel Oil,2011
0253050,Nenana,155547.000,Jet Fuel,2011
0253050,Nenana,2837.823,Natural Gas,2011
0253050,Nenana,102593.325,Residual Fuel Oil,2011
0253050,Nenana,463815.730,Coal,2012
0253050,Nenana,5994.123,Distillate Fuel Oil,2012
0253050,Nenana,197942.000,Jet Fuel,2012
0253050,Nenana,2683.523,Natural Gas,2012
0253050,Nenana,175535.364,Residual Fuel Oil,2012
0253050,Nenana,374005.564,Coal,2013
0253050,Nenana,3916.995,Distillate Fuel Oil,2013
0253050,Nenana,91958.000,Jet Fuel,2013
0253050,Nenana,5000.441,Natural Gas,2013
0253050,Nenana,33991.362,Residual Fuel Oil,2013
0253050,Nenana,72610.000,Wind,2013
0253050,Nenana,0.000,Wood Waste Solids,2013
0253050,Nenana,376282.303,Coal,2014
0253050,Nenana,1508.242,Distillate Fuel Oil,2014
0253050,Nenana,131279.730,Jet Fuel,2014
0253050,Nenana,2161.112,Natural Gas,2014
0253050,Nenana,47426.548,Residual Fuel Oil,2014
0253050,Nenana,76279.000,Wind,2014
0253050,Nenana,0.000,Wood Waste Solids,2014
0253050,Nenana,432567.508,Coal,2015
0253050,Nenana,14837.204,Distillate Fuel Oil,2015
0253050,Nenana,0.000,Jet Fuel,2015
0253050,Nenana,0.000,Natural Gas,2015
0253050,Nenana,48522.553,Residual Fuel Oil,2015
0253050,Nenana,163960.164,Waste Oil,2015
0253050,Nenana,76784.000,Wind,2015
0253050,Nenana,0.000,Wood Waste Solids,2015
0253050,Nenana,395864.156,Coal,2016
0253050,Nenana,46782.391,Distillate Fuel Oil,2016
0253050,Nenana,-2392.000,Electricity used for Energy Storage,2016
0253050,Nenana,0.000,Jet Fuel,2016
0253050,Nenana,1129.934,Natural Gas,2016
0253050,Nenana,0.000,Residual Fuel Oil,2016
0253050,Nenana,48474.738,Waste Oil,2016
0253050,Nenana,78291.000,Wind,2016
0253050,Nenana,0.000,Wood Waste Solids,2016
0253050,Nenana,356409.011,Coal,2017
0253050,Nenana,70874.044,Distillate Fuel Oil,2017
0253050,Nenana,-2711.000,Electricity used for Energy Storage,2017
0253050,Nenana,0.000,Jet Fuel,2017
0253050,Nenana,554.666,Natural Gas,2017
0253050,Nenana,0.000,Residual Fuel Oil,2017
0253050,Nenana,144787.681,Waste Oil,2017
0253050,Nenana,64121.000,Wind,2017
0253050,Nenana,0.000,Wood Waste Solids,2017
0253050,Nenana,392019.635,Coal,2018
0253050,Nenana,64419.043,Distillate Fuel Oil,2018
0253050,Nenana,-2428.000,Electricity used for Energy Storage,2018
0253050,Nenana,0.000,Jet Fuel,2018
0253050,Nenana,0.000,Natural Gas,2018
0253050,Nenana,0.000,Residual Fuel Oil,2018
0253050,Nenana,82114.648,Waste Oil,2018
0253050,Nenana,70012.000,Wind,2018
0253050,Nenana,0.000,Wood Waste Solids,2018
0253050,Nenana,0.000,Agricultural By-Products,2019
0253050,Nenana,481171.537,Coal,2019
0253050,Nenana,28027.598,Distillate Fuel Oil,2019
0253050,Nenana,-3280.000,Electricity used for Energy Storage,2019
0253050,Nenana,2627.119,Jet Fuel,2019
0253050,Nenana,0.080,Natural Gas,2019
0253050,Nenana,0.000,Residual Fuel Oil,2019
0253050,Nenana,164462.097,Waste Oil,2019
0253050,Nenana,64076.000,Wind,2019
0253050,Nenana,0.000,Wood Waste Solids,2019
0253050,Nenana,466648.747,Coal,2020
0253050,Nenana,153461.063,Distillate Fuel Oil,2020
0253050,Nenana,-2810.000,Electricity used for Energy Storage,2020
0253050,Nenana,2081.775,Jet Fuel,2020
0253050,Nenana,6.054,Natural Gas,2020
0253050,Nenana,211433.728,Waste Oil,2020
0253050,Nenana,49937.000,Wind,2020
0253050,Nenana,503966.256,Coal,2021
0253050,Nenana,88907.304,Distillate Fuel Oil,2021
0253050,Nenana,-3433.000,Electricity used for Energy Storage,2021
0253050,Nenana,671.883,Jet Fuel,2021
0253050,Nenana,3.471,Natural Gas,2021
0253050,Nenana,184970.610,Waste Oil,2021
0253050,Nenana,60302.000,Wind,2021
0253050,Nenana,,,
0253710,New Stuyahok,1192.000,Distillate Fuel Oil,2001
0253710,New Stuyahok,1192.626,Distillate Fuel Oil,2002
0253710,New Stuyahok,1214.139,Distillate Fuel Oil,2003
0253710,New Stuyahok,1190.507,Distillate Fuel Oil,2004
0253710,New Stuyahok,1198.136,Distillate Fuel Oil,2005
0253710,New Stuyahok,1215.626,Distillate Fuel Oil,2006
0253710,New Stuyahok,1250.679,Distillate Fuel Oil,2007
0253710,New Stuyahok,1611.503,Distillate Fuel Oil,2008
0253710,New Stuyahok,1615.013,Distillate Fuel Oil,2009
0253710,New Stuyahok,1516.037,Distillate Fuel Oil,2010
0253710,New Stuyahok,1502.158,Distillate Fuel Oil,2011
0253710,New Stuyahok,1481.227,Distillate Fuel Oil,2012
0253710,New Stuyahok,1418.622,Distillate Fuel Oil,2013
0253710,New Stuyahok,1373.098,Distillate Fuel Oil,2014
0253710,New Stuyahok,1384.652,Distillate Fuel Oil,2015
0253710,New Stuyahok,1377.620,Distillate Fuel Oil,2016
0253710,New Stuyahok,1724.326,Distillate Fuel Oil,2017
0253710,New Stuyahok,1832.280,Distillate Fuel Oil,2018
0253710,New Stuyahok,1825.185,Distillate Fuel Oil,2019
0253710,New Stuyahok,1887.222,Distillate Fuel Oil,2020
0253710,New Stuyahok,1921.708,Distillate Fuel Oil,2021
0253270,Newhalen,229.800,Distillate Fuel Oil,2001
0253270,Newhalen,1316.126,Water at Hydroelectric Turbine,2001
0253270,Newhalen,928.665,Distillate Fuel Oil,2002
0253270,Newhalen,2290.364,Water at Hydroelectric Turbine,2002
0253270,Newhalen,578.890,Distillate Fuel Oil,2003
0253270,Newhalen,2397.443,Water at Hydroelectric Turbine,2003
0253270,Newhalen,930.890,Distillate Fuel Oil,2004
0253270,Newhalen,2292.605,Water at Hydroelectric Turbine,2004
0253270,Newhalen,575.036,Distillate Fuel Oil,2005
0253270,Newhalen,2444.735,Water at Hydroelectric Turbine,2005
0253270,Newhalen,1266.396,Distillate Fuel Oil,2006
0253270,Newhalen,2239.695,Water at Hydroelectric Turbine,2006
0253270,Newhalen,419.750,Distillate Fuel Oil,2007
0253270,Newhalen,3188.179,Water at Hydroelectric Turbine,2007
0253270,Newhalen,610.959,Distillate Fuel Oil,2008
0253270,Newhalen,3244.407,Water at Hydroelectric Turbine,2008
0253270,Newhalen,821.156,Distillate Fuel Oil,2009
0253270,Newhalen,2726.926,Water at Hydroelectric Turbine,2009
0253270,Newhalen,461.235,Distillate Fuel Oil,2010
0253270,Newhalen,3005.462,Water at Hydroelectric Turbine,2010
0253270,Newhalen,80.160,Distillate Fuel Oil,2011
0253270,Newhalen,3007.376,Water at Hydroelectric Turbine,2011
0253270,Newhalen,74.739,Distillate Fuel Oil,2012
0253270,Newhalen,4259.727,Water at Hydroelectric Turbine,2012
0253270,Newhalen,76.254,Distillate Fuel Oil,2013
0253270,Newhalen,4048.161,Water at Hydroelectric Turbine,2013
0253270,Newhalen,17.856,Distillate Fuel Oil,2014
0253270,Newhalen,3908.007,Water at Hydroelectric Turbine,2014
0253270,Newhalen,34.376,Distillate Fuel Oil,2015
0253270,Newhalen,3746.996,Water at Hydroelectric Turbine,2015
0253270,Newhalen,78.530,Distillate Fuel Oil,2016
0253270,Newhalen,3539.570,Water at Hydroelectric Turbine,2016
0253270,Newhalen,40.174,Distillate Fuel Oil,2017
0253270,Newhalen,3600.836,Water at Hydroelectric Turbine,2017
0253270,Newhalen,81.610,Distillate Fuel Oil,2018
0253270,Newhalen,3627.470,Water at Hydroelectric Turbine,2018
0253270,Newhalen,69.120,Distillate Fuel Oil,2019
0253270,Newhalen,3677.440,Water at Hydroelectric Turbine,2019
0253270,Newhalen,24.080,Distillate Fuel Oil,2020
0253270,Newhalen,3848.630,Water at Hydroelectric Turbine,2020
0253270,Newhalen,159.790,Distillate Fuel Oil,2021
0253270,Newhalen,3674.140,Water at Hydroelectric Turbine,2021
0253820,Newtok,185.336,Distillate Fuel Oil,2001
0253820,Newtok,376.632,Distillate Fuel Oil,2002
0253820,Newtok,377.836,Distillate Fuel Oil,2003
0253820,Newtok,371.616,Distillate Fuel Oil,2004
0253820,Newtok,382.296,Distillate Fuel Oil,2005
0253820,Newtok,391.399,Distillate Fuel Oil,2006
0253820,Newtok,388.648,Distillate Fuel Oil,2007
0253820,Newtok,321.769,Distillate Fuel Oil,2008
0253820,Newtok,399.520,Distillate Fuel Oil,2009
0253820,Newtok,428.093,Distillate Fuel Oil,2010
0253820,Newtok,428.754,Distillate Fuel Oil,2011
0253820,Newtok,509.097,Distillate Fuel Oil,2012
0253820,Newtok,459.680,Distillate Fuel Oil,2013
0253820,Newtok,443.881,Distillate Fuel Oil,2014
0253820,Newtok,443.606,Distillate Fuel Oil,2015
0253820,Newtok,441.088,Distillate Fuel Oil,2016
0253820,Newtok,428.672,Distillate Fuel Oil,2017
0253820,Newtok,380.988,Distillate Fuel Oil,2018
0253820,Newtok,79.088,Distillate Fuel Oil,2019
0253820,Newtok,51.658,Distillate Fuel Oil,2020
0253820,Newtok,281.052,Distillate Fuel Oil,2021
0253930,Nightmute,298.699,Distillate Fuel Oil,2001
0253930,Nightmute,561.114,Distillate Fuel Oil,2002
0253930,Nightmute,574.897,Distillate Fuel Oil,2003
0253930,Nightmute,559.232,Distillate Fuel Oil,2004
0253930,Nightmute,575.716,Distillate Fuel Oil,2005
0253930,Nightmute,588.251,Distillate Fuel Oil,2006
0253930,Nightmute,618.414,Distillate Fuel Oil,2007
0253930,Nightmute,219.606,Distillate Fuel Oil,2008
0254050,Nikiski,490.999,Distillate Fuel Oil,2001
0254050,Nikiski,426710.001,Natural Gas,2001
0254050,Nikiski,345681.000,Water at Hydroelectric Turbine,2001
0254050,Nikiski,355.740,Distillate Fuel Oil,2002
0254050,Nikiski,473327.141,Natural Gas,2002
0254050,Nikiski,484899.000,Water at Hydroelectric Turbine,2002
0254050,Nikiski,243.001,Distillate Fuel Oil,2003
0254050,Nikiski,399766.998,Natural Gas,2003
0254050,Nikiski,500875.000,Water at Hydroelectric Turbine,2003
0254050,Nikiski,336.702,Distillate Fuel Oil,2004
0254050,Nikiski,398518.890,Natural Gas,2004
0254050,Nikiski,429709.000,Water at Hydroelectric Turbine,2004
0254050,Nikiski,235.643,Distillate Fuel Oil,2005
0254050,Nikiski,490271.637,Natural Gas,2005
0254050,Nikiski,452757.000,Water at Hydroelectric Turbine,2005
0254050,Nikiski,236.000,Distillate Fuel Oil,2006
0254050,Nikiski,2147.575,Jet Fuel,2006
0254050,Nikiski,451056.328,Natural Gas,2006
0254050,Nikiski,343766.000,Water at Hydroelectric Turbine,2006
0254050,Nikiski,382.001,Distillate Fuel Oil,2007
0254050,Nikiski,264.025,Jet Fuel,2007
0254050,Nikiski,443609.870,Natural Gas,2007
0254050,Nikiski,336288.000,Water at Hydroelectric Turbine,2007
0254050,Nikiski,22.000,Distillate Fuel Oil,2008
0254050,Nikiski,3.268,Jet Fuel,2008
0254050,Nikiski,473626.372,Natural Gas,2008
0254050,Nikiski,296759.000,Water at Hydroelectric Turbine,2008
0254050,Nikiski,324.649,Distillate Fuel Oil,2009
0254050,Nikiski,163.399,Jet Fuel,2009
0254050,Nikiski,378362.432,Natural Gas,2009
0254050,Nikiski,362293.410,Water at Hydroelectric Turbine,2009
0254050,Nikiski,202.000,Distillate Fuel Oil,2010
0254050,Nikiski,0.000,Jet Fuel,2010
0254050,Nikiski,354378.140,Natural Gas,2010
0254050,Nikiski,348270.970,Water at Hydroelectric Turbine,2010
0254050,Nikiski,160.167,Distillate Fuel Oil,2011
0254050,Nikiski,0.000,Jet Fuel,2011
0254050,Nikiski,375394.769,Natural Gas,2011
0254050,Nikiski,2738.304,Other Gas,2011
0254050,Nikiski,303900.000,Water at Hydroelectric Turbine,2011
0254050,Nikiski,214.332,Distillate Fuel Oil,2012
0254050,Nikiski,0.000,Jet Fuel,2012
0254050,Nikiski,355032.847,Natural Gas,2012
0254050,Nikiski,2658.441,Other Gas,2012
0254050,Nikiski,397373.000,Water at Hydroelectric Turbine,2012
0254050,Nikiski,101.277,Distillate Fuel Oil,2013
0254050,Nikiski,0.000,Jet Fuel,2013
0254050,Nikiski,201008.184,Natural Gas,2013
0254050,Nikiski,430.659,Waste Oil,2013
0254050,Nikiski,368254.000,Water at Hydroelectric Turbine,2013
0254050,Nikiski,444.000,Distillate Fuel Oil,2014
0254050,Nikiski,0.000,Jet Fuel,2014
0254050,Nikiski,306144.240,Natural Gas,2014
0254050,Nikiski,0.000,Waste Oil,2014
0254050,Nikiski,432575.000,Water at Hydroelectric Turbine,2014
0254050,Nikiski,228.103,Distillate Fuel Oil,2015
0254050,Nikiski,0.000,Jet Fuel,2015
0254050,Nikiski,315789.997,Natural Gas,2015
0254050,Nikiski,471705.000,Water at Hydroelectric Turbine,2015
0254050,Nikiski,87.000,Distillate Fuel Oil,2016
0254050,Nikiski,0.000,Jet Fuel,2016
0254050,Nikiski,316448.000,Natural Gas,2016
0254050,Nikiski,430509.000,Water at Hydroelectric Turbine,2016
0254050,Nikiski,15.000,Distillate Fuel Oil,2017
0254050,Nikiski,0.000,Jet Fuel,2017
0254050,Nikiski,316493.000,Natural Gas,2017
0254050,Nikiski,387059.000,Water at Hydroelectric Turbine,2017
0254050,Nikiski,85.461,Distillate Fuel Oil,2018
0254050,Nikiski,0.000,Jet Fuel,2018
0254050,Nikiski,276027.539,Natural Gas,2018
0254050,Nikiski,404479.000,Water at Hydroelectric Turbine,2018
0254050,Nikiski,63.000,Distillate Fuel Oil,2019
0254050,Nikiski,0.000,Jet Fuel,2019
0254050,Nikiski,237333.000,Natural Gas,2019
0254050,Nikiski,413592.000,Water at Hydroelectric Turbine,2019
0254050,Nikiski,4329.915,Distillate Fuel Oil,2020
0254050,Nikiski,302127.085,Natural Gas,2020
0254050,Nikiski,466635.000,Water at Hydroelectric Turbine,2020
0254050,Nikiski,224.000,Distillate Fuel Oil,2021
0254050,Nikiski,290511.000,Natural Gas,2021
0254050,Nikiski,391018.000,Water at Hydroelectric Turbine,2021
0254085,Nikolaevsk,490.999,Distillate Fuel Oil,2001
0254085,Nikolaevsk,426710.001,Natural Gas,2001
0254085,Nikolaevsk,345681.000,Water at Hydroelectric Turbine,2001
0254085,Nikolaevsk,355.740,Distillate Fuel Oil,2002
0254085,Nikolaevsk,473327.141,Natural Gas,2002
0254085,Nikolaevsk,484899.000,Water at Hydroelectric Turbine,2002
0254085,Nikolaevsk,243.001,Distillate Fuel Oil,2003
0254085,Nikolaevsk,399766.998,Natural Gas,2003
0254085,Nikolaevsk,500875.000,Water at Hydroelectric Turbine,2003
0254085,Nikolaevsk,336.702,Distillate Fuel Oil,2004
0254085,Nikolaevsk,398518.890,Natural Gas,2004
0254085,Nikolaevsk,429709.000,Water at Hydroelectric Turbine,2004
0254085,Nikolaevsk,235.643,Distillate Fuel Oil,2005
0254085,Nikolaevsk,490271.637,Natural Gas,2005
0254085,Nikolaevsk,452757.000,Water at Hydroelectric Turbine,2005
0254085,Nikolaevsk,236.000,Distillate Fuel Oil,2006
0254085,Nikolaevsk,2147.575,Jet Fuel,2006
0254085,Nikolaevsk,451056.328,Natural Gas,2006
0254085,Nikolaevsk,343766.000,Water at Hydroelectric Turbine,2006
0254085,Nikolaevsk,382.001,Distillate Fuel Oil,2007
0254085,Nikolaevsk,264.025,Jet Fuel,2007
0254085,Nikolaevsk,443609.870,Natural Gas,2007
0254085,Nikolaevsk,336288.000,Water at Hydroelectric Turbine,2007
0254085,Nikolaevsk,22.000,Distillate Fuel Oil,2008
0254085,Nikolaevsk,3.268,Jet Fuel,2008
0254085,Nikolaevsk,473626.372,Natural Gas,2008
0254085,Nikolaevsk,296759.000,Water at Hydroelectric Turbine,2008
0254085,Nikolaevsk,324.649,Distillate Fuel Oil,2009
0254085,Nikolaevsk,163.399,Jet Fuel,2009
0254085,Nikolaevsk,378362.432,Natural Gas,2009
0254085,Nikolaevsk,362293.410,Water at Hydroelectric Turbine,2009
0254085,Nikolaevsk,202.000,Distillate Fuel Oil,2010
0254085,Nikolaevsk,0.000,Jet Fuel,2010
0254085,Nikolaevsk,354378.140,Natural Gas,2010
0254085,Nikolaevsk,348270.970,Water at Hydroelectric Turbine,2010
0254085,Nikolaevsk,160.167,Distillate Fuel Oil,2011
0254085,Nikolaevsk,0.000,Jet Fuel,2011
0254085,Nikolaevsk,375394.769,Natural Gas,2011
0254085,Nikolaevsk,2738.304,Other Gas,2011
0254085,Nikolaevsk,303900.000,Water at Hydroelectric Turbine,2011
0254085,Nikolaevsk,214.332,Distillate Fuel Oil,2012
0254085,Nikolaevsk,0.000,Jet Fuel,2012
0254085,Nikolaevsk,355032.847,Natural Gas,2012
0254085,Nikolaevsk,2658.441,Other Gas,2012
0254085,Nikolaevsk,397373.000,Water at Hydroelectric Turbine,2012
0254085,Nikolaevsk,101.277,Distillate Fuel Oil,2013
0254085,Nikolaevsk,0.000,Jet Fuel,2013
0254085,Nikolaevsk,201008.184,Natural Gas,2013
0254085,Nikolaevsk,430.659,Waste Oil,2013
0254085,Nikolaevsk,368254.000,Water at Hydroelectric Turbine,2013
0254085,Nikolaevsk,444.000,Distillate Fuel Oil,2014
0254085,Nikolaevsk,0.000,Jet Fuel,2014
0254085,Nikolaevsk,306144.240,Natural Gas,2014
0254085,Nikolaevsk,0.000,Waste Oil,2014
0254085,Nikolaevsk,432575.000,Water at Hydroelectric Turbine,2014
0254085,Nikolaevsk,228.103,Distillate Fuel Oil,2015
0254085,Nikolaevsk,0.000,Jet Fuel,2015
0254085,Nikolaevsk,315789.997,Natural Gas,2015
0254085,Nikolaevsk,471705.000,Water at Hydroelectric Turbine,2015
0254085,Nikolaevsk,87.000,Distillate Fuel Oil,2016
0254085,Nikolaevsk,0.000,Jet Fuel,2016
0254085,Nikolaevsk,316448.000,Natural Gas,2016
0254085,Nikolaevsk,430509.000,Water at Hydroelectric Turbine,2016
0254085,Nikolaevsk,15.000,Distillate Fuel Oil,2017
0254085,Nikolaevsk,0.000,Jet Fuel,2017
0254085,Nikolaevsk,316493.000,Natural Gas,2017
0254085,Nikolaevsk,387059.000,Water at Hydroelectric Turbine,2017
0254085,Nikolaevsk,85.461,Distillate Fuel Oil,2018
0254085,Nikolaevsk,0.000,Jet Fuel,2018
0254085,Nikolaevsk,276027.539,Natural Gas,2018
0254085,Nikolaevsk,404479.000,Water at Hydroelectric Turbine,2018
0254085,Nikolaevsk,63.000,Distillate Fuel Oil,2019
0254085,Nikolaevsk,0.000,Jet Fuel,2019
0254085,Nikolaevsk,237333.000,Natural Gas,2019
0254085,Nikolaevsk,413592.000,Water at Hydroelectric Turbine,2019
0254085,Nikolaevsk,4329.915,Distillate Fuel Oil,2020
0254085,Nikolaevsk,302127.085,Natural Gas,2020
0254085,Nikolaevsk,466635.000,Water at Hydroelectric Turbine,2020
0254085,Nikolaevsk,224.000,Distillate Fuel Oil,2021
0254085,Nikolaevsk,290511.000,Natural Gas,2021
0254085,Nikolaevsk,391018.000,Water at Hydroelectric Turbine,2021
0254150,Nikolai,,,
0254260,Nikolski,84.460,Distillate Fuel Oil,2001
0254260,Nikolski,196.244,Distillate Fuel Oil,2002
0254260,Nikolski,201.828,Distillate Fuel Oil,2003
0254260,Nikolski,232.052,Distillate Fuel Oil,2004
0254260,Nikolski,249.985,Distillate Fuel Oil,2005
0254260,Nikolski,242.667,Distillate Fuel Oil,2006
0254260,Nikolski,286.739,Distillate Fuel Oil,2007
0254260,Nikolski,303.739,Distillate Fuel Oil,2008
0254260,Nikolski,290.356,Distillate Fuel Oil,2009
0254260,Nikolski,256.595,Distillate Fuel Oil,2010
0254260,Nikolski,0.993,Wind,2010
0254260,Nikolski,236.642,Distillate Fuel Oil,2011
0254260,Nikolski,0.660,Wind,2011
0254260,Nikolski,244.920,Distillate Fuel Oil,2012
0254260,Nikolski,206.884,Distillate Fuel Oil,2013
0254260,Nikolski,206.757,Distillate Fuel Oil,2014
0254260,Nikolski,201.310,Distillate Fuel Oil,2015
0254260,Nikolski,192.999,Distillate Fuel Oil,2016
0254260,Nikolski,195.172,Distillate Fuel Oil,2017
0254260,Nikolski,215.920,Distillate Fuel Oil,2018
0254260,Nikolski,204.029,Distillate Fuel Oil,2019
0254260,Nikolski,183.663,Distillate Fuel Oil,2020
0254260,Nikolski,95.368,Distillate Fuel Oil,2021
0254480,Ninilchik,490.999,Distillate Fuel Oil,2001
0254480,Ninilchik,426710.001,Natural Gas,2001
0254480,Ninilchik,345681.000,Water at Hydroelectric Turbine,2001
0254480,Ninilchik,355.740,Distillate Fuel Oil,2002
0254480,Ninilchik,473327.141,Natural Gas,2002
0254480,Ninilchik,484899.000,Water at Hydroelectric Turbine,2002
0254480,Ninilchik,243.001,Distillate Fuel Oil,2003
0254480,Ninilchik,399766.998,Natural Gas,2003
0254480,Ninilchik,500875.000,Water at Hydroelectric Turbine,2003
0254480,Ninilchik,336.702,Distillate Fuel Oil,2004
0254480,Ninilchik,398518.890,Natural Gas,2004
0254480,Ninilchik,429709.000,Water at Hydroelectric Turbine,2004
0254480,Ninilchik,235.643,Distillate Fuel Oil,2005
0254480,Ninilchik,490271.637,Natural Gas,2005
0254480,Ninilchik,452757.000,Water at Hydroelectric Turbine,2005
0254480,Ninilchik,236.000,Distillate Fuel Oil,2006
0254480,Ninilchik,2147.575,Jet Fuel,2006
0254480,Ninilchik,451056.328,Natural Gas,2006
0254480,Ninilchik,343766.000,Water at Hydroelectric Turbine,2006
0254480,Ninilchik,382.001,Distillate Fuel Oil,2007
0254480,Ninilchik,264.025,Jet Fuel,2007
0254480,Ninilchik,443609.870,Natural Gas,2007
0254480,Ninilchik,336288.000,Water at Hydroelectric Turbine,2007
0254480,Ninilchik,22.000,Distillate Fuel Oil,2008
0254480,Ninilchik,3.268,Jet Fuel,2008
0254480,Ninilchik,473626.372,Natural Gas,2008
0254480,Ninilchik,296759.000,Water at Hydroelectric Turbine,2008
0254480,Ninilchik,324.649,Distillate Fuel Oil,2009
0254480,Ninilchik,163.399,Jet Fuel,2009
0254480,Ninilchik,378362.432,Natural Gas,2009
0254480,Ninilchik,362293.410,Water at Hydroelectric Turbine,2009
0254480,Ninilchik,202.000,Distillate Fuel Oil,2010
0254480,Ninilchik,0.000,Jet Fuel,2010
0254480,Ninilchik,354378.140,Natural Gas,2010
0254480,Ninilchik,348270.970,Water at Hydroelectric Turbine,2010
0254480,Ninilchik,160.167,Distillate Fuel Oil,2011
0254480,Ninilchik,0.000,Jet Fuel,2011
0254480,Ninilchik,375394.769,Natural Gas,2011
0254480,Ninilchik,2738.304,Other Gas,2011
0254480,Ninilchik,303900.000,Water at Hydroelectric Turbine,2011
0254480,Ninilchik,214.332,Distillate Fuel Oil,2012
0254480,Ninilchik,0.000,Jet Fuel,2012
0254480,Ninilchik,355032.847,Natural Gas,2012
0254480,Ninilchik,2658.441,Other Gas,2012
0254480,Ninilchik,397373.000,Water at Hydroelectric Turbine,2012
0254480,Ninilchik,101.277,Distillate Fuel Oil,2013
0254480,Ninilchik,0.000,Jet Fuel,2013
0254480,Ninilchik,201008.184,Natural Gas,2013
0254480,Ninilchik,430.659,Waste Oil,2013
0254480,Ninilchik,368254.000,Water at Hydroelectric Turbine,2013
0254480,Ninilchik,444.000,Distillate Fuel Oil,2014
0254480,Ninilchik,0.000,Jet Fuel,2014
0254480,Ninilchik,306144.240,Natural Gas,2014
0254480,Ninilchik,0.000,Waste Oil,2014
0254480,Ninilchik,432575.000,Water at Hydroelectric Turbine,2014
0254480,Ninilchik,228.103,Distillate Fuel Oil,2015
0254480,Ninilchik,0.000,Jet Fuel,2015
0254480,Ninilchik,315789.997,Natural Gas,2015
0254480,Ninilchik,471705.000,Water at Hydroelectric Turbine,2015
0254480,Ninilchik,87.000,Distillate Fuel Oil,2016
0254480,Ninilchik,0.000,Jet Fuel,2016
0254480,Ninilchik,316448.000,Natural Gas,2016
0254480,Ninilchik,430509.000,Water at Hydroelectric Turbine,2016
0254480,Ninilchik,15.000,Distillate Fuel Oil,2017
0254480,Ninilchik,0.000,Jet Fuel,2017
0254480,Ninilchik,316493.000,Natural Gas,2017
0254480,Ninilchik,387059.000,Water at Hydroelectric Turbine,2017
0254480,Ninilchik,85.461,Distillate Fuel Oil,2018
0254480,Ninilchik,0.000,Jet Fuel,2018
0254480,Ninilchik,276027.539,Natural Gas,2018
0254480,Ninilchik,404479.000,Water at Hydroelectric Turbine,2018
0254480,Ninilchik,63.000,Distillate Fuel Oil,2019
0254480,Ninilchik,0.000,Jet Fuel,2019
0254480,Ninilchik,237333.000,Natural Gas,2019
0254480,Ninilchik,413592.000,Water at Hydroelectric Turbine,2019
0254480,Ninilchik,4329.915,Distillate Fuel Oil,2020
0254480,Ninilchik,302127.085,Natural Gas,2020
0254480,Ninilchik,466635.000,Water at Hydroelectric Turbine,2020
0254480,Ninilchik,224.000,Distillate Fuel Oil,2021
0254480,Ninilchik,290511.000,Natural Gas,2021
0254480,Ninilchik,391018.000,Water at Hydroelectric Turbine,2021
0254700,Noatak,1436.000,Distillate Fuel Oil,2001
0254700,Noatak,1471.258,Distillate Fuel Oil,2002
0254700,Noatak,1470.960,Distillate Fuel Oil,2003
0254700,Noatak,1526.439,Distillate Fuel Oil,2004
0254700,Noatak,1488.886,Distillate Fuel Oil,2005
0254700,Noatak,1487.584,Distillate Fuel Oil,2006
0254700,Noatak,1586.153,Distillate Fuel Oil,2007
0254700,Noatak,1965.006,Distillate Fuel Oil,2008
0254700,Noatak,1841.499,Distillate Fuel Oil,2009
0254700,Noatak,1842.573,Distillate Fuel Oil,2010
0254700,Noatak,1805.898,Distillate Fuel Oil,2011
0254700,Noatak,1906.824,Distillate Fuel Oil,2012
0254700,Noatak,1917.860,Distillate Fuel Oil,2013
0254700,Noatak,1791.850,Distillate Fuel Oil,2014
0254700,Noatak,1837.843,Distillate Fuel Oil,2015
0254700,Noatak,1852.883,Distillate Fuel Oil,2016
0254700,Noatak,1860.923,Distillate Fuel Oil,2017
0254700,Noatak,1941.352,Distillate Fuel Oil,2018
0254700,Noatak,1864.849,Distillate Fuel Oil,2019
0254700,Noatak,1870.753,Distillate Fuel Oil,2020
0254700,Noatak,1852.771,Distillate Fuel Oil,2021
0254920,Nome,27837.001,Distillate Fuel Oil,2001
0254920,Nome,28550.805,Distillate Fuel Oil,2002
0254920,Nome,29263.152,Distillate Fuel Oil,2003
0254920,Nome,30356.797,Distillate Fuel Oil,2004
0254920,Nome,30227.434,Distillate Fuel Oil,2005
0254920,Nome,30212.279,Distillate Fuel Oil,2006
0254920,Nome,30864.520,Distillate Fuel Oil,2007
0254920,Nome,41552.529,Distillate Fuel Oil,2008
0254920,Nome,35536.526,Distillate Fuel Oil,2009
0254920,Nome,221.220,Wind,2009
0254920,Nome,36008.706,Distillate Fuel Oil,2010
0254920,Nome,808.545,Wind,2010
0254920,Nome,35016.657,Distillate Fuel Oil,2011
0254920,Nome,955.148,Wind,2011
0254920,Nome,35951.028,Distillate Fuel Oil,2012
0254920,Nome,1051.843,Wind,2012
0254920,Nome,33976.007,Distillate Fuel Oil,2013
0254920,Nome,1172.492,Wind,2013
0254920,Nome,30761.978,Distillate Fuel Oil,2014
0254920,Nome,985.501,Wind,2014
0254920,Nome,29764.067,Distillate Fuel Oil,2015
0254920,Nome,1813.801,Wind,2015
0254920,Nome,29455.264,Distillate Fuel Oil,2016
0254920,Nome,1726.729,Wind,2016
0254920,Nome,29914.516,Distillate Fuel Oil,2017
0254920,Nome,1907.363,Wind,2017
0254920,Nome,28959.577,Distillate Fuel Oil,2018
0254920,Nome,2102.643,Wind,2018
0254920,Nome,28959.260,Distillate Fuel Oil,2019
0254920,Nome,2347.980,Wind,2019
0254920,Nome,29118.527,Distillate Fuel Oil,2020
0254920,Nome,2399.937,Wind,2020
0254920,Nome,30208.678,Distillate Fuel Oil,2021
0254920,Nome,2026.204,Wind,2021
0255030,Nondalton,229.800,Distillate Fuel Oil,2001
0255030,Nondalton,1316.126,Water at Hydroelectric Turbine,2001
0255030,Nondalton,928.665,Distillate Fuel Oil,2002
0255030,Nondalton,2290.364,Water at Hydroelectric Turbine,2002
0255030,Nondalton,578.890,Distillate Fuel Oil,2003
0255030,Nondalton,2397.443,Water at Hydroelectric Turbine,2003
0255030,Nondalton,930.890,Distillate Fuel Oil,2004
0255030,Nondalton,2292.605,Water at Hydroelectric Turbine,2004
0255030,Nondalton,575.036,Distillate Fuel Oil,2005
0255030,Nondalton,2444.735,Water at Hydroelectric Turbine,2005
0255030,Nondalton,1266.396,Distillate Fuel Oil,2006
0255030,Nondalton,2239.695,Water at Hydroelectric Turbine,2006
0255030,Nondalton,419.750,Distillate Fuel Oil,2007
0255030,Nondalton,3188.179,Water at Hydroelectric Turbine,2007
0255030,Nondalton,610.959,Distillate Fuel Oil,2008
0255030,Nondalton,3244.407,Water at Hydroelectric Turbine,2008
0255030,Nondalton,821.156,Distillate Fuel Oil,2009
0255030,Nondalton,2726.926,Water at Hydroelectric Turbine,2009
0255030,Nondalton,461.235,Distillate Fuel Oil,2010
0255030,Nondalton,3005.462,Water at Hydroelectric Turbine,2010
0255030,Nondalton,80.160,Distillate Fuel Oil,2011
0255030,Nondalton,3007.376,Water at Hydroelectric Turbine,2011
0255030,Nondalton,74.739,Distillate Fuel Oil,2012
0255030,Nondalton,4259.727,Water at Hydroelectric Turbine,2012
0255030,Nondalton,76.254,Distillate Fuel Oil,2013
0255030,Nondalton,4048.161,Water at Hydroelectric Turbine,2013
0255030,Nondalton,17.856,Distillate Fuel Oil,2014
0255030,Nondalton,3908.007,Water at Hydroelectric Turbine,2014
0255030,Nondalton,34.376,Distillate Fuel Oil,2015
0255030,Nondalton,3746.996,Water at Hydroelectric Turbine,2015
0255030,Nondalton,78.530,Distillate Fuel Oil,2016
0255030,Nondalton,3539.570,Water at Hydroelectric Turbine,2016
0255030,Nondalton,40.174,Distillate Fuel Oil,2017
0255030,Nondalton,3600.836,Water at Hydroelectric Turbine,2017
0255030,Nondalton,81.610,Distillate Fuel Oil,2018
0255030,Nondalton,3627.470,Water at Hydroelectric Turbine,2018
0255030,Nondalton,69.120,Distillate Fuel Oil,2019
0255030,Nondalton,3677.440,Water at Hydroelectric Turbine,2019
0255030,Nondalton,24.080,Distillate Fuel Oil,2020
0255030,Nondalton,3848.630,Water at Hydroelectric Turbine,2020
0255030,Nondalton,159.790,Distillate Fuel Oil,2021
0255030,Nondalton,3674.140,Water at Hydroelectric Turbine,2021
0255140,Noorvik,2138.838,Distillate Fuel Oil,2002
0255140,Noorvik,2067.229,Distillate Fuel Oil,2003
0255140,Noorvik,1990.683,Distillate Fuel Oil,2004
0255140,Noorvik,1917.235,Distillate Fuel Oil,2005
0255140,Noorvik,1978.674,Distillate Fuel Oil,2006
0255140,Noorvik,2008.285,Distillate Fuel Oil,2007
0255140,Noorvik,2032.937,Distillate Fuel Oil,2008
0255140,Noorvik,2076.336,Distillate Fuel Oil,2009
0255140,Noorvik,2035.999,Distillate Fuel Oil,2010
0255140,Noorvik,2034.128,Distillate Fuel Oil,2011
0255140,Noorvik,2037.922,Distillate Fuel Oil,2012
0255140,Noorvik,1958.200,Distillate Fuel Oil,2013
0255140,Noorvik,1863.790,Distillate Fuel Oil,2014
0255140,Noorvik,1976.306,Distillate Fuel Oil,2015
0255140,Noorvik,1893.380,Distillate Fuel Oil,2016
0255140,Noorvik,1933.148,Distillate Fuel Oil,2017
0255140,Noorvik,15.576,Solar,2017
0255140,Noorvik,2000.855,Distillate Fuel Oil,2018
0255140,Noorvik,11.499,Solar,2018
0255140,Noorvik,1973.077,Distillate Fuel Oil,2019
0255140,Noorvik,8.577,Solar,2019
0255140,Noorvik,1956.735,Distillate Fuel Oil,2020
0255140,Noorvik,12.355,Solar,2020
0255140,Noorvik,1963.121,Distillate Fuel Oil,2021
0255140,Noorvik,12.542,Solar,2021
0255745,North Lakes,146252.000,Water at Hydroelectric Turbine,2001
0255745,North Lakes,161266.000,Water at Hydroelectric Turbine,2002
0255745,North Lakes,177204.000,Water at Hydroelectric Turbine,2003
0255745,North Lakes,173604.000,Water at Hydroelectric Turbine,2004
0255745,North Lakes,134178.000,Water at Hydroelectric Turbine,2005
0255745,North Lakes,66807.000,Water at Hydroelectric Turbine,2006
0255745,North Lakes,62105.000,Water at Hydroelectric Turbine,2007
0255745,North Lakes,57824.000,Water at Hydroelectric Turbine,2008
0255745,North Lakes,57056.000,Water at Hydroelectric Turbine,2009
0255745,North Lakes,74203.000,Water at Hydroelectric Turbine,2010
0255745,North Lakes,66088.000,Water at Hydroelectric Turbine,2011
0255745,North Lakes,71126.000,Water at Hydroelectric Turbine,2012
0255745,North Lakes,45541.199,Landfill Gas,2013
0255745,North Lakes,38.801,Natural Gas,2013
0255745,North Lakes,89936.000,Water at Hydroelectric Turbine,2013
0255745,North Lakes,56165.769,Landfill Gas,2014
0255745,North Lakes,1.231,Natural Gas,2014
0255745,North Lakes,83110.000,Water at Hydroelectric Turbine,2014
0255745,North Lakes,0.000,Distillate Fuel Oil,2015
0255745,North Lakes,50131.473,Landfill Gas,2015
0255745,North Lakes,476985.527,Natural Gas,2015
0255745,North Lakes,92243.000,Water at Hydroelectric Turbine,2015
0255745,North Lakes,0.000,Distillate Fuel Oil,2016
0255745,North Lakes,42514.846,Landfill Gas,2016
0255745,North Lakes,819047.154,Natural Gas,2016
0255745,North Lakes,76916.000,Water at Hydroelectric Turbine,2016
0255745,North Lakes,0.000,Distillate Fuel Oil,2017
0255745,North Lakes,42184.516,Landfill Gas,2017
0255745,North Lakes,750519.484,Natural Gas,2017
0255745,North Lakes,119240.000,Water at Hydroelectric Turbine,2017
0255745,North Lakes,0.000,Distillate Fuel Oil,2018
0255745,North Lakes,42684.134,Landfill Gas,2018
0255745,North Lakes,615054.866,Natural Gas,2018
0255745,North Lakes,168115.000,Water at Hydroelectric Turbine,2018
0255745,North Lakes,0.000,Distillate Fuel Oil,2019
0255745,North Lakes,36884.461,Landfill Gas,2019
0255745,North Lakes,723828.539,Natural Gas,2019
0255745,North Lakes,190971.000,Water at Hydroelectric Turbine,2019
0255745,North Lakes,38945.273,Landfill Gas,2020
0255745,North Lakes,729105.727,Natural Gas,2020
0255745,North Lakes,170181.000,Water at Hydroelectric Turbine,2020
0255745,North Lakes,38070.956,Landfill Gas,2021
0255745,North Lakes,678574.044,Natural Gas,2021
0255745,North Lakes,139994.000,Water at Hydroelectric Turbine,2021
0255745,North Lakes,,,
0255910,North Pole,320199.883,Coal,2001
0255910,North Pole,10180.000,Distillate Fuel Oil,2001
0255910,North Pole,579967.000,Residual Fuel Oil,2001
0255910,North Pole,481090.841,Coal,2002
0255910,North Pole,17426.909,Distillate Fuel Oil,2002
0255910,North Pole,546300.000,Residual Fuel Oil,2002
0255910,North Pole,32.000,Waste Oil,2002
0255910,North Pole,1031.000,Wood Waste Solids,2002
0255910,North Pole,456747.980,Coal,2003
0255910,North Pole,6308.990,Distillate Fuel Oil,2003
0255910,North Pole,453733.000,Residual Fuel Oil,2003
0255910,North Pole,64.000,Waste Oil,2003
0255910,North Pole,758.001,Wood Waste Solids,2003
0255910,North Pole,519938.432,Coal,2004
0255910,North Pole,9963.938,Distillate Fuel Oil,2004
0255910,North Pole,360379.000,Residual Fuel Oil,2004
0255910,North Pole,0.000,Waste Oil,2004
0255910,North Pole,388.500,Wood Waste Solids,2004
0255910,North Pole,525017.007,Coal,2005
0255910,North Pole,2907.565,Distillate Fuel Oil,2005
0255910,North Pole,360562.000,Residual Fuel Oil,2005
0255910,North Pole,0.000,Waste Oil,2005
0255910,North Pole,382.565,Wood Waste Solids,2005
0255910,North Pole,532341.253,Coal,2006
0255910,North Pole,3215.258,Distillate Fuel Oil,2006
0255910,North Pole,337599.000,Residual Fuel Oil,2006
0255910,North Pole,0.000,Waste Oil,2006
0255910,North Pole,515.509,Wood Waste Solids,2006
0255910,North Pole,538127.163,Coal,2007
0255910,North Pole,5102.496,Distillate Fuel Oil,2007
0255910,North Pole,284406.908,Jet Fuel,2007
0255910,North Pole,436.577,Natural Gas,2007
0255910,North Pole,266301.606,Residual Fuel Oil,2007
0255910,North Pole,0.000,Waste Oil,2007
0255910,North Pole,21.755,Wood Waste Solids,2007
0255910,North Pole,512423.237,Coal,2008
0255910,North Pole,5916.308,Distillate Fuel Oil,2008
0255910,North Pole,387339.730,Jet Fuel,2008
0255910,North Pole,0.000,Natural Gas,2008
0255910,North Pole,126668.178,Residual Fuel Oil,2008
0255910,North Pole,0.000,Wood Waste Solids,2008
0255910,North Pole,515890.711,Coal,2009
0255910,North Pole,7005.089,Distillate Fuel Oil,2009
0255910,North Pole,370545.007,Jet Fuel,2009
0255910,North Pole,0.000,Natural Gas,2009
0255910,North Pole,343136.891,Residual Fuel Oil,2009
0255910,North Pole,463538.211,Coal,2010
0255910,North Pole,7652.130,Distillate Fuel Oil,2010
0255910,North Pole,0.000,Jet Fuel,2010
0255910,North Pole,639.868,Natural Gas,2010
0255910,North Pole,192178.603,Residual Fuel Oil,2010
0255910,North Pole,423964.882,Coal,2011
0255910,North Pole,3653.416,Distillate Fuel Oil,2011
0255910,North Pole,155547.000,Jet Fuel,2011
0255910,North Pole,2837.823,Natural Gas,2011
0255910,North Pole,102593.325,Residual Fuel Oil,2011
0255910,North Pole,463815.730,Coal,2012
0255910,North Pole,5994.123,Distillate Fuel Oil,2012
0255910,North Pole,197942.000,Jet Fuel,2012
0255910,North Pole,2683.523,Natural Gas,2012
0255910,North Pole,175535.364,Residual Fuel Oil,2012
0255910,North Pole,374005.564,Coal,2013
0255910,North Pole,3916.995,Distillate Fuel Oil,2013
0255910,North Pole,91958.000,Jet Fuel,2013
0255910,North Pole,5000.441,Natural Gas,2013
0255910,North Pole,33991.362,Residual Fuel Oil,2013
0255910,North Pole,72610.000,Wind,2013
0255910,North Pole,0.000,Wood Waste Solids,2013
0255910,North Pole,376282.303,Coal,2014
0255910,North Pole,1508.242,Distillate Fuel Oil,2014
0255910,North Pole,131279.730,Jet Fuel,2014
0255910,North Pole,2161.112,Natural Gas,2014
0255910,North Pole,47426.548,Residual Fuel Oil,2014
0255910,North Pole,76279.000,Wind,2014
0255910,North Pole,0.000,Wood Waste Solids,2014
0255910,North Pole,432567.508,Coal,2015
0255910,North Pole,14837.204,Distillate Fuel Oil,2015
0255910,North Pole,0.000,Jet Fuel,2015
0255910,North Pole,0.000,Natural Gas,2015
0255910,North Pole,48522.553,Residual Fuel Oil,2015
0255910,North Pole,163960.164,Waste Oil,2015
0255910,North Pole,76784.000,Wind,2015
0255910,North Pole,0.000,Wood Waste Solids,2015
0255910,North Pole,395864.156,Coal,2016
0255910,North Pole,46782.391,Distillate Fuel Oil,2016
0255910,North Pole,-2392.000,Electricity used for Energy Storage,2016
0255910,North Pole,0.000,Jet Fuel,2016
0255910,North Pole,1129.934,Natural Gas,2016
0255910,North Pole,0.000,Residual Fuel Oil,2016
0255910,North Pole,48474.738,Waste Oil,2016
0255910,North Pole,78291.000,Wind,2016
0255910,North Pole,0.000,Wood Waste Solids,2016
0255910,North Pole,356409.011,Coal,2017
0255910,North Pole,70874.044,Distillate Fuel Oil,2017
0255910,North Pole,-2711.000,Electricity used for Energy Storage,2017
0255910,North Pole,0.000,Jet Fuel,2017
0255910,North Pole,554.666,Natural Gas,2017
0255910,North Pole,0.000,Residual Fuel Oil,2017
0255910,North Pole,144787.681,Waste Oil,2017
0255910,North Pole,64121.000,Wind,2017
0255910,North Pole,0.000,Wood Waste Solids,2017
0255910,North Pole,392019.635,Coal,2018
0255910,North Pole,64419.043,Distillate Fuel Oil,2018
0255910,North Pole,-2428.000,Electricity used for Energy Storage,2018
0255910,North Pole,0.000,Jet Fuel,2018
0255910,North Pole,0.000,Natural Gas,2018
0255910,North Pole,0.000,Residual Fuel Oil,2018
0255910,North Pole,82114.648,Waste Oil,2018
0255910,North Pole,70012.000,Wind,2018
0255910,North Pole,0.000,Wood Waste Solids,2018
0255910,North Pole,0.000,Agricultural By-Products,2019
0255910,North Pole,481171.537,Coal,2019
0255910,North Pole,28027.598,Distillate Fuel Oil,2019
0255910,North Pole,-3280.000,Electricity used for Energy Storage,2019
0255910,North Pole,2627.119,Jet Fuel,2019
0255910,North Pole,0.080,Natural Gas,2019
0255910,North Pole,0.000,Residual Fuel Oil,2019
0255910,North Pole,164462.097,Waste Oil,2019
0255910,North Pole,64076.000,Wind,2019
0255910,North Pole,0.000,Wood Waste Solids,2019
0255910,North Pole,466648.747,Coal,2020
0255910,North Pole,153461.063,Distillate Fuel Oil,2020
0255910,North Pole,-2810.000,Electricity used for Energy Storage,2020
0255910,North Pole,2081.775,Jet Fuel,2020
0255910,North Pole,6.054,Natural Gas,2020
0255910,North Pole,211433.728,Waste Oil,2020
0255910,North Pole,49937.000,Wind,2020
0255910,North Pole,503966.256,Coal,2021
0255910,North Pole,88907.304,Distillate Fuel Oil,2021
0255910,North Pole,-3433.000,Electricity used for Energy Storage,2021
0255910,North Pole,671.883,Jet Fuel,2021
0255910,North Pole,3.471,Natural Gas,2021
0255910,North Pole,184970.610,Waste Oil,2021
0255910,North Pole,60302.000,Wind,2021
0255910,North Pole,,,
0256220,Northway,1557.000,Distillate Fuel Oil,2001
0256220,Northway,1558.268,Distillate Fuel Oil,2002
0256220,Northway,1619.475,Distillate Fuel Oil,2003
0256220,Northway,1505.784,Distillate Fuel Oil,2004
0256220,Northway,1422.779,Distillate Fuel Oil,2005
0256220,Northway,1438.318,Distillate Fuel Oil,2006
0256220,Northway,1376.229,Distillate Fuel Oil,2007
0256220,Northway,1458.459,Distillate Fuel Oil,2008
0256220,Northway,1409.993,Distillate Fuel Oil,2009
0256220,Northway,1287.701,Distillate Fuel Oil,2010
0256220,Northway,1298.122,Distillate Fuel Oil,2011
0256220,Northway,1289.600,Distillate Fuel Oil,2012
0256220,Northway,1248.000,Distillate Fuel Oil,2013
0256220,Northway,1169.600,Distillate Fuel Oil,2014
0256220,Northway,1156.800,Distillate Fuel Oil,2015
0256220,Northway,1124.801,Distillate Fuel Oil,2016
0256220,Northway,1159.999,Distillate Fuel Oil,2017
0256220,Northway,1116.799,Distillate Fuel Oil,2018
0256220,Northway,1041.601,Distillate Fuel Oil,2019
0256220,Northway,1102.400,Distillate Fuel Oil,2020
0256220,Northway,1096.000,Distillate Fuel Oil,2021
0256320,Nuiqsut,2237.610,Distillate Fuel Oil,2001
0256320,Nuiqsut,5057.527,Distillate Fuel Oil,2002
0256320,Nuiqsut,5250.288,Distillate Fuel Oil,2003
0256320,Nuiqsut,5174.156,Distillate Fuel Oil,2004
0256320,Nuiqsut,4766.589,Distillate Fuel Oil,2005
0256320,Nuiqsut,4856.475,Distillate Fuel Oil,2006
0256320,Nuiqsut,3999.999,Distillate Fuel Oil,2007
0256320,Nuiqsut,4319.000,Distillate Fuel Oil,2008
0256320,Nuiqsut,396.000,Natural Gas,2008
0256320,Nuiqsut,543.000,Distillate Fuel Oil,2009
0256320,Nuiqsut,4159.000,Natural Gas,2009
0256320,Nuiqsut,1753.538,Distillate Fuel Oil,2011
0256320,Nuiqsut,1475.462,Natural Gas,2011
0256320,Nuiqsut,2047.181,Distillate Fuel Oil,2012
0256320,Nuiqsut,1416.819,Natural Gas,2012
0256320,Nuiqsut,1235.855,Distillate Fuel Oil,2013
0256320,Nuiqsut,4688.145,Natural Gas,2013
0256320,Nuiqsut,886.390,Distillate Fuel Oil,2014
0256320,Nuiqsut,5711.610,Natural Gas,2014
0256320,Nuiqsut,392.256,Distillate Fuel Oil,2015
0256320,Nuiqsut,6250.744,Natural Gas,2015
0256320,Nuiqsut,414.264,Distillate Fuel Oil,2016
0256320,Nuiqsut,5934.736,Natural Gas,2016
0256320,Nuiqsut,560.920,Distillate Fuel Oil,2017
0256320,Nuiqsut,6226.080,Natural Gas,2017
0256320,Nuiqsut,925.740,Distillate Fuel Oil,2018
0256320,Nuiqsut,5854.260,Natural Gas,2018
0256320,Nuiqsut,1675.120,Distillate Fuel Oil,2019
0256320,Nuiqsut,5226.880,Natural Gas,2019
0256320,Nuiqsut,1201.292,Distillate Fuel Oil,2020
0256320,Nuiqsut,3888.708,Natural Gas,2020
0256320,Nuiqsut,2663.882,Distillate Fuel Oil,2021
0256320,Nuiqsut,4665.118,Natural Gas,2021
0256350,Nulato,1093.000,Distillate Fuel Oil,2001
0256350,Nulato,1139.885,Distillate Fuel Oil,2002
0256350,Nulato,1129.411,Distillate Fuel Oil,2003
0256350,Nulato,1171.881,Distillate Fuel Oil,2004
0256350,Nulato,1121.441,Distillate Fuel Oil,2005
0256350,Nulato,1101.149,Distillate Fuel Oil,2006
0256350,Nulato,1082.945,Distillate Fuel Oil,2007
0256350,Nulato,1070.020,Distillate Fuel Oil,2008
0256350,Nulato,1053.128,Distillate Fuel Oil,2009
0256350,Nulato,1089.216,Distillate Fuel Oil,2010
0256350,Nulato,1129.448,Distillate Fuel Oil,2011
0256350,Nulato,1085.665,Distillate Fuel Oil,2012
0256350,Nulato,1053.278,Distillate Fuel Oil,2013
0256350,Nulato,1002.902,Distillate Fuel Oil,2014
0256350,Nulato,985.130,Distillate Fuel Oil,2015
0256350,Nulato,1046.427,Distillate Fuel Oil,2016
0256350,Nulato,1037.729,Distillate Fuel Oil,2017
0256350,Nulato,975.183,Distillate Fuel Oil,2018
0256350,Nulato,1000.495,Distillate Fuel Oil,2019
0256350,Nulato,1054.759,Distillate Fuel Oil,2020
0256350,Nulato,1070.917,Distillate Fuel Oil,2021
0256600,Nunam Iqua,310.732,Distillate Fuel Oil,2001
0256600,Nunam Iqua,642.275,Distillate Fuel Oil,2002
0256600,Nunam Iqua,701.603,Distillate Fuel Oil,2003
0256600,Nunam Iqua,643.835,Distillate Fuel Oil,2004
0256600,Nunam Iqua,599.933,Distillate Fuel Oil,2005
0256600,Nunam Iqua,683.476,Distillate Fuel Oil,2006
0256600,Nunam Iqua,753.420,Distillate Fuel Oil,2007
0256600,Nunam Iqua,875.797,Distillate Fuel Oil,2008
0256600,Nunam Iqua,879.223,Distillate Fuel Oil,2009
0256600,Nunam Iqua,854.761,Distillate Fuel Oil,2010
0256600,Nunam Iqua,854.473,Distillate Fuel Oil,2011
0256600,Nunam Iqua,903.745,Distillate Fuel Oil,2012
0256600,Nunam Iqua,932.689,Distillate Fuel Oil,2013
0256600,Nunam Iqua,909.070,Distillate Fuel Oil,2014
0256600,Nunam Iqua,885.866,Distillate Fuel Oil,2015
0256600,Nunam Iqua,766.044,Distillate Fuel Oil,2016
0256600,Nunam Iqua,784.261,Distillate Fuel Oil,2017
0256600,Nunam Iqua,773.081,Distillate Fuel Oil,2018
0256600,Nunam Iqua,792.106,Distillate Fuel Oil,2019
0256600,Nunam Iqua,830.847,Distillate Fuel Oil,2020
0256600,Nunam Iqua,869.134,Distillate Fuel Oil,2021
0256680,Nunapitchuk,2426.363,Distillate Fuel Oil,2002
0256680,Nunapitchuk,2548.817,Distillate Fuel Oil,2003
0256680,Nunapitchuk,2606.559,Distillate Fuel Oil,2004
0256680,Nunapitchuk,2584.819,Distillate Fuel Oil,2005
0256680,Nunapitchuk,2589.190,Distillate Fuel Oil,2006
0256680,Nunapitchuk,211.168,Wind,2006
0256680,Nunapitchuk,2150.090,Distillate Fuel Oil,2007
0256680,Nunapitchuk,414.334,Wind,2007
0256680,Nunapitchuk,2191.980,Distillate Fuel Oil,2008
0256680,Nunapitchuk,615.986,Wind,2008
0256680,Nunapitchuk,2122.075,Distillate Fuel Oil,2009
0256680,Nunapitchuk,647.026,Wind,2009
0256680,Nunapitchuk,2297.755,Distillate Fuel Oil,2010
0256680,Nunapitchuk,653.647,Wind,2010
0256680,Nunapitchuk,2363.735,Distillate Fuel Oil,2011
0256680,Nunapitchuk,496.850,Wind,2011
0256680,Nunapitchuk,2589.663,Distillate Fuel Oil,2012
0256680,Nunapitchuk,517.694,Wind,2012
0256680,Nunapitchuk,2523.746,Distillate Fuel Oil,2013
0256680,Nunapitchuk,562.030,Wind,2013
0256680,Nunapitchuk,2708.255,Distillate Fuel Oil,2014
0256680,Nunapitchuk,390.042,Wind,2014
0256680,Nunapitchuk,2749.219,Distillate Fuel Oil,2015
0256680,Nunapitchuk,378.784,Wind,2015
0256680,Nunapitchuk,2494.090,Distillate Fuel Oil,2016
0256680,Nunapitchuk,579.794,Wind,2016
0256680,Nunapitchuk,2698.645,Distillate Fuel Oil,2017
0256680,Nunapitchuk,379.604,Wind,2017
0256680,Nunapitchuk,2594.833,Distillate Fuel Oil,2018
0256680,Nunapitchuk,397.908,Wind,2018
0256680,Nunapitchuk,2697.897,Distillate Fuel Oil,2019
0256680,Nunapitchuk,276.880,Wind,2019
0256680,Nunapitchuk,2681.203,Distillate Fuel Oil,2020
0256680,Nunapitchuk,396.545,Wind,2020
0256680,Nunapitchuk,2467.031,Distillate Fuel Oil,2021
0256680,Nunapitchuk,322.363,Wind,2021
0257340,Old Harbor,709.000,Distillate Fuel Oil,2001
0257340,Old Harbor,750.048,Distillate Fuel Oil,2002
0257340,Old Harbor,762.718,Distillate Fuel Oil,2003
0257340,Old Harbor,788.074,Distillate Fuel Oil,2004
0257340,Old Harbor,741.425,Distillate Fuel Oil,2005
0257340,Old Harbor,751.425,Distillate Fuel Oil,2006
0257340,Old Harbor,723.717,Distillate Fuel Oil,2007
0257340,Old Harbor,712.616,Distillate Fuel Oil,2008
0257340,Old Harbor,730.154,Distillate Fuel Oil,2009
0257340,Old Harbor,807.246,Distillate Fuel Oil,2010
0257340,Old Harbor,802.705,Distillate Fuel Oil,2011
0257340,Old Harbor,882.803,Distillate Fuel Oil,2012
0257340,Old Harbor,860.307,Distillate Fuel Oil,2013
0257340,Old Harbor,850.111,Distillate Fuel Oil,2014
0257340,Old Harbor,835.282,Distillate Fuel Oil,2015
0257340,Old Harbor,869.528,Distillate Fuel Oil,2016
0257340,Old Harbor,862.400,Distillate Fuel Oil,2017
0257340,Old Harbor,809.976,Distillate Fuel Oil,2018
0257340,Old Harbor,759.839,Distillate Fuel Oil,2019
0257340,Old Harbor,800.502,Distillate Fuel Oil,2020
0257340,Old Harbor,808.805,Distillate Fuel Oil,2021
0258330,Oscarville,21296.000,Distillate Fuel Oil,2001
0258330,Oscarville,41564.800,Distillate Fuel Oil,2002
0258330,Oscarville,42944.000,Distillate Fuel Oil,2003
0258330,Oscarville,43622.400,Distillate Fuel Oil,2004
0258330,Oscarville,43030.400,Distillate Fuel Oil,2005
0258330,Oscarville,42169.600,Distillate Fuel Oil,2006
0258330,Oscarville,42358.400,Distillate Fuel Oil,2007
0258330,Oscarville,42342.400,Distillate Fuel Oil,2008
0258330,Oscarville,41718.400,Distillate Fuel Oil,2009
0258330,Oscarville,42556.800,Distillate Fuel Oil,2010
0258330,Oscarville,42409.600,Distillate Fuel Oil,2011
0258330,Oscarville,44841.600,Distillate Fuel Oil,2012
0258330,Oscarville,43251.200,Distillate Fuel Oil,2013
0258330,Oscarville,42645.600,Distillate Fuel Oil,2014
0258330,Oscarville,42481.800,Distillate Fuel Oil,2015
0258330,Oscarville,41975.000,Distillate Fuel Oil,2016
0258330,Oscarville,42044.000,Distillate Fuel Oil,2017
0258330,Oscarville,41814.295,Distillate Fuel Oil,2018
0258330,Oscarville,212.732,Wind,2018
0258330,Oscarville,42283.041,Distillate Fuel Oil,2019
0258330,Oscarville,1121.743,Wind,2019
0258330,Oscarville,42396.910,Distillate Fuel Oil,2020
0258330,Oscarville,1346.765,Wind,2020
0258330,Oscarville,41601.500,Distillate Fuel Oil,2021
0258330,Oscarville,1340.568,Wind,2021
0258550,Ouzinkie,187.562,Distillate Fuel Oil,2001
0258550,Ouzinkie,190.490,Water at Hydroelectric Turbine,2001
0258550,Ouzinkie,368.027,Distillate Fuel Oil,2002
0258550,Ouzinkie,427.774,Water at Hydroelectric Turbine,2002
0258550,Ouzinkie,430.223,Distillate Fuel Oil,2003
0258550,Ouzinkie,339.200,Water at Hydroelectric Turbine,2003
0258550,Ouzinkie,506.472,Distillate Fuel Oil,2004
0258550,Ouzinkie,388.160,Water at Hydroelectric Turbine,2004
0258550,Ouzinkie,496.020,Distillate Fuel Oil,2005
0258550,Ouzinkie,356.480,Water at Hydroelectric Turbine,2005
0258550,Ouzinkie,549.552,Distillate Fuel Oil,2006
0258550,Ouzinkie,267.996,Water at Hydroelectric Turbine,2006
0258550,Ouzinkie,378.113,Distillate Fuel Oil,2007
0258550,Ouzinkie,260.915,Water at Hydroelectric Turbine,2007
0258550,Ouzinkie,477.495,Water at Hydroelectric Turbine,2008
0258550,Ouzinkie,308.487,Water at Hydroelectric Turbine,2009
0258550,Ouzinkie,378.126,Water at Hydroelectric Turbine,2010
0258550,Ouzinkie,366.053,Water at Hydroelectric Turbine,2011
0258550,Ouzinkie,240.313,Distillate Fuel Oil,2012
0258550,Ouzinkie,200.191,Water at Hydroelectric Turbine,2012
0258550,Ouzinkie,473.685,Distillate Fuel Oil,2013
0258550,Ouzinkie,326.846,Water at Hydroelectric Turbine,2013
0258550,Ouzinkie,676.226,Distillate Fuel Oil,2014
0258550,Ouzinkie,142.871,Water at Hydroelectric Turbine,2014
0258550,Ouzinkie,366.091,Distillate Fuel Oil,2015
0258550,Ouzinkie,401.256,Water at Hydroelectric Turbine,2015
0258550,Ouzinkie,294.551,Distillate Fuel Oil,2016
0258550,Ouzinkie,446.965,Water at Hydroelectric Turbine,2016
0258550,Ouzinkie,373.259,Distillate Fuel Oil,2017
0258550,Ouzinkie,350.200,Water at Hydroelectric Turbine,2017
0258550,Ouzinkie,397.574,Distillate Fuel Oil,2018
0258550,Ouzinkie,276.468,Water at Hydroelectric Turbine,2018
0258550,Ouzinkie,400.546,Distillate Fuel Oil,2019
0258550,Ouzinkie,271.390,Water at Hydroelectric Turbine,2019
0258550,Ouzinkie,572.519,Distillate Fuel Oil,2020
0258550,Ouzinkie,113.600,Water at Hydroelectric Turbine,2020
0258550,Ouzinkie,668.290,Distillate Fuel Oil,2021
0258660,Palmer,146252.000,Water at Hydroelectric Turbine,2001
0258660,Palmer,161266.000,Water at Hydroelectric Turbine,2002
0258660,Palmer,177204.000,Water at Hydroelectric Turbine,2003
0258660,Palmer,173604.000,Water at Hydroelectric Turbine,2004
0258660,Palmer,134178.000,Water at Hydroelectric Turbine,2005
0258660,Palmer,66807.000,Water at Hydroelectric Turbine,2006
0258660,Palmer,62105.000,Water at Hydroelectric Turbine,2007
0258660,Palmer,57824.000,Water at Hydroelectric Turbine,2008
0258660,Palmer,57056.000,Water at Hydroelectric Turbine,2009
0258660,Palmer,74203.000,Water at Hydroelectric Turbine,2010
0258660,Palmer,66088.000,Water at Hydroelectric Turbine,2011
0258660,Palmer,71126.000,Water at Hydroelectric Turbine,2012
0258660,Palmer,45541.199,Landfill Gas,2013
0258660,Palmer,38.801,Natural Gas,2013
0258660,Palmer,89936.000,Water at Hydroelectric Turbine,2013
0258660,Palmer,56165.769,Landfill Gas,2014
0258660,Palmer,1.231,Natural Gas,2014
0258660,Palmer,83110.000,Water at Hydroelectric Turbine,2014
0258660,Palmer,0.000,Distillate Fuel Oil,2015
0258660,Palmer,50131.473,Landfill Gas,2015
0258660,Palmer,476985.527,Natural Gas,2015
0258660,Palmer,92243.000,Water at Hydroelectric Turbine,2015
0258660,Palmer,0.000,Distillate Fuel Oil,2016
0258660,Palmer,42514.846,Landfill Gas,2016
0258660,Palmer,819047.154,Natural Gas,2016
0258660,Palmer,76916.000,Water at Hydroelectric Turbine,2016
0258660,Palmer,0.000,Distillate Fuel Oil,2017
0258660,Palmer,42184.516,Landfill Gas,2017
0258660,Palmer,750519.484,Natural Gas,2017
0258660,Palmer,119240.000,Water at Hydroelectric Turbine,2017
0258660,Palmer,0.000,Distillate Fuel Oil,2018
0258660,Palmer,42684.134,Landfill Gas,2018
0258660,Palmer,615054.866,Natural Gas,2018
0258660,Palmer,168115.000,Water at Hydroelectric Turbine,2018
0258660,Palmer,0.000,Distillate Fuel Oil,2019
0258660,Palmer,36884.461,Landfill Gas,2019
0258660,Palmer,723828.539,Natural Gas,2019
0258660,Palmer,190971.000,Water at Hydroelectric Turbine,2019
0258660,Palmer,38945.273,Landfill Gas,2020
0258660,Palmer,729105.727,Natural Gas,2020
0258660,Palmer,170181.000,Water at Hydroelectric Turbine,2020
0258660,Palmer,38070.956,Landfill Gas,2021
0258660,Palmer,678574.044,Natural Gas,2021
0258660,Palmer,139994.000,Water at Hydroelectric Turbine,2021
0258660,Palmer,,,
0259320,Paxson,,,
0259540,Pedro Bay,185.922,Distillate Fuel Oil,2001
0259540,Pedro Bay,222.012,Distillate Fuel Oil,2002
0259540,Pedro Bay,207.564,Distillate Fuel Oil,2003
0259540,Pedro Bay,249.083,Distillate Fuel Oil,2004
0259540,Pedro Bay,295.974,Distillate Fuel Oil,2005
0259540,Pedro Bay,272.211,Distillate Fuel Oil,2006
0259540,Pedro Bay,264.939,Distillate Fuel Oil,2007
0259540,Pedro Bay,262.759,Distillate Fuel Oil,2008
0259540,Pedro Bay,256.409,Distillate Fuel Oil,2009
0259540,Pedro Bay,256.677,Distillate Fuel Oil,2010
0259540,Pedro Bay,223.505,Distillate Fuel Oil,2011
0259540,Pedro Bay,203.523,Distillate Fuel Oil,2012
0259540,Pedro Bay,183.417,Distillate Fuel Oil,2013
0259540,Pedro Bay,186.037,Distillate Fuel Oil,2014
0259540,Pedro Bay,194.160,Distillate Fuel Oil,2015
0259540,Pedro Bay,195.538,Distillate Fuel Oil,2016
0259540,Pedro Bay,189.184,Distillate Fuel Oil,2017
0259540,Pedro Bay,200.199,Distillate Fuel Oil,2018
0259540,Pedro Bay,145.148,Distillate Fuel Oil,2019
0259540,Pedro Bay,183.294,Distillate Fuel Oil,2020
0259540,Pedro Bay,209.359,Distillate Fuel Oil,2021
0259650,Pelican,259.000,Distillate Fuel Oil,2001
0259650,Pelican,1998.001,Water at Hydroelectric Turbine,2001
0259650,Pelican,0.000,Distillate Fuel Oil,2002
0259650,Pelican,0.000,Water at Hydroelectric Turbine,2002
0259650,Pelican,0.000,Distillate Fuel Oil,2003
0259650,Pelican,0.000,Water at Hydroelectric Turbine,2003
0259650,Pelican,125.001,Distillate Fuel Oil,2004
0259650,Pelican,1576.001,Water at Hydroelectric Turbine,2004
0259650,Pelican,141.999,Distillate Fuel Oil,2005
0259650,Pelican,1548.001,Water at Hydroelectric Turbine,2005
0259650,Pelican,544.000,Distillate Fuel Oil,2006
0259650,Pelican,1530.000,Water at Hydroelectric Turbine,2006
0259650,Pelican,481.000,Distillate Fuel Oil,2007
0259650,Pelican,1776.000,Water at Hydroelectric Turbine,2007
0259650,Pelican,298.000,Distillate Fuel Oil,2008
0259650,Pelican,1340.000,Water at Hydroelectric Turbine,2008
0259650,Pelican,662.000,Distillate Fuel Oil,2009
0259650,Pelican,631.000,Water at Hydroelectric Turbine,2009
0259650,Pelican,812.000,Distillate Fuel Oil,2010
0259650,Pelican,0.000,Water at Hydroelectric Turbine,2010
0259650,Pelican,758.000,Distillate Fuel Oil,2011
0259650,Pelican,0.000,Water at Hydroelectric Turbine,2011
0259650,Pelican,611.000,Distillate Fuel Oil,2012
0259650,Pelican,0.000,Water at Hydroelectric Turbine,2012
0259650,Pelican,490.000,Distillate Fuel Oil,2013
0259650,Pelican,3.000,Distillate Fuel Oil,2014
0259650,Pelican,1097.000,Water at Hydroelectric Turbine,2014
0259650,Pelican,0.000,Distillate Fuel Oil,2015
0259650,Pelican,1129.000,Water at Hydroelectric Turbine,2015
0259650,Pelican,175.000,Distillate Fuel Oil,2016
0259650,Pelican,789.000,Water at Hydroelectric Turbine,2016
0259650,Pelican,4.000,Distillate Fuel Oil,2017
0259650,Pelican,1898.000,Water at Hydroelectric Turbine,2017
0259650,Pelican,162.000,Distillate Fuel Oil,2018
0259650,Pelican,1147.000,Water at Hydroelectric Turbine,2018
0259650,Pelican,338.000,Distillate Fuel Oil,2019
0259650,Pelican,717.000,Water at Hydroelectric Turbine,2019
0259650,Pelican,843.000,Distillate Fuel Oil,2020
0259650,Pelican,262.000,Water at Hydroelectric Turbine,2020
0259650,Pelican,420.000,Distillate Fuel Oil,2021
0259650,Pelican,881.000,Water at Hydroelectric Turbine,2021
0260200,Perryville,224.240,Distillate Fuel Oil,2001
0260200,Perryville,395.297,Distillate Fuel Oil,2002
0260200,Perryville,392.280,Distillate Fuel Oil,2003
0260200,Perryville,70.560,Distillate Fuel Oil,2004
0260200,Perryville,95.360,Distillate Fuel Oil,2009
0260200,Perryville,10.969,Wind,2009
0260200,Perryville,94.880,Distillate Fuel Oil,2010
0260200,Perryville,2.392,Wind,2010
0260200,Perryville,365.779,Distillate Fuel Oil,2011
0260200,Perryville,15.799,Wind,2011
0260200,Perryville,425.087,Distillate Fuel Oil,2012
0260200,Perryville,0.413,Solar,2012
0260200,Perryville,36.406,Wind,2012
0260200,Perryville,175.040,Distillate Fuel Oil,2013
0260200,Perryville,12.650,Wind,2013
0260200,Perryville,254.092,Distillate Fuel Oil,2015
0260200,Perryville,0.306,Solar,2015
0260200,Perryville,7.168,Wind,2015
0260200,Perryville,440.102,Distillate Fuel Oil,2016
0260200,Perryville,0.835,Solar,2016
0260200,Perryville,8.029,Wind,2016
0260200,Perryville,976.321,Distillate Fuel Oil,2019
0260200,Perryville,0.732,Solar,2019
0260200,Perryville,11.794,Wind,2019
0260200,Perryville,382.057,Distillate Fuel Oil,2020
0260200,Perryville,1.158,Solar,2020
0260200,Perryville,11.549,Wind,2020
0260310,Petersburg,1024.000,Distillate Fuel Oil,2001
0260310,Petersburg,13041.000,Water at Hydroelectric Turbine,2001
0260310,Petersburg,612.999,Distillate Fuel Oil,2002
0260310,Petersburg,11676.000,Water at Hydroelectric Turbine,2002
0260310,Petersburg,613.000,Distillate Fuel Oil,2003
0260310,Petersburg,11676.000,Water at Hydroelectric Turbine,2003
0260310,Petersburg,1046.999,Distillate Fuel Oil,2004
0260310,Petersburg,11258.999,Water at Hydroelectric Turbine,2004
0260310,Petersburg,861.000,Distillate Fuel Oil,2005
0260310,Petersburg,13105.000,Water at Hydroelectric Turbine,2005
0260310,Petersburg,1017.000,Distillate Fuel Oil,2006
0260310,Petersburg,12232.000,Water at Hydroelectric Turbine,2006
0260310,Petersburg,972.000,Distillate Fuel Oil,2007
0260310,Petersburg,13529.999,Water at Hydroelectric Turbine,2007
0260310,Petersburg,946.000,Distillate Fuel Oil,2008
0260310,Petersburg,13176.000,Water at Hydroelectric Turbine,2008
0260310,Petersburg,852.600,Distillate Fuel Oil,2009
0260310,Petersburg,11761.000,Water at Hydroelectric Turbine,2009
0260310,Petersburg,633.080,Distillate Fuel Oil,2010
0260310,Petersburg,10880.000,Water at Hydroelectric Turbine,2010
0260310,Petersburg,605.640,Distillate Fuel Oil,2011
0260310,Petersburg,10803.000,Water at Hydroelectric Turbine,2011
0260310,Petersburg,806.540,Distillate Fuel Oil,2012
0260310,Petersburg,13259.000,Water at Hydroelectric Turbine,2012
0260310,Petersburg,660.520,Distillate Fuel Oil,2013
0260310,Petersburg,11717.000,Water at Hydroelectric Turbine,2013
0260310,Petersburg,732.060,Distillate Fuel Oil,2014
0260310,Petersburg,13108.000,Water at Hydroelectric Turbine,2014
0260310,Petersburg,806.540,Distillate Fuel Oil,2015
0260310,Petersburg,12669.000,Water at Hydroelectric Turbine,2015
0260310,Petersburg,110.740,Distillate Fuel Oil,2016
0260310,Petersburg,11621.000,Water at Hydroelectric Turbine,2016
0260310,Petersburg,950.600,Distillate Fuel Oil,2017
0260310,Petersburg,11726.000,Water at Hydroelectric Turbine,2017
0260310,Petersburg,412.580,Distillate Fuel Oil,2018
0260310,Petersburg,8906.000,Water at Hydroelectric Turbine,2018
0260310,Petersburg,3342.000,Distillate Fuel Oil,2019
0260310,Petersburg,9598.000,Water at Hydroelectric Turbine,2019
0260310,Petersburg,868.280,Distillate Fuel Oil,2020
0260310,Petersburg,13273.000,Water at Hydroelectric Turbine,2020
0260310,Petersburg,863.380,Distillate Fuel Oil,2021
0260310,Petersburg,13520.000,Water at Hydroelectric Turbine,2021
0260460,Petersville,146252.000,Water at Hydroelectric Turbine,2001
0260460,Petersville,161266.000,Water at Hydroelectric Turbine,2002
0260460,Petersville,177204.000,Water at Hydroelectric Turbine,2003
0260460,Petersville,173604.000,Water at Hydroelectric Turbine,2004
0260460,Petersville,134178.000,Water at Hydroelectric Turbine,2005
0260460,Petersville,66807.000,Water at Hydroelectric Turbine,2006
0260460,Petersville,62105.000,Water at Hydroelectric Turbine,2007
0260460,Petersville,57824.000,Water at Hydroelectric Turbine,2008
0260460,Petersville,57056.000,Water at Hydroelectric Turbine,2009
0260460,Petersville,74203.000,Water at Hydroelectric Turbine,2010
0260460,Petersville,66088.000,Water at Hydroelectric Turbine,2011
0260460,Petersville,71126.000,Water at Hydroelectric Turbine,2012
0260460,Petersville,45541.199,Landfill Gas,2013
0260460,Petersville,38.801,Natural Gas,2013
0260460,Petersville,89936.000,Water at Hydroelectric Turbine,2013
0260460,Petersville,56165.769,Landfill Gas,2014
0260460,Petersville,1.231,Natural Gas,2014
0260460,Petersville,83110.000,Water at Hydroelectric Turbine,2014
0260460,Petersville,0.000,Distillate Fuel Oil,2015
0260460,Petersville,50131.473,Landfill Gas,2015
0260460,Petersville,476985.527,Natural Gas,2015
0260460,Petersville,92243.000,Water at Hydroelectric Turbine,2015
0260460,Petersville,0.000,Distillate Fuel Oil,2016
0260460,Petersville,42514.846,Landfill Gas,2016
0260460,Petersville,819047.154,Natural Gas,2016
0260460,Petersville,76916.000,Water at Hydroelectric Turbine,2016
0260460,Petersville,0.000,Distillate Fuel Oil,2017
0260460,Petersville,42184.516,Landfill Gas,2017
0260460,Petersville,750519.484,Natural Gas,2017
0260460,Petersville,119240.000,Water at Hydroelectric Turbine,2017
0260460,Petersville,0.000,Distillate Fuel Oil,2018
0260460,Petersville,42684.134,Landfill Gas,2018
0260460,Petersville,615054.866,Natural Gas,2018
0260460,Petersville,168115.000,Water at Hydroelectric Turbine,2018
0260460,Petersville,0.000,Distillate Fuel Oil,2019
0260460,Petersville,36884.461,Landfill Gas,2019
0260460,Petersville,723828.539,Natural Gas,2019
0260460,Petersville,190971.000,Water at Hydroelectric Turbine,2019
0260460,Petersville,38945.273,Landfill Gas,2020
0260460,Petersville,729105.727,Natural Gas,2020
0260460,Petersville,170181.000,Water at Hydroelectric Turbine,2020
0260460,Petersville,38070.956,Landfill Gas,2021
0260460,Petersville,678574.044,Natural Gas,2021
0260460,Petersville,139994.000,Water at Hydroelectric Turbine,2021
0260460,Petersville,,,
0260640,Pilot Point,222.120,Distillate Fuel Oil,2001
0260640,Pilot Point,446.992,Distillate Fuel Oil,2002
0260640,Pilot Point,461.760,Distillate Fuel Oil,2003
0260640,Pilot Point,432.840,Distillate Fuel Oil,2004
0260640,Pilot Point,405.840,Distillate Fuel Oil,2005
0260640,Pilot Point,8.899,Wind,2005
0260640,Pilot Point,393.000,Distillate Fuel Oil,2006
0260640,Pilot Point,11.337,Wind,2006
0260640,Pilot Point,391.320,Distillate Fuel Oil,2007
0260640,Pilot Point,10.185,Wind,2007
0260640,Pilot Point,407.960,Distillate Fuel Oil,2008
0260640,Pilot Point,11.154,Wind,2008
0260640,Pilot Point,456.792,Distillate Fuel Oil,2009
0260640,Pilot Point,7.474,Wind,2009
0260640,Pilot Point,481.874,Distillate Fuel Oil,2010
0260640,Pilot Point,8.468,Wind,2010
0260640,Pilot Point,463.584,Distillate Fuel Oil,2011
0260640,Pilot Point,5.517,Wind,2011
0260640,Pilot Point,480.071,Distillate Fuel Oil,2012
0260640,Pilot Point,0.026,Wind,2012
0260640,Pilot Point,431.777,Distillate Fuel Oil,2013
0260640,Pilot Point,414.170,Distillate Fuel Oil,2014
0260640,Pilot Point,435.688,Distillate Fuel Oil,2015
0260640,Pilot Point,454.064,Distillate Fuel Oil,2016
0260640,Pilot Point,496.047,Distillate Fuel Oil,2017
0260640,Pilot Point,467.705,Distillate Fuel Oil,2018
0260640,Pilot Point,282.750,Distillate Fuel Oil,2019
0260640,Pilot Point,498.556,Distillate Fuel Oil,2020
0260640,Pilot Point,462.360,Distillate Fuel Oil,2021
0260750,Pilot Station,1382.999,Distillate Fuel Oil,2001
0260750,Pilot Station,1697.699,Distillate Fuel Oil,2002
0260750,Pilot Station,1690.119,Distillate Fuel Oil,2003
0260750,Pilot Station,1675.244,Distillate Fuel Oil,2004
0260750,Pilot Station,1687.102,Distillate Fuel Oil,2005
0260750,Pilot Station,1705.701,Distillate Fuel Oil,2006
0260750,Pilot Station,1669.279,Distillate Fuel Oil,2007
0260750,Pilot Station,1692.345,Distillate Fuel Oil,2008
0260750,Pilot Station,1757.650,Distillate Fuel Oil,2009
0260750,Pilot Station,1721.912,Distillate Fuel Oil,2010
0260750,Pilot Station,1770.301,Distillate Fuel Oil,2011
0260750,Pilot Station,1833.102,Distillate Fuel Oil,2012
0260750,Pilot Station,1835.094,Distillate Fuel Oil,2013
0260750,Pilot Station,1721.899,Distillate Fuel Oil,2014
0260750,Pilot Station,1809.641,Distillate Fuel Oil,2015
0260750,Pilot Station,1974.124,Distillate Fuel Oil,2016
0260750,Pilot Station,2018.359,Distillate Fuel Oil,2017
0260750,Pilot Station,1824.956,Distillate Fuel Oil,2018
0260750,Pilot Station,1802.533,Distillate Fuel Oil,2019
0260750,Pilot Station,1824.236,Distillate Fuel Oil,2020
0260750,Pilot Station,1876.637,Distillate Fuel Oil,2021
0260860,Pitkas Point,5358.000,Distillate Fuel Oil,2001
0260860,Pitkas Point,5429.502,Distillate Fuel Oil,2002
0260860,Pitkas Point,5686.897,Distillate Fuel Oil,2003
0260860,Pitkas Point,5675.570,Distillate Fuel Oil,2004
0260860,Pitkas Point,5603.532,Distillate Fuel Oil,2005
0260860,Pitkas Point,5606.122,Distillate Fuel Oil,2006
0260860,Pitkas Point,5512.810,Distillate Fuel Oil,2007
0260860,Pitkas Point,5717.493,Distillate Fuel Oil,2008
0260860,Pitkas Point,5875.149,Distillate Fuel Oil,2009
0260860,Pitkas Point,11764.350,Distillate Fuel Oil,2010
0260860,Pitkas Point,6059.249,Distillate Fuel Oil,2011
0260860,Pitkas Point,6217.733,Distillate Fuel Oil,2012
0260860,Pitkas Point,6172.858,Distillate Fuel Oil,2013
0260860,Pitkas Point,5852.806,Distillate Fuel Oil,2014
0260860,Pitkas Point,5955.323,Distillate Fuel Oil,2015
0260860,Pitkas Point,5820.564,Distillate Fuel Oil,2016
0260860,Pitkas Point,5795.890,Distillate Fuel Oil,2017
0260860,Pitkas Point,5844.812,Distillate Fuel Oil,2018
0260860,Pitkas Point,4766.398,Distillate Fuel Oil,2019
0260860,Pitkas Point,1112.314,Wind,2019
0260860,Pitkas Point,4518.506,Distillate Fuel Oil,2020
0260860,Pitkas Point,1912.159,Wind,2020
0260860,Pitkas Point,3649.804,Distillate Fuel Oil,2021
0260860,Pitkas Point,2060.478,Wind,2021
0261080,Platinum,91.580,Distillate Fuel Oil,2001
0261080,Platinum,185.361,Distillate Fuel Oil,2002
0261080,Platinum,172.101,Distillate Fuel Oil,2003
0261080,Platinum,206.051,Distillate Fuel Oil,2004
0261080,Platinum,164.457,Distillate Fuel Oil,2005
0261080,Platinum,202.153,Distillate Fuel Oil,2006
0261080,Platinum,201.690,Distillate Fuel Oil,2007
0261080,Platinum,238.528,Distillate Fuel Oil,2008
0261080,Platinum,62.513,Distillate Fuel Oil,2017
0261120,Pleasant Valley,320199.883,Coal,2001
0261120,Pleasant Valley,10180.000,Distillate Fuel Oil,2001
0261120,Pleasant Valley,579967.000,Residual Fuel Oil,2001
0261120,Pleasant Valley,481090.841,Coal,2002
0261120,Pleasant Valley,17426.909,Distillate Fuel Oil,2002
0261120,Pleasant Valley,546300.000,Residual Fuel Oil,2002
0261120,Pleasant Valley,32.000,Waste Oil,2002
0261120,Pleasant Valley,1031.000,Wood Waste Solids,2002
0261120,Pleasant Valley,456747.980,Coal,2003
0261120,Pleasant Valley,6308.990,Distillate Fuel Oil,2003
0261120,Pleasant Valley,453733.000,Residual Fuel Oil,2003
0261120,Pleasant Valley,64.000,Waste Oil,2003
0261120,Pleasant Valley,758.001,Wood Waste Solids,2003
0261120,Pleasant Valley,519938.432,Coal,2004
0261120,Pleasant Valley,9963.938,Distillate Fuel Oil,2004
0261120,Pleasant Valley,360379.000,Residual Fuel Oil,2004
0261120,Pleasant Valley,0.000,Waste Oil,2004
0261120,Pleasant Valley,388.500,Wood Waste Solids,2004
0261120,Pleasant Valley,525017.007,Coal,2005
0261120,Pleasant Valley,2907.565,Distillate Fuel Oil,2005
0261120,Pleasant Valley,360562.000,Residual Fuel Oil,2005
0261120,Pleasant Valley,0.000,Waste Oil,2005
0261120,Pleasant Valley,382.565,Wood Waste Solids,2005
0261120,Pleasant Valley,532341.253,Coal,2006
0261120,Pleasant Valley,3215.258,Distillate Fuel Oil,2006
0261120,Pleasant Valley,337599.000,Residual Fuel Oil,2006
0261120,Pleasant Valley,0.000,Waste Oil,2006
0261120,Pleasant Valley,515.509,Wood Waste Solids,2006
0261120,Pleasant Valley,538127.163,Coal,2007
0261120,Pleasant Valley,5102.496,Distillate Fuel Oil,2007
0261120,Pleasant Valley,284406.908,Jet Fuel,2007
0261120,Pleasant Valley,436.577,Natural Gas,2007
0261120,Pleasant Valley,266301.606,Residual Fuel Oil,2007
0261120,Pleasant Valley,0.000,Waste Oil,2007
0261120,Pleasant Valley,21.755,Wood Waste Solids,2007
0261120,Pleasant Valley,512423.237,Coal,2008
0261120,Pleasant Valley,5916.308,Distillate Fuel Oil,2008
0261120,Pleasant Valley,387339.730,Jet Fuel,2008
0261120,Pleasant Valley,0.000,Natural Gas,2008
0261120,Pleasant Valley,126668.178,Residual Fuel Oil,2008
0261120,Pleasant Valley,0.000,Wood Waste Solids,2008
0261120,Pleasant Valley,515890.711,Coal,2009
0261120,Pleasant Valley,7005.089,Distillate Fuel Oil,2009
0261120,Pleasant Valley,370545.007,Jet Fuel,2009
0261120,Pleasant Valley,0.000,Natural Gas,2009
0261120,Pleasant Valley,343136.891,Residual Fuel Oil,2009
0261120,Pleasant Valley,463538.211,Coal,2010
0261120,Pleasant Valley,7652.130,Distillate Fuel Oil,2010
0261120,Pleasant Valley,0.000,Jet Fuel,2010
0261120,Pleasant Valley,639.868,Natural Gas,2010
0261120,Pleasant Valley,192178.603,Residual Fuel Oil,2010
0261120,Pleasant Valley,423964.882,Coal,2011
0261120,Pleasant Valley,3653.416,Distillate Fuel Oil,2011
0261120,Pleasant Valley,155547.000,Jet Fuel,2011
0261120,Pleasant Valley,2837.823,Natural Gas,2011
0261120,Pleasant Valley,102593.325,Residual Fuel Oil,2011
0261120,Pleasant Valley,463815.730,Coal,2012
0261120,Pleasant Valley,5994.123,Distillate Fuel Oil,2012
0261120,Pleasant Valley,197942.000,Jet Fuel,2012
0261120,Pleasant Valley,2683.523,Natural Gas,2012
0261120,Pleasant Valley,175535.364,Residual Fuel Oil,2012
0261120,Pleasant Valley,374005.564,Coal,2013
0261120,Pleasant Valley,3916.995,Distillate Fuel Oil,2013
0261120,Pleasant Valley,91958.000,Jet Fuel,2013
0261120,Pleasant Valley,5000.441,Natural Gas,2013
0261120,Pleasant Valley,33991.362,Residual Fuel Oil,2013
0261120,Pleasant Valley,72610.000,Wind,2013
0261120,Pleasant Valley,0.000,Wood Waste Solids,2013
0261120,Pleasant Valley,376282.303,Coal,2014
0261120,Pleasant Valley,1508.242,Distillate Fuel Oil,2014
0261120,Pleasant Valley,131279.730,Jet Fuel,2014
0261120,Pleasant Valley,2161.112,Natural Gas,2014
0261120,Pleasant Valley,47426.548,Residual Fuel Oil,2014
0261120,Pleasant Valley,76279.000,Wind,2014
0261120,Pleasant Valley,0.000,Wood Waste Solids,2014
0261120,Pleasant Valley,432567.508,Coal,2015
0261120,Pleasant Valley,14837.204,Distillate Fuel Oil,2015
0261120,Pleasant Valley,0.000,Jet Fuel,2015
0261120,Pleasant Valley,0.000,Natural Gas,2015
0261120,Pleasant Valley,48522.553,Residual Fuel Oil,2015
0261120,Pleasant Valley,163960.164,Waste Oil,2015
0261120,Pleasant Valley,76784.000,Wind,2015
0261120,Pleasant Valley,0.000,Wood Waste Solids,2015
0261120,Pleasant Valley,395864.156,Coal,2016
0261120,Pleasant Valley,46782.391,Distillate Fuel Oil,2016
0261120,Pleasant Valley,-2392.000,Electricity used for Energy Storage,2016
0261120,Pleasant Valley,0.000,Jet Fuel,2016
0261120,Pleasant Valley,1129.934,Natural Gas,2016
0261120,Pleasant Valley,0.000,Residual Fuel Oil,2016
0261120,Pleasant Valley,48474.738,Waste Oil,2016
0261120,Pleasant Valley,78291.000,Wind,2016
0261120,Pleasant Valley,0.000,Wood Waste Solids,2016
0261120,Pleasant Valley,356409.011,Coal,2017
0261120,Pleasant Valley,70874.044,Distillate Fuel Oil,2017
0261120,Pleasant Valley,-2711.000,Electricity used for Energy Storage,2017
0261120,Pleasant Valley,0.000,Jet Fuel,2017
0261120,Pleasant Valley,554.666,Natural Gas,2017
0261120,Pleasant Valley,0.000,Residual Fuel Oil,2017
0261120,Pleasant Valley,144787.681,Waste Oil,2017
0261120,Pleasant Valley,64121.000,Wind,2017
0261120,Pleasant Valley,0.000,Wood Waste Solids,2017
0261120,Pleasant Valley,392019.635,Coal,2018
0261120,Pleasant Valley,64419.043,Distillate Fuel Oil,2018
0261120,Pleasant Valley,-2428.000,Electricity used for Energy Storage,2018
0261120,Pleasant Valley,0.000,Jet Fuel,2018
0261120,Pleasant Valley,0.000,Natural Gas,2018
0261120,Pleasant Valley,0.000,Residual Fuel Oil,2018
0261120,Pleasant Valley,82114.648,Waste Oil,2018
0261120,Pleasant Valley,70012.000,Wind,2018
0261120,Pleasant Valley,0.000,Wood Waste Solids,2018
0261120,Pleasant Valley,0.000,Agricultural By-Products,2019
0261120,Pleasant Valley,481171.537,Coal,2019
0261120,Pleasant Valley,28027.598,Distillate Fuel Oil,2019
0261120,Pleasant Valley,-3280.000,Electricity used for Energy Storage,2019
0261120,Pleasant Valley,2627.119,Jet Fuel,2019
0261120,Pleasant Valley,0.080,Natural Gas,2019
0261120,Pleasant Valley,0.000,Residual Fuel Oil,2019
0261120,Pleasant Valley,164462.097,Waste Oil,2019
0261120,Pleasant Valley,64076.000,Wind,2019
0261120,Pleasant Valley,0.000,Wood Waste Solids,2019
0261120,Pleasant Valley,466648.747,Coal,2020
0261120,Pleasant Valley,153461.063,Distillate Fuel Oil,2020
0261120,Pleasant Valley,-2810.000,Electricity used for Energy Storage,2020
0261120,Pleasant Valley,2081.775,Jet Fuel,2020
0261120,Pleasant Valley,6.054,Natural Gas,2020
0261120,Pleasant Valley,211433.728,Waste Oil,2020
0261120,Pleasant Valley,49937.000,Wind,2020
0261120,Pleasant Valley,503966.256,Coal,2021
0261120,Pleasant Valley,88907.304,Distillate Fuel Oil,2021
0261120,Pleasant Valley,-3433.000,Electricity used for Energy Storage,2021
0261120,Pleasant Valley,671.883,Jet Fuel,2021
0261120,Pleasant Valley,3.471,Natural Gas,2021
0261120,Pleasant Valley,184970.610,Waste Oil,2021
0261120,Pleasant Valley,60302.000,Wind,2021
0261120,Pleasant Valley,,,
0261190,Point Baker,,,
0261630,Point Hope,2796.830,Distillate Fuel Oil,2001
0261630,Point Hope,6076.749,Distillate Fuel Oil,2002
0261630,Point Hope,6446.833,Distillate Fuel Oil,2003
0261630,Point Hope,6563.733,Distillate Fuel Oil,2004
0261630,Point Hope,5877.207,Distillate Fuel Oil,2005
0261630,Point Hope,6392.826,Distillate Fuel Oil,2006
0261630,Point Hope,5000.001,Distillate Fuel Oil,2007
0261630,Point Hope,5091.000,Distillate Fuel Oil,2008
0261630,Point Hope,6264.956,Distillate Fuel Oil,2009
0261630,Point Hope,6561.464,Distillate Fuel Oil,2010
0261630,Point Hope,6464.915,Distillate Fuel Oil,2011
0261630,Point Hope,6680.590,Distillate Fuel Oil,2012
0261630,Point Hope,6761.550,Distillate Fuel Oil,2013
0261630,Point Hope,5759.000,Distillate Fuel Oil,2014
0261630,Point Hope,6584.989,Distillate Fuel Oil,2015
0261630,Point Hope,6818.348,Distillate Fuel Oil,2016
0261630,Point Hope,6814.356,Distillate Fuel Oil,2017
0261630,Point Hope,6768.559,Distillate Fuel Oil,2018
0261630,Point Hope,6269.000,Distillate Fuel Oil,2019
0261630,Point Hope,0.000,Natural Gas,2019
0261630,Point Hope,6244.000,Distillate Fuel Oil,2020
0261630,Point Hope,6468.000,Distillate Fuel Oil,2021
0261700,Point Lay,1645.920,Distillate Fuel Oil,2001
0261700,Point Lay,3344.980,Distillate Fuel Oil,2002
0261700,Point Lay,3126.004,Distillate Fuel Oil,2003
0261700,Point Lay,3270.290,Distillate Fuel Oil,2004
0261700,Point Lay,3243.049,Distillate Fuel Oil,2005
0261700,Point Lay,3394.551,Distillate Fuel Oil,2006
0261700,Point Lay,2000.000,Distillate Fuel Oil,2007
0261700,Point Lay,3221.000,Distillate Fuel Oil,2008
0261700,Point Lay,2984.014,Distillate Fuel Oil,2009
0261700,Point Lay,3498.178,Distillate Fuel Oil,2010
0261700,Point Lay,3430.080,Distillate Fuel Oil,2011
0261700,Point Lay,3618.260,Distillate Fuel Oil,2012
0261700,Point Lay,3807.586,Distillate Fuel Oil,2013
0261700,Point Lay,3593.257,Distillate Fuel Oil,2014
0261700,Point Lay,3577.981,Distillate Fuel Oil,2015
0261700,Point Lay,3704.764,Distillate Fuel Oil,2016
0261700,Point Lay,3419.244,Distillate Fuel Oil,2017
0261700,Point Lay,3587.415,Distillate Fuel Oil,2018
0261700,Point Lay,3691.484,Distillate Fuel Oil,2019
0261700,Point Lay,3347.512,Distillate Fuel Oil,2020
0261700,Point Lay,3385.903,Distillate Fuel Oil,2021
0261788,Point MacKenzie,146252.000,Water at Hydroelectric Turbine,2001
0261788,Point MacKenzie,161266.000,Water at Hydroelectric Turbine,2002
0261788,Point MacKenzie,177204.000,Water at Hydroelectric Turbine,2003
0261788,Point MacKenzie,173604.000,Water at Hydroelectric Turbine,2004
0261788,Point MacKenzie,134178.000,Water at Hydroelectric Turbine,2005
0261788,Point MacKenzie,66807.000,Water at Hydroelectric Turbine,2006
0261788,Point MacKenzie,62105.000,Water at Hydroelectric Turbine,2007
0261788,Point MacKenzie,57824.000,Water at Hydroelectric Turbine,2008
0261788,Point MacKenzie,57056.000,Water at Hydroelectric Turbine,2009
0261788,Point MacKenzie,74203.000,Water at Hydroelectric Turbine,2010
0261788,Point MacKenzie,66088.000,Water at Hydroelectric Turbine,2011
0261788,Point MacKenzie,71126.000,Water at Hydroelectric Turbine,2012
0261788,Point MacKenzie,45541.199,Landfill Gas,2013
0261788,Point MacKenzie,38.801,Natural Gas,2013
0261788,Point MacKenzie,89936.000,Water at Hydroelectric Turbine,2013
0261788,Point MacKenzie,56165.769,Landfill Gas,2014
0261788,Point MacKenzie,1.231,Natural Gas,2014
0261788,Point MacKenzie,83110.000,Water at Hydroelectric Turbine,2014
0261788,Point MacKenzie,0.000,Distillate Fuel Oil,2015
0261788,Point MacKenzie,50131.473,Landfill Gas,2015
0261788,Point MacKenzie,476985.527,Natural Gas,2015
0261788,Point MacKenzie,92243.000,Water at Hydroelectric Turbine,2015
0261788,Point MacKenzie,0.000,Distillate Fuel Oil,2016
0261788,Point MacKenzie,42514.846,Landfill Gas,2016
0261788,Point MacKenzie,819047.154,Natural Gas,2016
0261788,Point MacKenzie,76916.000,Water at Hydroelectric Turbine,2016
0261788,Point MacKenzie,0.000,Distillate Fuel Oil,2017
0261788,Point MacKenzie,42184.516,Landfill Gas,2017
0261788,Point MacKenzie,750519.484,Natural Gas,2017
0261788,Point MacKenzie,119240.000,Water at Hydroelectric Turbine,2017
0261788,Point MacKenzie,0.000,Distillate Fuel Oil,2018
0261788,Point MacKenzie,42684.134,Landfill Gas,2018
0261788,Point MacKenzie,615054.866,Natural Gas,2018
0261788,Point MacKenzie,168115.000,Water at Hydroelectric Turbine,2018
0261788,Point MacKenzie,0.000,Distillate Fuel Oil,2019
0261788,Point MacKenzie,36884.461,Landfill Gas,2019
0261788,Point MacKenzie,723828.539,Natural Gas,2019
0261788,Point MacKenzie,190971.000,Water at Hydroelectric Turbine,2019
0261788,Point MacKenzie,38945.273,Landfill Gas,2020
0261788,Point MacKenzie,729105.727,Natural Gas,2020
0261788,Point MacKenzie,170181.000,Water at Hydroelectric Turbine,2020
0261788,Point MacKenzie,38070.956,Landfill Gas,2021
0261788,Point MacKenzie,678574.044,Natural Gas,2021
0261788,Point MacKenzie,139994.000,Water at Hydroelectric Turbine,2021
0261788,Point MacKenzie,,,
0261825,Point Possession,,,
0262125,Pope-Vannoy Landing,,,
0262510,Port Alexander,,,
0262620,Port Alsworth,329.759,Distillate Fuel Oil,2001
0262620,Port Alsworth,599.420,Distillate Fuel Oil,2002
0262620,Port Alsworth,643.810,Distillate Fuel Oil,2003
0262620,Port Alsworth,646.437,Distillate Fuel Oil,2004
0262620,Port Alsworth,628.383,Distillate Fuel Oil,2005
0262620,Port Alsworth,627.488,Distillate Fuel Oil,2006
0262620,Port Alsworth,622.816,Distillate Fuel Oil,2007
0262620,Port Alsworth,607.191,Distillate Fuel Oil,2008
0262620,Port Alsworth,588.233,Distillate Fuel Oil,2009
0262620,Port Alsworth,635.007,Distillate Fuel Oil,2010
0262620,Port Alsworth,664.080,Distillate Fuel Oil,2011
0262620,Port Alsworth,777.126,Distillate Fuel Oil,2012
0262620,Port Alsworth,783.837,Distillate Fuel Oil,2013
0262620,Port Alsworth,830.156,Distillate Fuel Oil,2014
0262620,Port Alsworth,882.193,Distillate Fuel Oil,2015
0262620,Port Alsworth,859.334,Distillate Fuel Oil,2016
0262620,Port Alsworth,942.435,Distillate Fuel Oil,2017
0262620,Port Alsworth,947.255,Distillate Fuel Oil,2018
0262620,Port Alsworth,830.391,Distillate Fuel Oil,2019
0262620,Port Alsworth,887.782,Distillate Fuel Oil,2020
0262620,Port Alsworth,934.426,Distillate Fuel Oil,2021
0263170,Port Clarence,,,
0263280,Port Graham,490.999,Distillate Fuel Oil,2001
0263280,Port Graham,426710.001,Natural Gas,2001
0263280,Port Graham,345681.000,Water at Hydroelectric Turbine,2001
0263280,Port Graham,355.740,Distillate Fuel Oil,2002
0263280,Port Graham,473327.141,Natural Gas,2002
0263280,Port Graham,484899.000,Water at Hydroelectric Turbine,2002
0263280,Port Graham,243.001,Distillate Fuel Oil,2003
0263280,Port Graham,399766.998,Natural Gas,2003
0263280,Port Graham,500875.000,Water at Hydroelectric Turbine,2003
0263280,Port Graham,336.702,Distillate Fuel Oil,2004
0263280,Port Graham,398518.890,Natural Gas,2004
0263280,Port Graham,429709.000,Water at Hydroelectric Turbine,2004
0263280,Port Graham,235.643,Distillate Fuel Oil,2005
0263280,Port Graham,490271.637,Natural Gas,2005
0263280,Port Graham,452757.000,Water at Hydroelectric Turbine,2005
0263280,Port Graham,236.000,Distillate Fuel Oil,2006
0263280,Port Graham,2147.575,Jet Fuel,2006
0263280,Port Graham,451056.328,Natural Gas,2006
0263280,Port Graham,343766.000,Water at Hydroelectric Turbine,2006
0263280,Port Graham,382.001,Distillate Fuel Oil,2007
0263280,Port Graham,264.025,Jet Fuel,2007
0263280,Port Graham,443609.870,Natural Gas,2007
0263280,Port Graham,336288.000,Water at Hydroelectric Turbine,2007
0263280,Port Graham,22.000,Distillate Fuel Oil,2008
0263280,Port Graham,3.268,Jet Fuel,2008
0263280,Port Graham,473626.372,Natural Gas,2008
0263280,Port Graham,296759.000,Water at Hydroelectric Turbine,2008
0263280,Port Graham,324.649,Distillate Fuel Oil,2009
0263280,Port Graham,163.399,Jet Fuel,2009
0263280,Port Graham,378362.432,Natural Gas,2009
0263280,Port Graham,362293.410,Water at Hydroelectric Turbine,2009
0263280,Port Graham,202.000,Distillate Fuel Oil,2010
0263280,Port Graham,0.000,Jet Fuel,2010
0263280,Port Graham,354378.140,Natural Gas,2010
0263280,Port Graham,348270.970,Water at Hydroelectric Turbine,2010
0263280,Port Graham,160.167,Distillate Fuel Oil,2011
0263280,Port Graham,0.000,Jet Fuel,2011
0263280,Port Graham,375394.769,Natural Gas,2011
0263280,Port Graham,2738.304,Other Gas,2011
0263280,Port Graham,303900.000,Water at Hydroelectric Turbine,2011
0263280,Port Graham,214.332,Distillate Fuel Oil,2012
0263280,Port Graham,0.000,Jet Fuel,2012
0263280,Port Graham,355032.847,Natural Gas,2012
0263280,Port Graham,2658.441,Other Gas,2012
0263280,Port Graham,397373.000,Water at Hydroelectric Turbine,2012
0263280,Port Graham,101.277,Distillate Fuel Oil,2013
0263280,Port Graham,0.000,Jet Fuel,2013
0263280,Port Graham,201008.184,Natural Gas,2013
0263280,Port Graham,430.659,Waste Oil,2013
0263280,Port Graham,368254.000,Water at Hydroelectric Turbine,2013
0263280,Port Graham,444.000,Distillate Fuel Oil,2014
0263280,Port Graham,0.000,Jet Fuel,2014
0263280,Port Graham,306144.240,Natural Gas,2014
0263280,Port Graham,0.000,Waste Oil,2014
0263280,Port Graham,432575.000,Water at Hydroelectric Turbine,2014
0263280,Port Graham,228.103,Distillate Fuel Oil,2015
0263280,Port Graham,0.000,Jet Fuel,2015
0263280,Port Graham,315789.997,Natural Gas,2015
0263280,Port Graham,471705.000,Water at Hydroelectric Turbine,2015
0263280,Port Graham,87.000,Distillate Fuel Oil,2016
0263280,Port Graham,0.000,Jet Fuel,2016
0263280,Port Graham,316448.000,Natural Gas,2016
0263280,Port Graham,430509.000,Water at Hydroelectric Turbine,2016
0263280,Port Graham,15.000,Distillate Fuel Oil,2017
0263280,Port Graham,0.000,Jet Fuel,2017
0263280,Port Graham,316493.000,Natural Gas,2017
0263280,Port Graham,387059.000,Water at Hydroelectric Turbine,2017
0263280,Port Graham,85.461,Distillate Fuel Oil,2018
0263280,Port Graham,0.000,Jet Fuel,2018
0263280,Port Graham,276027.539,Natural Gas,2018
0263280,Port Graham,404479.000,Water at Hydroelectric Turbine,2018
0263280,Port Graham,63.000,Distillate Fuel Oil,2019
0263280,Port Graham,0.000,Jet Fuel,2019
0263280,Port Graham,237333.000,Natural Gas,2019
0263280,Port Graham,413592.000,Water at Hydroelectric Turbine,2019
0263280,Port Graham,4329.915,Distillate Fuel Oil,2020
0263280,Port Graham,302127.085,Natural Gas,2020
0263280,Port Graham,466635.000,Water at Hydroelectric Turbine,2020
0263280,Port Graham,224.000,Distillate Fuel Oil,2021
0263280,Port Graham,290511.000,Natural Gas,2021
0263280,Port Graham,391018.000,Water at Hydroelectric Turbine,2021
0263390,Port Heiden,58.800,Distillate Fuel Oil,2001
0263390,Port Heiden,880.120,Distillate Fuel Oil,2002
0263390,Port Heiden,866.080,Distillate Fuel Oil,2003
0263390,Port Heiden,2.510,Wind,2003
0263390,Port Heiden,298.680,Distillate Fuel Oil,2004
0263390,Port Heiden,6.163,Wind,2004
0263390,Port Heiden,679.147,Distillate Fuel Oil,2005
0263390,Port Heiden,0.473,Wind,2005
0263390,Port Heiden,634.242,Distillate Fuel Oil,2006
0263390,Port Heiden,8.269,Wind,2006
0263390,Port Heiden,61.440,Distillate Fuel Oil,2007
0263390,Port Heiden,1.707,Wind,2007
0263390,Port Heiden,130.600,Distillate Fuel Oil,2011
0263390,Port Heiden,688.237,Distillate Fuel Oil,2012
0263390,Port Heiden,550.900,Distillate Fuel Oil,2013
0263390,Port Heiden,525.614,Distillate Fuel Oil,2014
0263390,Port Heiden,576.538,Distillate Fuel Oil,2015
0263390,Port Heiden,515.040,Distillate Fuel Oil,2016
0263390,Port Heiden,606.360,Distillate Fuel Oil,2017
0263390,Port Heiden,570.600,Distillate Fuel Oil,2018
0263390,Port Heiden,525.478,Distillate Fuel Oil,2019
0263390,Port Heiden,615.484,Distillate Fuel Oil,2020
0263390,Port Heiden,621.926,Distillate Fuel Oil,2021
0263610,Port Lions,41633.000,Distillate Fuel Oil,2001
0263610,Port Lions,91855.001,Water at Hydroelectric Turbine,2001
0263610,Port Lions,14168.999,Distillate Fuel Oil,2002
0263610,Port Lions,114546.000,Water at Hydroelectric Turbine,2002
0263610,Port Lions,3075.998,Distillate Fuel Oil,2003
0263610,Port Lions,126884.000,Water at Hydroelectric Turbine,2003
0263610,Port Lions,2217.000,Distillate Fuel Oil,2004
0263610,Port Lions,134232.000,Water at Hydroelectric Turbine,2004
0263610,Port Lions,14548.997,Distillate Fuel Oil,2005
0263610,Port Lions,121463.001,Water at Hydroelectric Turbine,2005
0263610,Port Lions,41023.000,Distillate Fuel Oil,2006
0263610,Port Lions,9648.000,Water at Hydroelectric Turbine,2006
0263610,Port Lions,54411.000,Distillate Fuel Oil,2007
0263610,Port Lions,91915.001,Water at Hydroelectric Turbine,2007
0263610,Port Lions,21035.000,Distillate Fuel Oil,2008
0263610,Port Lions,120879.000,Water at Hydroelectric Turbine,2008
0263610,Port Lions,20930.000,Distillate Fuel Oil,2009
0263610,Port Lions,98551.000,Water at Hydroelectric Turbine,2009
0263610,Port Lions,6138.000,Wind,2009
0263610,Port Lions,9766.000,Distillate Fuel Oil,2010
0263610,Port Lions,123964.000,Water at Hydroelectric Turbine,2010
0263610,Port Lions,12606.000,Wind,2010
0263610,Port Lions,21851.580,Distillate Fuel Oil,2011
0263610,Port Lions,114186.000,Water at Hydroelectric Turbine,2011
0263610,Port Lions,12445.000,Wind,2011
0263610,Port Lions,5627.000,Distillate Fuel Oil,2012
0263610,Port Lions,131121.000,Water at Hydroelectric Turbine,2012
0263610,Port Lions,16313.000,Wind,2012
0263610,Port Lions,5808.000,Distillate Fuel Oil,2013
0263610,Port Lions,119142.000,Water at Hydroelectric Turbine,2013
0263610,Port Lions,26699.000,Wind,2013
0263610,Port Lions,0.000,Distillate Fuel Oil,2014
0263610,Port Lions,134031.000,Water at Hydroelectric Turbine,2014
0263610,Port Lions,23323.000,Wind,2014
0263610,Port Lions,0.000,Distillate Fuel Oil,2015
0263610,Port Lions,128893.000,Water at Hydroelectric Turbine,2015
0263610,Port Lions,29107.000,Wind,2015
0263610,Port Lions,0.000,Distillate Fuel Oil,2016
0263610,Port Lions,0.000,Electricity used for Energy Storage,2016
0263610,Port Lions,124484.000,Water at Hydroelectric Turbine,2016
0263610,Port Lions,29309.000,Wind,2016
0263610,Port Lions,912.000,Distillate Fuel Oil,2017
0263610,Port Lions,0.000,Electricity used for Energy Storage,2017
0263610,Port Lions,137014.000,Water at Hydroelectric Turbine,2017
0263610,Port Lions,24155.000,Wind,2017
0263610,Port Lions,74.000,Distillate Fuel Oil,2018
0263610,Port Lions,-582.000,Electricity used for Energy Storage,2018
0263610,Port Lions,121969.000,Water at Hydroelectric Turbine,2018
0263610,Port Lions,26170.000,Wind,2018
0263610,Port Lions,0.000,Distillate Fuel Oil,2019
0263610,Port Lions,-615.000,Electricity used for Energy Storage,2019
0263610,Port Lions,124762.000,Water at Hydroelectric Turbine,2019
0263610,Port Lions,25015.000,Wind,2019
0263610,Port Lions,0.000,Distillate Fuel Oil,2020
0263610,Port Lions,-516.000,Electricity used for Energy Storage,2020
0263610,Port Lions,126419.000,Water at Hydroelectric Turbine,2020
0263610,Port Lions,24682.000,Wind,2020
0263610,Port Lions,4.000,Distillate Fuel Oil,2021
0263610,Port Lions,-537.000,Electricity used for Energy Storage,2021
0263610,Port Lions,132333.000,Water at Hydroelectric Turbine,2021
0263610,Port Lions,25238.000,Wind,2021
0263870,Port Protection,,,
0262285,Portage Creek,,,
0264240,Primrose,581.001,Distillate Fuel Oil,2002
0264240,Primrose,0.000,Distillate Fuel Oil,2003
0264240,Primrose,239.999,Distillate Fuel Oil,2004
0264240,Primrose,180.999,Distillate Fuel Oil,2005
0264240,Primrose,196.001,Distillate Fuel Oil,2006
0264240,Primrose,2811.003,Distillate Fuel Oil,2007
0264240,Primrose,77.420,Distillate Fuel Oil,2009
0264240,Primrose,678.000,Distillate Fuel Oil,2010
0264240,Primrose,44.000,Distillate Fuel Oil,2011
0264240,Primrose,100.000,Distillate Fuel Oil,2012
0264240,Primrose,306.000,Distillate Fuel Oil,2013
0264240,Primrose,49.000,Distillate Fuel Oil,2014
0264240,Primrose,386.000,Distillate Fuel Oil,2015
0264240,Primrose,105.000,Distillate Fuel Oil,2016
0264240,Primrose,85.000,Distillate Fuel Oil,2017
0264240,Primrose,144.000,Distillate Fuel Oil,2018
0264240,Primrose,218.000,Distillate Fuel Oil,2019
0264240,Primrose,335.000,Distillate Fuel Oil,2021
0264380,Prudhoe Bay,54370.076,Natural Gas,2012
0264380,Prudhoe Bay,55305.278,Natural Gas,2013
0264380,Prudhoe Bay,5.000,Distillate Fuel Oil,2014
0264380,Prudhoe Bay,75203.000,Natural Gas,2014
0264380,Prudhoe Bay,0.000,Distillate Fuel Oil,2015
0264380,Prudhoe Bay,80721.000,Natural Gas,2015
0264380,Prudhoe Bay,0.000,Distillate Fuel Oil,2016
0264380,Prudhoe Bay,72702.000,Natural Gas,2016
0264380,Prudhoe Bay,0.000,Distillate Fuel Oil,2017
0264380,Prudhoe Bay,64717.000,Natural Gas,2017
0264380,Prudhoe Bay,0.000,Distillate Fuel Oil,2018
0264380,Prudhoe Bay,60528.000,Natural Gas,2018
0264380,Prudhoe Bay,56251.000,Natural Gas,2019
0264380,Prudhoe Bay,55422.000,Natural Gas,2020
0264380,Prudhoe Bay,49320.000,Natural Gas,2021
0264600,Quinhagak,1463.001,Distillate Fuel Oil,2001
0264600,Quinhagak,1550.630,Distillate Fuel Oil,2002
0264600,Quinhagak,1667.656,Distillate Fuel Oil,2003
0264600,Quinhagak,1746.981,Distillate Fuel Oil,2004
0264600,Quinhagak,1709.819,Distillate Fuel Oil,2005
0264600,Quinhagak,1828.348,Distillate Fuel Oil,2006
0264600,Quinhagak,1897.593,Distillate Fuel Oil,2007
0264600,Quinhagak,2017.021,Distillate Fuel Oil,2008
0264600,Quinhagak,1929.725,Distillate Fuel Oil,2009
0264600,Quinhagak,1665.105,Distillate Fuel Oil,2010
0264600,Quinhagak,72.212,Wind,2010
0264600,Quinhagak,1457.918,Distillate Fuel Oil,2011
0264600,Quinhagak,409.240,Wind,2011
0264600,Quinhagak,1433.812,Distillate Fuel Oil,2012
0264600,Quinhagak,536.996,Wind,2012
0264600,Quinhagak,1496.746,Distillate Fuel Oil,2013
0264600,Quinhagak,568.466,Wind,2013
0264600,Quinhagak,1705.186,Distillate Fuel Oil,2014
0264600,Quinhagak,425.341,Wind,2014
0264600,Quinhagak,1754.134,Distillate Fuel Oil,2015
0264600,Quinhagak,485.175,Wind,2015
0264600,Quinhagak,1525.940,Distillate Fuel Oil,2016
0264600,Quinhagak,694.313,Wind,2016
0264600,Quinhagak,1742.030,Distillate Fuel Oil,2017
0264600,Quinhagak,538.548,Wind,2017
0264600,Quinhagak,1608.370,Distillate Fuel Oil,2018
0264600,Quinhagak,551.549,Wind,2018
0264600,Quinhagak,1564.475,Distillate Fuel Oil,2019
0264600,Quinhagak,628.001,Wind,2019
0264600,Quinhagak,1903.050,Distillate Fuel Oil,2020
0264600,Quinhagak,371.809,Wind,2020
0264600,Quinhagak,1779.458,Distillate Fuel Oil,2021
0264600,Quinhagak,561.295,Wind,2021
0264820,Rampart,56.799,Distillate Fuel Oil,2015
0264820,Rampart,200.677,Distillate Fuel Oil,2016
0264820,Rampart,244.669,Distillate Fuel Oil,2017
0264820,Rampart,65.745,Distillate Fuel Oil,2018
0264820,Rampart,126.915,Distillate Fuel Oil,2019
0264820,Rampart,264.655,Distillate Fuel Oil,2020
0264820,Rampart,122.730,Distillate Fuel Oil,2021
0264930,Red Devil,200.421,Distillate Fuel Oil,2001
0264930,Red Devil,342.022,Distillate Fuel Oil,2002
0264930,Red Devil,330.450,Distillate Fuel Oil,2003
0264930,Red Devil,377.897,Distillate Fuel Oil,2004
0264930,Red Devil,404.009,Distillate Fuel Oil,2005
0264930,Red Devil,426.796,Distillate Fuel Oil,2006
0264930,Red Devil,421.006,Distillate Fuel Oil,2007
0264930,Red Devil,403.849,Distillate Fuel Oil,2008
0264930,Red Devil,373.894,Distillate Fuel Oil,2009
0264930,Red Devil,349.778,Distillate Fuel Oil,2010
0264930,Red Devil,394.812,Distillate Fuel Oil,2011
0264930,Red Devil,390.633,Distillate Fuel Oil,2012
0264930,Red Devil,344.045,Distillate Fuel Oil,2013
0264930,Red Devil,330.963,Distillate Fuel Oil,2014
0264930,Red Devil,328.255,Distillate Fuel Oil,2015
0264930,Red Devil,308.870,Distillate Fuel Oil,2016
0264930,Red Devil,323.277,Distillate Fuel Oil,2017
0264930,Red Devil,318.139,Distillate Fuel Oil,2018
0264930,Red Devil,313.780,Distillate Fuel Oil,2019
0264930,Red Devil,320.181,Distillate Fuel Oil,2020
0264930,Red Devil,372.840,Distillate Fuel Oil,2021
0264980,Red Dog Mine,,,
0265345,Ridgeway,490.999,Distillate Fuel Oil,2001
0265345,Ridgeway,426710.001,Natural Gas,2001
0265345,Ridgeway,345681.000,Water at Hydroelectric Turbine,2001
0265345,Ridgeway,355.740,Distillate Fuel Oil,2002
0265345,Ridgeway,473327.141,Natural Gas,2002
0265345,Ridgeway,484899.000,Water at Hydroelectric Turbine,2002
0265345,Ridgeway,243.001,Distillate Fuel Oil,2003
0265345,Ridgeway,399766.998,Natural Gas,2003
0265345,Ridgeway,500875.000,Water at Hydroelectric Turbine,2003
0265345,Ridgeway,336.702,Distillate Fuel Oil,2004
0265345,Ridgeway,398518.890,Natural Gas,2004
0265345,Ridgeway,429709.000,Water at Hydroelectric Turbine,2004
0265345,Ridgeway,235.643,Distillate Fuel Oil,2005
0265345,Ridgeway,490271.637,Natural Gas,2005
0265345,Ridgeway,452757.000,Water at Hydroelectric Turbine,2005
0265345,Ridgeway,236.000,Distillate Fuel Oil,2006
0265345,Ridgeway,2147.575,Jet Fuel,2006
0265345,Ridgeway,451056.328,Natural Gas,2006
0265345,Ridgeway,343766.000,Water at Hydroelectric Turbine,2006
0265345,Ridgeway,382.001,Distillate Fuel Oil,2007
0265345,Ridgeway,264.025,Jet Fuel,2007
0265345,Ridgeway,443609.870,Natural Gas,2007
0265345,Ridgeway,336288.000,Water at Hydroelectric Turbine,2007
0265345,Ridgeway,22.000,Distillate Fuel Oil,2008
0265345,Ridgeway,3.268,Jet Fuel,2008
0265345,Ridgeway,473626.372,Natural Gas,2008
0265345,Ridgeway,296759.000,Water at Hydroelectric Turbine,2008
0265345,Ridgeway,324.649,Distillate Fuel Oil,2009
0265345,Ridgeway,163.399,Jet Fuel,2009
0265345,Ridgeway,378362.432,Natural Gas,2009
0265345,Ridgeway,362293.410,Water at Hydroelectric Turbine,2009
0265345,Ridgeway,202.000,Distillate Fuel Oil,2010
0265345,Ridgeway,0.000,Jet Fuel,2010
0265345,Ridgeway,354378.140,Natural Gas,2010
0265345,Ridgeway,348270.970,Water at Hydroelectric Turbine,2010
0265345,Ridgeway,160.167,Distillate Fuel Oil,2011
0265345,Ridgeway,0.000,Jet Fuel,2011
0265345,Ridgeway,375394.769,Natural Gas,2011
0265345,Ridgeway,2738.304,Other Gas,2011
0265345,Ridgeway,303900.000,Water at Hydroelectric Turbine,2011
0265345,Ridgeway,214.332,Distillate Fuel Oil,2012
0265345,Ridgeway,0.000,Jet Fuel,2012
0265345,Ridgeway,355032.847,Natural Gas,2012
0265345,Ridgeway,2658.441,Other Gas,2012
0265345,Ridgeway,397373.000,Water at Hydroelectric Turbine,2012
0265345,Ridgeway,101.277,Distillate Fuel Oil,2013
0265345,Ridgeway,0.000,Jet Fuel,2013
0265345,Ridgeway,201008.184,Natural Gas,2013
0265345,Ridgeway,430.659,Waste Oil,2013
0265345,Ridgeway,368254.000,Water at Hydroelectric Turbine,2013
0265345,Ridgeway,444.000,Distillate Fuel Oil,2014
0265345,Ridgeway,0.000,Jet Fuel,2014
0265345,Ridgeway,306144.240,Natural Gas,2014
0265345,Ridgeway,0.000,Waste Oil,2014
0265345,Ridgeway,432575.000,Water at Hydroelectric Turbine,2014
0265345,Ridgeway,228.103,Distillate Fuel Oil,2015
0265345,Ridgeway,0.000,Jet Fuel,2015
0265345,Ridgeway,315789.997,Natural Gas,2015
0265345,Ridgeway,471705.000,Water at Hydroelectric Turbine,2015
0265345,Ridgeway,87.000,Distillate Fuel Oil,2016
0265345,Ridgeway,0.000,Jet Fuel,2016
0265345,Ridgeway,316448.000,Natural Gas,2016
0265345,Ridgeway,430509.000,Water at Hydroelectric Turbine,2016
0265345,Ridgeway,15.000,Distillate Fuel Oil,2017
0265345,Ridgeway,0.000,Jet Fuel,2017
0265345,Ridgeway,316493.000,Natural Gas,2017
0265345,Ridgeway,387059.000,Water at Hydroelectric Turbine,2017
0265345,Ridgeway,85.461,Distillate Fuel Oil,2018
0265345,Ridgeway,0.000,Jet Fuel,2018
0265345,Ridgeway,276027.539,Natural Gas,2018
0265345,Ridgeway,404479.000,Water at Hydroelectric Turbine,2018
0265345,Ridgeway,63.000,Distillate Fuel Oil,2019
0265345,Ridgeway,0.000,Jet Fuel,2019
0265345,Ridgeway,237333.000,Natural Gas,2019
0265345,Ridgeway,413592.000,Water at Hydroelectric Turbine,2019
0265345,Ridgeway,4329.915,Distillate Fuel Oil,2020
0265345,Ridgeway,302127.085,Natural Gas,2020
0265345,Ridgeway,466635.000,Water at Hydroelectric Turbine,2020
0265345,Ridgeway,224.000,Distillate Fuel Oil,2021
0265345,Ridgeway,290511.000,Natural Gas,2021
0265345,Ridgeway,391018.000,Water at Hydroelectric Turbine,2021
0265590,Ruby,334.440,Distillate Fuel Oil,2001
0265590,Ruby,669.090,Distillate Fuel Oil,2002
0265590,Ruby,198.420,Distillate Fuel Oil,2003
0265590,Ruby,537.635,Distillate Fuel Oil,2004
0265590,Ruby,699.082,Distillate Fuel Oil,2005
0265590,Ruby,20.246,Distillate Fuel Oil,2006
0265590,Ruby,247.320,Distillate Fuel Oil,2009
0265590,Ruby,663.226,Distillate Fuel Oil,2010
0265590,Ruby,743.147,Distillate Fuel Oil,2011
0265590,Ruby,701.082,Distillate Fuel Oil,2012
0265590,Ruby,677.691,Distillate Fuel Oil,2013
0265590,Ruby,678.940,Distillate Fuel Oil,2014
0265590,Ruby,671.984,Distillate Fuel Oil,2015
0265590,Ruby,637.712,Distillate Fuel Oil,2016
0265590,Ruby,658.487,Distillate Fuel Oil,2017
0265590,Ruby,542.331,Distillate Fuel Oil,2018
0265590,Ruby,271.923,Distillate Fuel Oil,2019
0265590,Ruby,492.842,Distillate Fuel Oil,2020
0265590,Ruby,679.361,Distillate Fuel Oil,2021
0265700,Russian Mission,651.999,Distillate Fuel Oil,2001
0265700,Russian Mission,800.185,Distillate Fuel Oil,2002
0265700,Russian Mission,792.889,Distillate Fuel Oil,2003
0265700,Russian Mission,799.971,Distillate Fuel Oil,2004
0265700,Russian Mission,784.854,Distillate Fuel Oil,2005
0265700,Russian Mission,795.960,Distillate Fuel Oil,2006
0265700,Russian Mission,827.645,Distillate Fuel Oil,2007
0265700,Russian Mission,867.359,Distillate Fuel Oil,2008
0265700,Russian Mission,945.466,Distillate Fuel Oil,2009
0265700,Russian Mission,1155.510,Distillate Fuel Oil,2010
0265700,Russian Mission,1115.470,Distillate Fuel Oil,2011
0265700,Russian Mission,1055.748,Distillate Fuel Oil,2012
0265700,Russian Mission,1037.258,Distillate Fuel Oil,2013
0265700,Russian Mission,1039.636,Distillate Fuel Oil,2014
0265700,Russian Mission,997.381,Distillate Fuel Oil,2015
0265700,Russian Mission,1023.124,Distillate Fuel Oil,2016
0265700,Russian Mission,994.656,Distillate Fuel Oil,2017
0265700,Russian Mission,1010.729,Distillate Fuel Oil,2018
0265700,Russian Mission,970.412,Distillate Fuel Oil,2019
0265700,Russian Mission,945.360,Distillate Fuel Oil,2020
0265700,Russian Mission,951.299,Distillate Fuel Oil,2021
0265800,Saint George,476.343,Distillate Fuel Oil,2001
0265800,Saint George,859.812,Distillate Fuel Oil,2002
0265800,Saint George,232.462,Distillate Fuel Oil,2003
0265800,Saint George,799.815,Distillate Fuel Oil,2011
0265800,Saint George,788.280,Distillate Fuel Oil,2012
0265800,Saint George,707.230,Distillate Fuel Oil,2013
0265800,Saint George,661.949,Distillate Fuel Oil,2014
0265800,Saint George,604.591,Distillate Fuel Oil,2015
0265800,Saint George,543.698,Distillate Fuel Oil,2016
0265800,Saint George,57.192,Wind,2016
0265800,Saint George,569.596,Distillate Fuel Oil,2017
0265800,Saint George,598.653,Distillate Fuel Oil,2018
0265800,Saint George,558.020,Distillate Fuel Oil,2019
0265800,Saint George,527.947,Distillate Fuel Oil,2020
0265800,Saint George,478.382,Distillate Fuel Oil,2021
0266140,Saint Mary's,5358.000,Distillate Fuel Oil,2001
0266140,Saint Mary's,5429.502,Distillate Fuel Oil,2002
0266140,Saint Mary's,5686.897,Distillate Fuel Oil,2003
0266140,Saint Mary's,5675.570,Distillate Fuel Oil,2004
0266140,Saint Mary's,5603.532,Distillate Fuel Oil,2005
0266140,Saint Mary's,5606.122,Distillate Fuel Oil,2006
0266140,Saint Mary's,5512.810,Distillate Fuel Oil,2007
0266140,Saint Mary's,5717.493,Distillate Fuel Oil,2008
0266140,Saint Mary's,5875.149,Distillate Fuel Oil,2009
0266140,Saint Mary's,11764.350,Distillate Fuel Oil,2010
0266140,Saint Mary's,6059.249,Distillate Fuel Oil,2011
0266140,Saint Mary's,6217.733,Distillate Fuel Oil,2012
0266140,Saint Mary's,6172.858,Distillate Fuel Oil,2013
0266140,Saint Mary's,5852.806,Distillate Fuel Oil,2014
0266140,Saint Mary's,5955.323,Distillate Fuel Oil,2015
0266140,Saint Mary's,5820.564,Distillate Fuel Oil,2016
0266140,Saint Mary's,5795.890,Distillate Fuel Oil,2017
0266140,Saint Mary's,5844.812,Distillate Fuel Oil,2018
0266140,Saint Mary's,4766.398,Distillate Fuel Oil,2019
0266140,Saint Mary's,1112.314,Wind,2019
0266140,Saint Mary's,4518.506,Distillate Fuel Oil,2020
0266140,Saint Mary's,1912.159,Wind,2020
0266140,Saint Mary's,3649.804,Distillate Fuel Oil,2021
0266140,Saint Mary's,2060.478,Wind,2021
0266360,Saint Michael,2599.000,Distillate Fuel Oil,2001
0266360,Saint Michael,2612.404,Distillate Fuel Oil,2002
0266360,Saint Michael,2771.908,Distillate Fuel Oil,2003
0266360,Saint Michael,2887.400,Distillate Fuel Oil,2004
0266360,Saint Michael,2935.260,Distillate Fuel Oil,2005
0266360,Saint Michael,2888.527,Distillate Fuel Oil,2006
0266360,Saint Michael,2906.994,Distillate Fuel Oil,2007
0266360,Saint Michael,3261.679,Distillate Fuel Oil,2008
0266360,Saint Michael,3256.624,Distillate Fuel Oil,2009
0266360,Saint Michael,3331.248,Distillate Fuel Oil,2010
0266360,Saint Michael,3168.326,Distillate Fuel Oil,2011
0266360,Saint Michael,3289.443,Distillate Fuel Oil,2012
0266360,Saint Michael,3319.849,Distillate Fuel Oil,2013
0266360,Saint Michael,3285.120,Distillate Fuel Oil,2014
0266360,Saint Michael,3350.432,Distillate Fuel Oil,2015
0266360,Saint Michael,3406.212,Distillate Fuel Oil,2016
0266360,Saint Michael,3473.896,Distillate Fuel Oil,2017
0266360,Saint Michael,3519.456,Distillate Fuel Oil,2018
0266360,Saint Michael,3456.195,Distillate Fuel Oil,2019
0266360,Saint Michael,3505.795,Distillate Fuel Oil,2020
0266360,Saint Michael,3563.795,Distillate Fuel Oil,2021
0266470,Saint Paul,2017.146,Distillate Fuel Oil,2001
0266470,Saint Paul,4024.239,Distillate Fuel Oil,2002
0266470,Saint Paul,4028.794,Distillate Fuel Oil,2003
0266470,Saint Paul,6230.881,Distillate Fuel Oil,2004
0266470,Saint Paul,6185.476,Distillate Fuel Oil,2005
0266470,Saint Paul,6160.191,Distillate Fuel Oil,2006
0266470,Saint Paul,6156.549,Distillate Fuel Oil,2007
0266470,Saint Paul,5537.487,Distillate Fuel Oil,2008
0266470,Saint Paul,5250.044,Distillate Fuel Oil,2009
0266470,Saint Paul,4810.545,Distillate Fuel Oil,2010
0266470,Saint Paul,4455.160,Distillate Fuel Oil,2011
0266470,Saint Paul,4701.112,Distillate Fuel Oil,2012
0266470,Saint Paul,3666.040,Distillate Fuel Oil,2013
0266470,Saint Paul,886.347,Distillate Fuel Oil,2014
0266470,Saint Paul,3042.315,Distillate Fuel Oil,2020
0266470,Saint Paul,3305.160,Distillate Fuel Oil,2021
0266510,Salamatof,490.999,Distillate Fuel Oil,2001
0266510,Salamatof,426710.001,Natural Gas,2001
0266510,Salamatof,345681.000,Water at Hydroelectric Turbine,2001
0266510,Salamatof,355.740,Distillate Fuel Oil,2002
0266510,Salamatof,473327.141,Natural Gas,2002
0266510,Salamatof,484899.000,Water at Hydroelectric Turbine,2002
0266510,Salamatof,243.001,Distillate Fuel Oil,2003
0266510,Salamatof,399766.998,Natural Gas,2003
0266510,Salamatof,500875.000,Water at Hydroelectric Turbine,2003
0266510,Salamatof,336.702,Distillate Fuel Oil,2004
0266510,Salamatof,398518.890,Natural Gas,2004
0266510,Salamatof,429709.000,Water at Hydroelectric Turbine,2004
0266510,Salamatof,235.643,Distillate Fuel Oil,2005
0266510,Salamatof,490271.637,Natural Gas,2005
0266510,Salamatof,452757.000,Water at Hydroelectric Turbine,2005
0266510,Salamatof,236.000,Distillate Fuel Oil,2006
0266510,Salamatof,2147.575,Jet Fuel,2006
0266510,Salamatof,451056.328,Natural Gas,2006
0266510,Salamatof,343766.000,Water at Hydroelectric Turbine,2006
0266510,Salamatof,382.001,Distillate Fuel Oil,2007
0266510,Salamatof,264.025,Jet Fuel,2007
0266510,Salamatof,443609.870,Natural Gas,2007
0266510,Salamatof,336288.000,Water at Hydroelectric Turbine,2007
0266510,Salamatof,22.000,Distillate Fuel Oil,2008
0266510,Salamatof,3.268,Jet Fuel,2008
0266510,Salamatof,473626.372,Natural Gas,2008
0266510,Salamatof,296759.000,Water at Hydroelectric Turbine,2008
0266510,Salamatof,324.649,Distillate Fuel Oil,2009
0266510,Salamatof,163.399,Jet Fuel,2009
0266510,Salamatof,378362.432,Natural Gas,2009
0266510,Salamatof,362293.410,Water at Hydroelectric Turbine,2009
0266510,Salamatof,202.000,Distillate Fuel Oil,2010
0266510,Salamatof,0.000,Jet Fuel,2010
0266510,Salamatof,354378.140,Natural Gas,2010
0266510,Salamatof,348270.970,Water at Hydroelectric Turbine,2010
0266510,Salamatof,160.167,Distillate Fuel Oil,2011
0266510,Salamatof,0.000,Jet Fuel,2011
0266510,Salamatof,375394.769,Natural Gas,2011
0266510,Salamatof,2738.304,Other Gas,2011
0266510,Salamatof,303900.000,Water at Hydroelectric Turbine,2011
0266510,Salamatof,214.332,Distillate Fuel Oil,2012
0266510,Salamatof,0.000,Jet Fuel,2012
0266510,Salamatof,355032.847,Natural Gas,2012
0266510,Salamatof,2658.441,Other Gas,2012
0266510,Salamatof,397373.000,Water at Hydroelectric Turbine,2012
0266510,Salamatof,101.277,Distillate Fuel Oil,2013
0266510,Salamatof,0.000,Jet Fuel,2013
0266510,Salamatof,201008.184,Natural Gas,2013
0266510,Salamatof,430.659,Waste Oil,2013
0266510,Salamatof,368254.000,Water at Hydroelectric Turbine,2013
0266510,Salamatof,444.000,Distillate Fuel Oil,2014
0266510,Salamatof,0.000,Jet Fuel,2014
0266510,Salamatof,306144.240,Natural Gas,2014
0266510,Salamatof,0.000,Waste Oil,2014
0266510,Salamatof,432575.000,Water at Hydroelectric Turbine,2014
0266510,Salamatof,228.103,Distillate Fuel Oil,2015
0266510,Salamatof,0.000,Jet Fuel,2015
0266510,Salamatof,315789.997,Natural Gas,2015
0266510,Salamatof,471705.000,Water at Hydroelectric Turbine,2015
0266510,Salamatof,87.000,Distillate Fuel Oil,2016
0266510,Salamatof,0.000,Jet Fuel,2016
0266510,Salamatof,316448.000,Natural Gas,2016
0266510,Salamatof,430509.000,Water at Hydroelectric Turbine,2016
0266510,Salamatof,15.000,Distillate Fuel Oil,2017
0266510,Salamatof,0.000,Jet Fuel,2017
0266510,Salamatof,316493.000,Natural Gas,2017
0266510,Salamatof,387059.000,Water at Hydroelectric Turbine,2017
0266510,Salamatof,85.461,Distillate Fuel Oil,2018
0266510,Salamatof,0.000,Jet Fuel,2018
0266510,Salamatof,276027.539,Natural Gas,2018
0266510,Salamatof,404479.000,Water at Hydroelectric Turbine,2018
0266510,Salamatof,63.000,Distillate Fuel Oil,2019
0266510,Salamatof,0.000,Jet Fuel,2019
0266510,Salamatof,237333.000,Natural Gas,2019
0266510,Salamatof,413592.000,Water at Hydroelectric Turbine,2019
0266510,Salamatof,4329.915,Distillate Fuel Oil,2020
0266510,Salamatof,302127.085,Natural Gas,2020
0266510,Salamatof,466635.000,Water at Hydroelectric Turbine,2020
0266510,Salamatof,224.000,Distillate Fuel Oil,2021
0266510,Salamatof,290511.000,Natural Gas,2021
0266510,Salamatof,391018.000,Water at Hydroelectric Turbine,2021
0266550,Salcha,320199.883,Coal,2001
0266550,Salcha,10180.000,Distillate Fuel Oil,2001
0266550,Salcha,579967.000,Residual Fuel Oil,2001
0266550,Salcha,481090.841,Coal,2002
0266550,Salcha,17426.909,Distillate Fuel Oil,2002
0266550,Salcha,546300.000,Residual Fuel Oil,2002
0266550,Salcha,32.000,Waste Oil,2002
0266550,Salcha,1031.000,Wood Waste Solids,2002
0266550,Salcha,456747.980,Coal,2003
0266550,Salcha,6308.990,Distillate Fuel Oil,2003
0266550,Salcha,453733.000,Residual Fuel Oil,2003
0266550,Salcha,64.000,Waste Oil,2003
0266550,Salcha,758.001,Wood Waste Solids,2003
0266550,Salcha,519938.432,Coal,2004
0266550,Salcha,9963.938,Distillate Fuel Oil,2004
0266550,Salcha,360379.000,Residual Fuel Oil,2004
0266550,Salcha,0.000,Waste Oil,2004
0266550,Salcha,388.500,Wood Waste Solids,2004
0266550,Salcha,525017.007,Coal,2005
0266550,Salcha,2907.565,Distillate Fuel Oil,2005
0266550,Salcha,360562.000,Residual Fuel Oil,2005
0266550,Salcha,0.000,Waste Oil,2005
0266550,Salcha,382.565,Wood Waste Solids,2005
0266550,Salcha,532341.253,Coal,2006
0266550,Salcha,3215.258,Distillate Fuel Oil,2006
0266550,Salcha,337599.000,Residual Fuel Oil,2006
0266550,Salcha,0.000,Waste Oil,2006
0266550,Salcha,515.509,Wood Waste Solids,2006
0266550,Salcha,538127.163,Coal,2007
0266550,Salcha,5102.496,Distillate Fuel Oil,2007
0266550,Salcha,284406.908,Jet Fuel,2007
0266550,Salcha,436.577,Natural Gas,2007
0266550,Salcha,266301.606,Residual Fuel Oil,2007
0266550,Salcha,0.000,Waste Oil,2007
0266550,Salcha,21.755,Wood Waste Solids,2007
0266550,Salcha,512423.237,Coal,2008
0266550,Salcha,5916.308,Distillate Fuel Oil,2008
0266550,Salcha,387339.730,Jet Fuel,2008
0266550,Salcha,0.000,Natural Gas,2008
0266550,Salcha,126668.178,Residual Fuel Oil,2008
0266550,Salcha,0.000,Wood Waste Solids,2008
0266550,Salcha,515890.711,Coal,2009
0266550,Salcha,7005.089,Distillate Fuel Oil,2009
0266550,Salcha,370545.007,Jet Fuel,2009
0266550,Salcha,0.000,Natural Gas,2009
0266550,Salcha,343136.891,Residual Fuel Oil,2009
0266550,Salcha,463538.211,Coal,2010
0266550,Salcha,7652.130,Distillate Fuel Oil,2010
0266550,Salcha,0.000,Jet Fuel,2010
0266550,Salcha,639.868,Natural Gas,2010
0266550,Salcha,192178.603,Residual Fuel Oil,2010
0266550,Salcha,423964.882,Coal,2011
0266550,Salcha,3653.416,Distillate Fuel Oil,2011
0266550,Salcha,155547.000,Jet Fuel,2011
0266550,Salcha,2837.823,Natural Gas,2011
0266550,Salcha,102593.325,Residual Fuel Oil,2011
0266550,Salcha,463815.730,Coal,2012
0266550,Salcha,5994.123,Distillate Fuel Oil,2012
0266550,Salcha,197942.000,Jet Fuel,2012
0266550,Salcha,2683.523,Natural Gas,2012
0266550,Salcha,175535.364,Residual Fuel Oil,2012
0266550,Salcha,374005.564,Coal,2013
0266550,Salcha,3916.995,Distillate Fuel Oil,2013
0266550,Salcha,91958.000,Jet Fuel,2013
0266550,Salcha,5000.441,Natural Gas,2013
0266550,Salcha,33991.362,Residual Fuel Oil,2013
0266550,Salcha,72610.000,Wind,2013
0266550,Salcha,0.000,Wood Waste Solids,2013
0266550,Salcha,376282.303,Coal,2014
0266550,Salcha,1508.242,Distillate Fuel Oil,2014
0266550,Salcha,131279.730,Jet Fuel,2014
0266550,Salcha,2161.112,Natural Gas,2014
0266550,Salcha,47426.548,Residual Fuel Oil,2014
0266550,Salcha,76279.000,Wind,2014
0266550,Salcha,0.000,Wood Waste Solids,2014
0266550,Salcha,432567.508,Coal,2015
0266550,Salcha,14837.204,Distillate Fuel Oil,2015
0266550,Salcha,0.000,Jet Fuel,2015
0266550,Salcha,0.000,Natural Gas,2015
0266550,Salcha,48522.553,Residual Fuel Oil,2015
0266550,Salcha,163960.164,Waste Oil,2015
0266550,Salcha,76784.000,Wind,2015
0266550,Salcha,0.000,Wood Waste Solids,2015
0266550,Salcha,395864.156,Coal,2016
0266550,Salcha,46782.391,Distillate Fuel Oil,2016
0266550,Salcha,-2392.000,Electricity used for Energy Storage,2016
0266550,Salcha,0.000,Jet Fuel,2016
0266550,Salcha,1129.934,Natural Gas,2016
0266550,Salcha,0.000,Residual Fuel Oil,2016
0266550,Salcha,48474.738,Waste Oil,2016
0266550,Salcha,78291.000,Wind,2016
0266550,Salcha,0.000,Wood Waste Solids,2016
0266550,Salcha,356409.011,Coal,2017
0266550,Salcha,70874.044,Distillate Fuel Oil,2017
0266550,Salcha,-2711.000,Electricity used for Energy Storage,2017
0266550,Salcha,0.000,Jet Fuel,2017
0266550,Salcha,554.666,Natural Gas,2017
0266550,Salcha,0.000,Residual Fuel Oil,2017
0266550,Salcha,144787.681,Waste Oil,2017
0266550,Salcha,64121.000,Wind,2017
0266550,Salcha,0.000,Wood Waste Solids,2017
0266550,Salcha,392019.635,Coal,2018
0266550,Salcha,64419.043,Distillate Fuel Oil,2018
0266550,Salcha,-2428.000,Electricity used for Energy Storage,2018
0266550,Salcha,0.000,Jet Fuel,2018
0266550,Salcha,0.000,Natural Gas,2018
0266550,Salcha,0.000,Residual Fuel Oil,2018
0266550,Salcha,82114.648,Waste Oil,2018
0266550,Salcha,70012.000,Wind,2018
0266550,Salcha,0.000,Wood Waste Solids,2018
0266550,Salcha,0.000,Agricultural By-Products,2019
0266550,Salcha,481171.537,Coal,2019
0266550,Salcha,28027.598,Distillate Fuel Oil,2019
0266550,Salcha,-3280.000,Electricity used for Energy Storage,2019
0266550,Salcha,2627.119,Jet Fuel,2019
0266550,Salcha,0.080,Natural Gas,2019
0266550,Salcha,0.000,Residual Fuel Oil,2019
0266550,Salcha,164462.097,Waste Oil,2019
0266550,Salcha,64076.000,Wind,2019
0266550,Salcha,0.000,Wood Waste Solids,2019
0266550,Salcha,466648.747,Coal,2020
0266550,Salcha,153461.063,Distillate Fuel Oil,2020
0266550,Salcha,-2810.000,Electricity used for Energy Storage,2020
0266550,Salcha,2081.775,Jet Fuel,2020
0266550,Salcha,6.054,Natural Gas,2020
0266550,Salcha,211433.728,Waste Oil,2020
0266550,Salcha,49937.000,Wind,2020
0266550,Salcha,503966.256,Coal,2021
0266550,Salcha,88907.304,Distillate Fuel Oil,2021
0266550,Salcha,-3433.000,Electricity used for Energy Storage,2021
0266550,Salcha,671.883,Jet Fuel,2021
0266550,Salcha,3.471,Natural Gas,2021
0266550,Salcha,184970.610,Waste Oil,2021
0266550,Salcha,60302.000,Wind,2021
0266550,Salcha,,,
0267020,Sand Point,1896.960,Distillate Fuel Oil,2001
0267020,Sand Point,3690.763,Distillate Fuel Oil,2002
0267020,Sand Point,3818.505,Distillate Fuel Oil,2003
0267020,Sand Point,4145.171,Distillate Fuel Oil,2004
0267020,Sand Point,4198.450,Distillate Fuel Oil,2005
0267020,Sand Point,4259.600,Distillate Fuel Oil,2006
0267020,Sand Point,4204.200,Distillate Fuel Oil,2007
0267020,Sand Point,4343.500,Distillate Fuel Oil,2008
0267020,Sand Point,4380.218,Distillate Fuel Oil,2009
0267020,Sand Point,4321.385,Distillate Fuel Oil,2010
0267020,Sand Point,4457.235,Distillate Fuel Oil,2011
0267020,Sand Point,570.587,Distillate Fuel Oil,2012
0267020,Sand Point,582.906,Wind,2012
0267020,Sand Point,765.764,Wind,2013
0267020,Sand Point,486.870,Distillate Fuel Oil,2014
0267020,Sand Point,1026.611,Wind,2014
0267020,Sand Point,751.330,Distillate Fuel Oil,2015
0267020,Sand Point,742.247,Wind,2015
0267020,Sand Point,735.698,Wind,2016
0267020,Sand Point,875.900,Distillate Fuel Oil,2017
0267020,Sand Point,624.335,Wind,2017
0267020,Sand Point,1202.683,Wind,2018
0267020,Sand Point,2865.934,Distillate Fuel Oil,2019
0267020,Sand Point,1022.284,Wind,2019
0267020,Sand Point,3265.108,Distillate Fuel Oil,2020
0267020,Sand Point,347.000,Wind,2020
0267020,Sand Point,3595.570,Distillate Fuel Oil,2021
0267020,Sand Point,134.000,Wind,2021
0267460,Savoonga,1801.000,Distillate Fuel Oil,2001
0267460,Savoonga,1880.396,Distillate Fuel Oil,2002
0267460,Savoonga,1942.615,Distillate Fuel Oil,2003
0267460,Savoonga,1853.630,Distillate Fuel Oil,2004
0267460,Savoonga,1827.671,Distillate Fuel Oil,2005
0267460,Savoonga,1829.204,Distillate Fuel Oil,2006
0267460,Savoonga,1888.284,Distillate Fuel Oil,2007
0267460,Savoonga,2059.555,Distillate Fuel Oil,2008
0267460,Savoonga,119.535,Wind,2008
0267460,Savoonga,1978.649,Distillate Fuel Oil,2009
0267460,Savoonga,354.000,Wind,2009
0267460,Savoonga,1811.196,Distillate Fuel Oil,2010
0267460,Savoonga,304.722,Wind,2010
0267460,Savoonga,1787.526,Distillate Fuel Oil,2011
0267460,Savoonga,359.924,Wind,2011
0267460,Savoonga,1934.963,Distillate Fuel Oil,2012
0267460,Savoonga,242.670,Wind,2012
0267460,Savoonga,1839.422,Distillate Fuel Oil,2013
0267460,Savoonga,353.559,Wind,2013
0267460,Savoonga,1921.541,Distillate Fuel Oil,2014
0267460,Savoonga,268.771,Wind,2014
0267460,Savoonga,1920.836,Distillate Fuel Oil,2015
0267460,Savoonga,258.538,Wind,2015
0267460,Savoonga,2157.808,Distillate Fuel Oil,2016
0267460,Savoonga,180.963,Wind,2016
0267460,Savoonga,2208.645,Distillate Fuel Oil,2017
0267460,Savoonga,110.783,Wind,2017
0267460,Savoonga,2119.143,Distillate Fuel Oil,2018
0267460,Savoonga,125.398,Wind,2018
0267460,Savoonga,2228.062,Distillate Fuel Oil,2019
0267460,Savoonga,80.989,Wind,2019
0267460,Savoonga,2320.215,Distillate Fuel Oil,2020
0267460,Savoonga,57.261,Wind,2020
0267460,Savoonga,2472.677,Distillate Fuel Oil,2021
0267460,Savoonga,54.958,Wind,2021
0267570,Saxman,7448.000,Distillate Fuel Oil,2001
0267570,Saxman,160492.001,Water at Hydroelectric Turbine,2001
0267570,Saxman,13481.000,Distillate Fuel Oil,2002
0267570,Saxman,139785.000,Water at Hydroelectric Turbine,2002
0267570,Saxman,1081.000,Distillate Fuel Oil,2003
0267570,Saxman,157395.001,Water at Hydroelectric Turbine,2003
0267570,Saxman,-968.000,Distillate Fuel Oil,2004
0267570,Saxman,153663.001,Water at Hydroelectric Turbine,2004
0267570,Saxman,-425.000,Distillate Fuel Oil,2005
0267570,Saxman,154000.998,Water at Hydroelectric Turbine,2005
0267570,Saxman,1773.999,Distillate Fuel Oil,2006
0267570,Saxman,159585.003,Water at Hydroelectric Turbine,2006
0267570,Saxman,942.999,Distillate Fuel Oil,2007
0267570,Saxman,160817.000,Water at Hydroelectric Turbine,2007
0267570,Saxman,16184.000,Distillate Fuel Oil,2008
0267570,Saxman,150875.000,Water at Hydroelectric Turbine,2008
0267570,Saxman,12337.000,Distillate Fuel Oil,2009
0267570,Saxman,155009.000,Water at Hydroelectric Turbine,2009
0267570,Saxman,-447.000,Distillate Fuel Oil,2010
0267570,Saxman,167639.000,Water at Hydroelectric Turbine,2010
0267570,Saxman,2603.000,Distillate Fuel Oil,2011
0267570,Saxman,172674.000,Water at Hydroelectric Turbine,2011
0267570,Saxman,456.000,Distillate Fuel Oil,2012
0267570,Saxman,182049.000,Water at Hydroelectric Turbine,2012
0267570,Saxman,10204.000,Distillate Fuel Oil,2013
0267570,Saxman,143463.000,Water at Hydroelectric Turbine,2013
0267570,Saxman,-262.903,Distillate Fuel Oil,2014
0267570,Saxman,149847.000,Water at Hydroelectric Turbine,2014
0267570,Saxman,-968.000,Distillate Fuel Oil,2015
0267570,Saxman,152521.000,Water at Hydroelectric Turbine,2015
0267570,Saxman,-1111.000,Distillate Fuel Oil,2016
0267570,Saxman,252601.000,Water at Hydroelectric Turbine,2016
0267570,Saxman,3307.000,Distillate Fuel Oil,2017
0267570,Saxman,261786.000,Water at Hydroelectric Turbine,2017
0267570,Saxman,18614.000,Distillate Fuel Oil,2018
0267570,Saxman,240892.000,Water at Hydroelectric Turbine,2018
0267570,Saxman,26855.000,Distillate Fuel Oil,2019
0267570,Saxman,203764.000,Water at Hydroelectric Turbine,2019
0267570,Saxman,-248.000,Distillate Fuel Oil,2020
0267570,Saxman,255030.000,Water at Hydroelectric Turbine,2020
0267570,Saxman,-106.000,Distillate Fuel Oil,2021
0267570,Saxman,265904.000,Water at Hydroelectric Turbine,2021
0267570,Saxman,,,
0267680,Scammon Bay,1050.000,Distillate Fuel Oil,2001
0267680,Scammon Bay,1032.754,Distillate Fuel Oil,2002
0267680,Scammon Bay,1060.794,Distillate Fuel Oil,2003
0267680,Scammon Bay,1186.052,Distillate Fuel Oil,2004
0267680,Scammon Bay,1511.082,Distillate Fuel Oil,2005
0267680,Scammon Bay,1602.974,Distillate Fuel Oil,2006
0267680,Scammon Bay,1696.424,Distillate Fuel Oil,2007
0267680,Scammon Bay,1735.500,Distillate Fuel Oil,2008
0267680,Scammon Bay,1757.544,Distillate Fuel Oil,2009
0267680,Scammon Bay,1697.567,Distillate Fuel Oil,2010
0267680,Scammon Bay,1766.952,Distillate Fuel Oil,2011
0267680,Scammon Bay,1681.956,Distillate Fuel Oil,2012
0267680,Scammon Bay,1706.370,Distillate Fuel Oil,2013
0267680,Scammon Bay,1711.609,Distillate Fuel Oil,2014
0267680,Scammon Bay,1671.054,Distillate Fuel Oil,2015
0267680,Scammon Bay,1671.649,Distillate Fuel Oil,2016
0267680,Scammon Bay,1688.073,Distillate Fuel Oil,2017
0267680,Scammon Bay,1672.489,Distillate Fuel Oil,2018
0267680,Scammon Bay,1643.411,Distillate Fuel Oil,2019
0267680,Scammon Bay,367.247,Jet Fuel,2019
0267680,Scammon Bay,1654.537,Distillate Fuel Oil,2020
0267680,Scammon Bay,1710.611,Distillate Fuel Oil,2021
0268230,Selawik,2362.000,Distillate Fuel Oil,2001
0268230,Selawik,2520.511,Distillate Fuel Oil,2002
0268230,Selawik,2676.680,Distillate Fuel Oil,2003
0268230,Selawik,2644.551,Distillate Fuel Oil,2004
0268230,Selawik,113.235,Wind,2004
0268230,Selawik,2692.996,Distillate Fuel Oil,2005
0268230,Selawik,73.610,Wind,2005
0268230,Selawik,2806.468,Distillate Fuel Oil,2006
0268230,Selawik,157.279,Wind,2006
0268230,Selawik,2908.981,Distillate Fuel Oil,2007
0268230,Selawik,156.708,Wind,2007
0268230,Selawik,2925.488,Distillate Fuel Oil,2008
0268230,Selawik,110.371,Wind,2008
0268230,Selawik,2922.241,Distillate Fuel Oil,2009
0268230,Selawik,88.215,Wind,2009
0268230,Selawik,2755.369,Distillate Fuel Oil,2010
0268230,Selawik,121.538,Wind,2010
0268230,Selawik,2797.539,Distillate Fuel Oil,2011
0268230,Selawik,107.907,Wind,2011
0268230,Selawik,3189.481,Distillate Fuel Oil,2012
0268230,Selawik,95.084,Wind,2012
0268230,Selawik,2855.889,Distillate Fuel Oil,2013
0268230,Selawik,54.994,Wind,2013
0268230,Selawik,2594.496,Distillate Fuel Oil,2014
0268230,Selawik,47.939,Wind,2014
0268230,Selawik,2678.128,Distillate Fuel Oil,2015
0268230,Selawik,104.580,Wind,2015
0268230,Selawik,2803.685,Distillate Fuel Oil,2016
0268230,Selawik,63.935,Wind,2016
0268230,Selawik,2840.319,Distillate Fuel Oil,2017
0268230,Selawik,14.837,Wind,2017
0268230,Selawik,2713.826,Distillate Fuel Oil,2018
0268230,Selawik,2558.410,Distillate Fuel Oil,2019
0268230,Selawik,2928.116,Distillate Fuel Oil,2020
0268230,Selawik,2859.981,Distillate Fuel Oil,2021
0268340,Seldovia,490.999,Distillate Fuel Oil,2001
0268340,Seldovia,426710.001,Natural Gas,2001
0268340,Seldovia,345681.000,Water at Hydroelectric Turbine,2001
0268340,Seldovia,355.740,Distillate Fuel Oil,2002
0268340,Seldovia,473327.141,Natural Gas,2002
0268340,Seldovia,484899.000,Water at Hydroelectric Turbine,2002
0268340,Seldovia,243.001,Distillate Fuel Oil,2003
0268340,Seldovia,399766.998,Natural Gas,2003
0268340,Seldovia,500875.000,Water at Hydroelectric Turbine,2003
0268340,Seldovia,336.702,Distillate Fuel Oil,2004
0268340,Seldovia,398518.890,Natural Gas,2004
0268340,Seldovia,429709.000,Water at Hydroelectric Turbine,2004
0268340,Seldovia,235.643,Distillate Fuel Oil,2005
0268340,Seldovia,490271.637,Natural Gas,2005
0268340,Seldovia,452757.000,Water at Hydroelectric Turbine,2005
0268340,Seldovia,236.000,Distillate Fuel Oil,2006
0268340,Seldovia,2147.575,Jet Fuel,2006
0268340,Seldovia,451056.328,Natural Gas,2006
0268340,Seldovia,343766.000,Water at Hydroelectric Turbine,2006
0268340,Seldovia,382.001,Distillate Fuel Oil,2007
0268340,Seldovia,264.025,Jet Fuel,2007
0268340,Seldovia,443609.870,Natural Gas,2007
0268340,Seldovia,336288.000,Water at Hydroelectric Turbine,2007
0268340,Seldovia,22.000,Distillate Fuel Oil,2008
0268340,Seldovia,3.268,Jet Fuel,2008
0268340,Seldovia,473626.372,Natural Gas,2008
0268340,Seldovia,296759.000,Water at Hydroelectric Turbine,2008
0268340,Seldovia,324.649,Distillate Fuel Oil,2009
0268340,Seldovia,163.399,Jet Fuel,2009
0268340,Seldovia,378362.432,Natural Gas,2009
0268340,Seldovia,362293.410,Water at Hydroelectric Turbine,2009
0268340,Seldovia,202.000,Distillate Fuel Oil,2010
0268340,Seldovia,0.000,Jet Fuel,2010
0268340,Seldovia,354378.140,Natural Gas,2010
0268340,Seldovia,348270.970,Water at Hydroelectric Turbine,2010
0268340,Seldovia,160.167,Distillate Fuel Oil,2011
0268340,Seldovia,0.000,Jet Fuel,2011
0268340,Seldovia,375394.769,Natural Gas,2011
0268340,Seldovia,2738.304,Other Gas,2011
0268340,Seldovia,303900.000,Water at Hydroelectric Turbine,2011
0268340,Seldovia,214.332,Distillate Fuel Oil,2012
0268340,Seldovia,0.000,Jet Fuel,2012
0268340,Seldovia,355032.847,Natural Gas,2012
0268340,Seldovia,2658.441,Other Gas,2012
0268340,Seldovia,397373.000,Water at Hydroelectric Turbine,2012
0268340,Seldovia,101.277,Distillate Fuel Oil,2013
0268340,Seldovia,0.000,Jet Fuel,2013
0268340,Seldovia,201008.184,Natural Gas,2013
0268340,Seldovia,430.659,Waste Oil,2013
0268340,Seldovia,368254.000,Water at Hydroelectric Turbine,2013
0268340,Seldovia,444.000,Distillate Fuel Oil,2014
0268340,Seldovia,0.000,Jet Fuel,2014
0268340,Seldovia,306144.240,Natural Gas,2014
0268340,Seldovia,0.000,Waste Oil,2014
0268340,Seldovia,432575.000,Water at Hydroelectric Turbine,2014
0268340,Seldovia,228.103,Distillate Fuel Oil,2015
0268340,Seldovia,0.000,Jet Fuel,2015
0268340,Seldovia,315789.997,Natural Gas,2015
0268340,Seldovia,471705.000,Water at Hydroelectric Turbine,2015
0268340,Seldovia,87.000,Distillate Fuel Oil,2016
0268340,Seldovia,0.000,Jet Fuel,2016
0268340,Seldovia,316448.000,Natural Gas,2016
0268340,Seldovia,430509.000,Water at Hydroelectric Turbine,2016
0268340,Seldovia,15.000,Distillate Fuel Oil,2017
0268340,Seldovia,0.000,Jet Fuel,2017
0268340,Seldovia,316493.000,Natural Gas,2017
0268340,Seldovia,387059.000,Water at Hydroelectric Turbine,2017
0268340,Seldovia,85.461,Distillate Fuel Oil,2018
0268340,Seldovia,0.000,Jet Fuel,2018
0268340,Seldovia,276027.539,Natural Gas,2018
0268340,Seldovia,404479.000,Water at Hydroelectric Turbine,2018
0268340,Seldovia,63.000,Distillate Fuel Oil,2019
0268340,Seldovia,0.000,Jet Fuel,2019
0268340,Seldovia,237333.000,Natural Gas,2019
0268340,Seldovia,413592.000,Water at Hydroelectric Turbine,2019
0268340,Seldovia,4329.915,Distillate Fuel Oil,2020
0268340,Seldovia,302127.085,Natural Gas,2020
0268340,Seldovia,466635.000,Water at Hydroelectric Turbine,2020
0268340,Seldovia,224.000,Distillate Fuel Oil,2021
0268340,Seldovia,290511.000,Natural Gas,2021
0268340,Seldovia,391018.000,Water at Hydroelectric Turbine,2021
0268370,Seldovia Village,490.999,Distillate Fuel Oil,2001
0268370,Seldovia Village,426710.001,Natural Gas,2001
0268370,Seldovia Village,345681.000,Water at Hydroelectric Turbine,2001
0268370,Seldovia Village,355.740,Distillate Fuel Oil,2002
0268370,Seldovia Village,473327.141,Natural Gas,2002
0268370,Seldovia Village,484899.000,Water at Hydroelectric Turbine,2002
0268370,Seldovia Village,243.001,Distillate Fuel Oil,2003
0268370,Seldovia Village,399766.998,Natural Gas,2003
0268370,Seldovia Village,500875.000,Water at Hydroelectric Turbine,2003
0268370,Seldovia Village,336.702,Distillate Fuel Oil,2004
0268370,Seldovia Village,398518.890,Natural Gas,2004
0268370,Seldovia Village,429709.000,Water at Hydroelectric Turbine,2004
0268370,Seldovia Village,235.643,Distillate Fuel Oil,2005
0268370,Seldovia Village,490271.637,Natural Gas,2005
0268370,Seldovia Village,452757.000,Water at Hydroelectric Turbine,2005
0268370,Seldovia Village,236.000,Distillate Fuel Oil,2006
0268370,Seldovia Village,2147.575,Jet Fuel,2006
0268370,Seldovia Village,451056.328,Natural Gas,2006
0268370,Seldovia Village,343766.000,Water at Hydroelectric Turbine,2006
0268370,Seldovia Village,382.001,Distillate Fuel Oil,2007
0268370,Seldovia Village,264.025,Jet Fuel,2007
0268370,Seldovia Village,443609.870,Natural Gas,2007
0268370,Seldovia Village,336288.000,Water at Hydroelectric Turbine,2007
0268370,Seldovia Village,22.000,Distillate Fuel Oil,2008
0268370,Seldovia Village,3.268,Jet Fuel,2008
0268370,Seldovia Village,473626.372,Natural Gas,2008
0268370,Seldovia Village,296759.000,Water at Hydroelectric Turbine,2008
0268370,Seldovia Village,324.649,Distillate Fuel Oil,2009
0268370,Seldovia Village,163.399,Jet Fuel,2009
0268370,Seldovia Village,378362.432,Natural Gas,2009
0268370,Seldovia Village,362293.410,Water at Hydroelectric Turbine,2009
0268370,Seldovia Village,202.000,Distillate Fuel Oil,2010
0268370,Seldovia Village,0.000,Jet Fuel,2010
0268370,Seldovia Village,354378.140,Natural Gas,2010
0268370,Seldovia Village,348270.970,Water at Hydroelectric Turbine,2010
0268370,Seldovia Village,160.167,Distillate Fuel Oil,2011
0268370,Seldovia Village,0.000,Jet Fuel,2011
0268370,Seldovia Village,375394.769,Natural Gas,2011
0268370,Seldovia Village,2738.304,Other Gas,2011
0268370,Seldovia Village,303900.000,Water at Hydroelectric Turbine,2011
0268370,Seldovia Village,214.332,Distillate Fuel Oil,2012
0268370,Seldovia Village,0.000,Jet Fuel,2012
0268370,Seldovia Village,355032.847,Natural Gas,2012
0268370,Seldovia Village,2658.441,Other Gas,2012
0268370,Seldovia Village,397373.000,Water at Hydroelectric Turbine,2012
0268370,Seldovia Village,101.277,Distillate Fuel Oil,2013
0268370,Seldovia Village,0.000,Jet Fuel,2013
0268370,Seldovia Village,201008.184,Natural Gas,2013
0268370,Seldovia Village,430.659,Waste Oil,2013
0268370,Seldovia Village,368254.000,Water at Hydroelectric Turbine,2013
0268370,Seldovia Village,444.000,Distillate Fuel Oil,2014
0268370,Seldovia Village,0.000,Jet Fuel,2014
0268370,Seldovia Village,306144.240,Natural Gas,2014
0268370,Seldovia Village,0.000,Waste Oil,2014
0268370,Seldovia Village,432575.000,Water at Hydroelectric Turbine,2014
0268370,Seldovia Village,228.103,Distillate Fuel Oil,2015
0268370,Seldovia Village,0.000,Jet Fuel,2015
0268370,Seldovia Village,315789.997,Natural Gas,2015
0268370,Seldovia Village,471705.000,Water at Hydroelectric Turbine,2015
0268370,Seldovia Village,87.000,Distillate Fuel Oil,2016
0268370,Seldovia Village,0.000,Jet Fuel,2016
0268370,Seldovia Village,316448.000,Natural Gas,2016
0268370,Seldovia Village,430509.000,Water at Hydroelectric Turbine,2016
0268370,Seldovia Village,15.000,Distillate Fuel Oil,2017
0268370,Seldovia Village,0.000,Jet Fuel,2017
0268370,Seldovia Village,316493.000,Natural Gas,2017
0268370,Seldovia Village,387059.000,Water at Hydroelectric Turbine,2017
0268370,Seldovia Village,85.461,Distillate Fuel Oil,2018
0268370,Seldovia Village,0.000,Jet Fuel,2018
0268370,Seldovia Village,276027.539,Natural Gas,2018
0268370,Seldovia Village,404479.000,Water at Hydroelectric Turbine,2018
0268370,Seldovia Village,63.000,Distillate Fuel Oil,2019
0268370,Seldovia Village,0.000,Jet Fuel,2019
0268370,Seldovia Village,237333.000,Natural Gas,2019
0268370,Seldovia Village,413592.000,Water at Hydroelectric Turbine,2019
0268370,Seldovia Village,4329.915,Distillate Fuel Oil,2020
0268370,Seldovia Village,302127.085,Natural Gas,2020
0268370,Seldovia Village,466635.000,Water at Hydroelectric Turbine,2020
0268370,Seldovia Village,224.000,Distillate Fuel Oil,2021
0268370,Seldovia Village,290511.000,Natural Gas,2021
0268370,Seldovia Village,391018.000,Water at Hydroelectric Turbine,2021
0268560,Seward,581.001,Distillate Fuel Oil,2002
0268560,Seward,0.000,Distillate Fuel Oil,2003
0268560,Seward,239.999,Distillate Fuel Oil,2004
0268560,Seward,180.999,Distillate Fuel Oil,2005
0268560,Seward,196.001,Distillate Fuel Oil,2006
0268560,Seward,2811.003,Distillate Fuel Oil,2007
0268560,Seward,77.420,Distillate Fuel Oil,2009
0268560,Seward,678.000,Distillate Fuel Oil,2010
0268560,Seward,44.000,Distillate Fuel Oil,2011
0268560,Seward,100.000,Distillate Fuel Oil,2012
0268560,Seward,306.000,Distillate Fuel Oil,2013
0268560,Seward,49.000,Distillate Fuel Oil,2014
0268560,Seward,386.000,Distillate Fuel Oil,2015
0268560,Seward,105.000,Distillate Fuel Oil,2016
0268560,Seward,85.000,Distillate Fuel Oil,2017
0268560,Seward,144.000,Distillate Fuel Oil,2018
0268560,Seward,218.000,Distillate Fuel Oil,2019
0268560,Seward,335.000,Distillate Fuel Oil,2021
0268670,Shageluk,370.000,Distillate Fuel Oil,2001
0268670,Shageluk,410.433,Distillate Fuel Oil,2002
0268670,Shageluk,408.802,Distillate Fuel Oil,2003
0268670,Shageluk,391.471,Distillate Fuel Oil,2004
0268670,Shageluk,367.030,Distillate Fuel Oil,2005
0268670,Shageluk,387.781,Distillate Fuel Oil,2006
0268670,Shageluk,387.837,Distillate Fuel Oil,2007
0268670,Shageluk,372.982,Distillate Fuel Oil,2008
0268670,Shageluk,397.124,Distillate Fuel Oil,2009
0268670,Shageluk,387.693,Distillate Fuel Oil,2010
0268670,Shageluk,373.406,Distillate Fuel Oil,2011
0268670,Shageluk,369.466,Distillate Fuel Oil,2012
0268670,Shageluk,390.087,Distillate Fuel Oil,2013
0268670,Shageluk,380.435,Distillate Fuel Oil,2014
0268670,Shageluk,386.457,Distillate Fuel Oil,2015
0268670,Shageluk,399.015,Distillate Fuel Oil,2016
0268670,Shageluk,422.726,Distillate Fuel Oil,2017
0268670,Shageluk,403.281,Distillate Fuel Oil,2018
0268670,Shageluk,414.287,Distillate Fuel Oil,2019
0268670,Shageluk,426.422,Distillate Fuel Oil,2020
0268670,Shageluk,434.028,Distillate Fuel Oil,2021
0268890,Shaktoolik,816.000,Distillate Fuel Oil,2001
0268890,Shaktoolik,866.135,Distillate Fuel Oil,2002
0268890,Shaktoolik,865.780,Distillate Fuel Oil,2003
0268890,Shaktoolik,820.054,Distillate Fuel Oil,2004
0268890,Shaktoolik,824.999,Distillate Fuel Oil,2005
0268890,Shaktoolik,821.160,Distillate Fuel Oil,2006
0268890,Shaktoolik,809.695,Distillate Fuel Oil,2007
0268890,Shaktoolik,836.192,Distillate Fuel Oil,2008
0268890,Shaktoolik,869.857,Distillate Fuel Oil,2009
0268890,Shaktoolik,859.541,Distillate Fuel Oil,2010
0268890,Shaktoolik,925.902,Distillate Fuel Oil,2011
0268890,Shaktoolik,0.082,Wind,2011
0268890,Shaktoolik,879.880,Distillate Fuel Oil,2012
0268890,Shaktoolik,148.440,Wind,2012
0268890,Shaktoolik,840.976,Distillate Fuel Oil,2013
0268890,Shaktoolik,295.186,Wind,2013
0268890,Shaktoolik,775.630,Distillate Fuel Oil,2014
0268890,Shaktoolik,378.007,Wind,2014
0268890,Shaktoolik,794.510,Distillate Fuel Oil,2015
0268890,Shaktoolik,329.269,Wind,2015
0268890,Shaktoolik,752.408,Distillate Fuel Oil,2016
0268890,Shaktoolik,436.104,Wind,2016
0268890,Shaktoolik,814.330,Distillate Fuel Oil,2017
0268890,Shaktoolik,317.836,Wind,2017
0268890,Shaktoolik,779.266,Distillate Fuel Oil,2018
0268890,Shaktoolik,331.214,Wind,2018
0268890,Shaktoolik,762.567,Distillate Fuel Oil,2019
0268890,Shaktoolik,393.317,Wind,2019
0268890,Shaktoolik,812.305,Distillate Fuel Oil,2020
0268890,Shaktoolik,316.057,Wind,2020
0268890,Shaktoolik,816.603,Distillate Fuel Oil,2021
0268890,Shaktoolik,292.818,Wind,2021
0269770,Shishmaref,1609.999,Distillate Fuel Oil,2001
0269770,Shishmaref,1654.965,Distillate Fuel Oil,2002
0269770,Shishmaref,1814.317,Distillate Fuel Oil,2003
0269770,Shishmaref,1696.676,Distillate Fuel Oil,2004
0269770,Shishmaref,1650.868,Distillate Fuel Oil,2005
0269770,Shishmaref,1605.091,Distillate Fuel Oil,2006
0269770,Shishmaref,1617.448,Distillate Fuel Oil,2007
0269770,Shishmaref,1644.453,Distillate Fuel Oil,2008
0269770,Shishmaref,1652.013,Distillate Fuel Oil,2009
0269770,Shishmaref,1648.603,Distillate Fuel Oil,2010
0269770,Shishmaref,1640.753,Distillate Fuel Oil,2011
0269770,Shishmaref,1642.311,Distillate Fuel Oil,2012
0269770,Shishmaref,1673.758,Distillate Fuel Oil,2013
0269770,Shishmaref,1651.186,Distillate Fuel Oil,2014
0269770,Shishmaref,1671.336,Distillate Fuel Oil,2015
0269770,Shishmaref,1684.446,Distillate Fuel Oil,2016
0269770,Shishmaref,1656.506,Distillate Fuel Oil,2017
0269770,Shishmaref,1642.816,Distillate Fuel Oil,2018
0269770,Shishmaref,1714.112,Distillate Fuel Oil,2019
0269770,Shishmaref,1803.318,Distillate Fuel Oil,2020
0269770,Shishmaref,1851.293,Distillate Fuel Oil,2021
0270100,Shungnak,1375.999,Distillate Fuel Oil,2001
0270100,Shungnak,1468.372,Distillate Fuel Oil,2002
0270100,Shungnak,1544.918,Distillate Fuel Oil,2003
0270100,Shungnak,1516.360,Distillate Fuel Oil,2004
0270100,Shungnak,1458.706,Distillate Fuel Oil,2005
0270100,Shungnak,1558.367,Distillate Fuel Oil,2006
0270100,Shungnak,1492.632,Distillate Fuel Oil,2007
0270100,Shungnak,1478.284,Distillate Fuel Oil,2008
0270100,Shungnak,1527.952,Distillate Fuel Oil,2009
0270100,Shungnak,1562.586,Distillate Fuel Oil,2010
0270100,Shungnak,1569.474,Distillate Fuel Oil,2011
0270100,Shungnak,1616.404,Distillate Fuel Oil,2012
0270100,Shungnak,1787.225,Distillate Fuel Oil,2013
0270100,Shungnak,1633.556,Distillate Fuel Oil,2014
0270100,Shungnak,1578.936,Distillate Fuel Oil,2015
0270100,Shungnak,1592.997,Distillate Fuel Oil,2016
0270100,Shungnak,1615.584,Distillate Fuel Oil,2017
0270100,Shungnak,1627.662,Distillate Fuel Oil,2018
0270100,Shungnak,1639.134,Distillate Fuel Oil,2019
0270100,Shungnak,1691.692,Distillate Fuel Oil,2020
0270100,Shungnak,1633.688,Distillate Fuel Oil,2021
0270100,Shungnak,16.302,Wind,2021
0270320,Silver Springs,19012.999,Distillate Fuel Oil,2001
0270320,Silver Springs,50788.001,Water at Hydroelectric Turbine,2001
0270320,Silver Springs,11380.999,Distillate Fuel Oil,2002
0270320,Silver Springs,0.000,Jet Fuel,2002
0270320,Silver Springs,18565.000,Waste Oil,2002
0270320,Silver Springs,56651.000,Water at Hydroelectric Turbine,2002
0270320,Silver Springs,9009.296,Distillate Fuel Oil,2003
0270320,Silver Springs,21484.001,Jet Fuel,2003
0270320,Silver Springs,52811.998,Water at Hydroelectric Turbine,2003
0270320,Silver Springs,10104.640,Distillate Fuel Oil,2004
0270320,Silver Springs,21429.000,Jet Fuel,2004
0270320,Silver Springs,51353.001,Water at Hydroelectric Turbine,2004
0270320,Silver Springs,12625.558,Distillate Fuel Oil,2005
0270320,Silver Springs,20519.000,Jet Fuel,2005
0270320,Silver Springs,49426.999,Water at Hydroelectric Turbine,2005
0270320,Silver Springs,10526.475,Distillate Fuel Oil,2006
0270320,Silver Springs,19680.001,Jet Fuel,2006
0270320,Silver Springs,54916.999,Water at Hydroelectric Turbine,2006
0270320,Silver Springs,14456.820,Distillate Fuel Oil,2007
0270320,Silver Springs,32393.999,Jet Fuel,2007
0270320,Silver Springs,34556.000,Water at Hydroelectric Turbine,2007
0270320,Silver Springs,7705.000,Distillate Fuel Oil,2008
0270320,Silver Springs,24031.000,Jet Fuel,2008
0270320,Silver Springs,47429.000,Water at Hydroelectric Turbine,2008
0270320,Silver Springs,12229.725,Distillate Fuel Oil,2009
0270320,Silver Springs,6756.000,Jet Fuel,2009
0270320,Silver Springs,44988.000,Water at Hydroelectric Turbine,2009
0270320,Silver Springs,5850.405,Distillate Fuel Oil,2010
0270320,Silver Springs,30043.000,Jet Fuel,2010
0270320,Silver Springs,44758.000,Water at Hydroelectric Turbine,2010
0270320,Silver Springs,15160.000,Distillate Fuel Oil,2011
0270320,Silver Springs,17519.000,Jet Fuel,2011
0270320,Silver Springs,46189.000,Water at Hydroelectric Turbine,2011
0270320,Silver Springs,14645.108,Distillate Fuel Oil,2012
0270320,Silver Springs,29655.000,Jet Fuel,2012
0270320,Silver Springs,44135.000,Water at Hydroelectric Turbine,2012
0270320,Silver Springs,15495.027,Distillate Fuel Oil,2013
0270320,Silver Springs,0.000,Jet Fuel,2013
0270320,Silver Springs,17027.000,Waste Oil,2013
0270320,Silver Springs,54750.000,Water at Hydroelectric Turbine,2013
0270320,Silver Springs,9933.580,Distillate Fuel Oil,2014
0270320,Silver Springs,0.000,Jet Fuel,2014
0270320,Silver Springs,21217.000,Waste Oil,2014
0270320,Silver Springs,54955.000,Water at Hydroelectric Turbine,2014
0270320,Silver Springs,9040.578,Distillate Fuel Oil,2015
0270320,Silver Springs,0.000,Jet Fuel,2015
0270320,Silver Springs,21316.000,Waste Oil,2015
0270320,Silver Springs,55982.000,Water at Hydroelectric Turbine,2015
0270320,Silver Springs,11183.989,Distillate Fuel Oil,2016
0270320,Silver Springs,0.000,Jet Fuel,2016
0270320,Silver Springs,17636.000,Waste Oil,2016
0270320,Silver Springs,55731.000,Water at Hydroelectric Turbine,2016
0270320,Silver Springs,10387.013,Distillate Fuel Oil,2017
0270320,Silver Springs,0.000,Jet Fuel,2017
0270320,Silver Springs,21411.000,Waste Oil,2017
0270320,Silver Springs,56473.000,Water at Hydroelectric Turbine,2017
0270320,Silver Springs,9662.000,Distillate Fuel Oil,2018
0270320,Silver Springs,0.000,Jet Fuel,2018
0270320,Silver Springs,16993.000,Waste Oil,2018
0270320,Silver Springs,65164.000,Water at Hydroelectric Turbine,2018
0270320,Silver Springs,6062.000,Distillate Fuel Oil,2019
0270320,Silver Springs,0.000,Jet Fuel,2019
0270320,Silver Springs,17823.000,Waste Oil,2019
0270320,Silver Springs,72333.000,Water at Hydroelectric Turbine,2019
0270320,Silver Springs,10486.000,Distillate Fuel Oil,2020
0270320,Silver Springs,23442.000,Waste Oil,2020
0270320,Silver Springs,54317.000,Water at Hydroelectric Turbine,2020
0270320,Silver Springs,12132.000,Distillate Fuel Oil,2021
0270320,Silver Springs,25547.000,Waste Oil,2021
0270320,Silver Springs,58733.000,Water at Hydroelectric Turbine,2021
0270540,Sitka,192.999,Distillate Fuel Oil,2001
0270540,Sitka,97043.998,Water at Hydroelectric Turbine,2001
0270540,Sitka,979.999,Distillate Fuel Oil,2002
0270540,Sitka,90.002,Water at Hydroelectric Turbine,2002
0270540,Sitka,3.002,Distillate Fuel Oil,2003
0270540,Sitka,101364.000,Water at Hydroelectric Turbine,2003
0270540,Sitka,220.000,Distillate Fuel Oil,2004
0270540,Sitka,88364.999,Water at Hydroelectric Turbine,2004
0270540,Sitka,94.000,Distillate Fuel Oil,2005
0270540,Sitka,92116.000,Water at Hydroelectric Turbine,2005
0270540,Sitka,127.999,Distillate Fuel Oil,2006
0270540,Sitka,101017.000,Water at Hydroelectric Turbine,2006
0270540,Sitka,-1032.002,Distillate Fuel Oil,2007
0270540,Sitka,112531.001,Water at Hydroelectric Turbine,2007
0270540,Sitka,-111.000,Distillate Fuel Oil,2008
0270540,Sitka,116878.000,Water at Hydroelectric Turbine,2008
0270540,Sitka,-770.000,Distillate Fuel Oil,2009
0270540,Sitka,116523.000,Water at Hydroelectric Turbine,2009
0270540,Sitka,-169.000,Distillate Fuel Oil,2010
0270540,Sitka,116523.000,Water at Hydroelectric Turbine,2010
0270540,Sitka,1386.000,Distillate Fuel Oil,2011
0270540,Sitka,115150.000,Water at Hydroelectric Turbine,2011
0270540,Sitka,1820.000,Distillate Fuel Oil,2012
0270540,Sitka,113638.000,Water at Hydroelectric Turbine,2012
0270540,Sitka,151.000,Distillate Fuel Oil,2013
0270540,Sitka,113244.000,Water at Hydroelectric Turbine,2013
0270540,Sitka,251.000,Distillate Fuel Oil,2014
0270540,Sitka,111499.000,Water at Hydroelectric Turbine,2014
0270540,Sitka,-270.000,Distillate Fuel Oil,2015
0270540,Sitka,109012.000,Water at Hydroelectric Turbine,2015
0270540,Sitka,1099.000,Distillate Fuel Oil,2016
0270540,Sitka,105001.000,Water at Hydroelectric Turbine,2016
0270540,Sitka,-545.000,Distillate Fuel Oil,2017
0270540,Sitka,113591.000,Water at Hydroelectric Turbine,2017
0270540,Sitka,-629.000,Distillate Fuel Oil,2018
0270540,Sitka,108440.000,Water at Hydroelectric Turbine,2018
0270540,Sitka,-665.000,Distillate Fuel Oil,2019
0270540,Sitka,110592.000,Water at Hydroelectric Turbine,2019
0270540,Sitka,-795.000,Distillate Fuel Oil,2021
0270540,Sitka,119388.000,Water at Hydroelectric Turbine,2021
0270760,Skagway,16.296,Distillate Fuel Oil,2001
0270760,Skagway,21723.998,Water at Hydroelectric Turbine,2001
0270760,Skagway,354.816,Distillate Fuel Oil,2002
0270760,Skagway,22166.999,Water at Hydroelectric Turbine,2002
0270760,Skagway,121.335,Distillate Fuel Oil,2003
0270760,Skagway,22126.002,Water at Hydroelectric Turbine,2003
0270760,Skagway,117.020,Distillate Fuel Oil,2004
0270760,Skagway,21898.052,Water at Hydroelectric Turbine,2004
0270760,Skagway,118.843,Distillate Fuel Oil,2005
0270760,Skagway,15448.291,Water at Hydroelectric Turbine,2005
0270760,Skagway,51.897,Distillate Fuel Oil,2006
0270760,Skagway,26978.131,Water at Hydroelectric Turbine,2006
0270760,Skagway,1073.544,Distillate Fuel Oil,2007
0270760,Skagway,25332.001,Water at Hydroelectric Turbine,2007
0270760,Skagway,2951.785,Distillate Fuel Oil,2008
0270760,Skagway,23926.000,Water at Hydroelectric Turbine,2008
0270760,Skagway,1314.173,Distillate Fuel Oil,2009
0270760,Skagway,25944.000,Water at Hydroelectric Turbine,2009
0270760,Skagway,53.745,Distillate Fuel Oil,2010
0270760,Skagway,26540.000,Water at Hydroelectric Turbine,2010
0270760,Skagway,237.891,Distillate Fuel Oil,2011
0270760,Skagway,26794.000,Water at Hydroelectric Turbine,2011
0270760,Skagway,73.733,Distillate Fuel Oil,2012
0270760,Skagway,26544.000,Water at Hydroelectric Turbine,2012
0270760,Skagway,294.502,Distillate Fuel Oil,2013
0270760,Skagway,26064.000,Water at Hydroelectric Turbine,2013
0270760,Skagway,54.862,Distillate Fuel Oil,2014
0270760,Skagway,26725.000,Water at Hydroelectric Turbine,2014
0270760,Skagway,166.878,Distillate Fuel Oil,2015
0270760,Skagway,26907.000,Water at Hydroelectric Turbine,2015
0270760,Skagway,186.665,Distillate Fuel Oil,2016
0270760,Skagway,26780.000,Water at Hydroelectric Turbine,2016
0270760,Skagway,760.869,Distillate Fuel Oil,2017
0270760,Skagway,27509.000,Water at Hydroelectric Turbine,2017
0270760,Skagway,71.473,Distillate Fuel Oil,2018
0270760,Skagway,27510.000,Water at Hydroelectric Turbine,2018
0270760,Skagway,626.000,Distillate Fuel Oil,2019
0270760,Skagway,28093.000,Water at Hydroelectric Turbine,2019
0270760,Skagway,1387.239,Distillate Fuel Oil,2020
0270760,Skagway,22998.654,Water at Hydroelectric Turbine,2020
0270760,Skagway,1438.685,Distillate Fuel Oil,2021
0270760,Skagway,23851.384,Water at Hydroelectric Turbine,2021
0270760,Skagway,,,
0270870,Skwentna,,,
0270930,Slana,226.995,Distillate Fuel Oil,2005
0270930,Slana,363.207,Distillate Fuel Oil,2006
0270930,Slana,439.196,Distillate Fuel Oil,2007
0270930,Slana,466.314,Distillate Fuel Oil,2008
0270930,Slana,713.895,Distillate Fuel Oil,2009
0270930,Slana,933.501,Distillate Fuel Oil,2010
0270930,Slana,1170.426,Distillate Fuel Oil,2011
0270930,Slana,1372.032,Distillate Fuel Oil,2012
0270930,Slana,1298.280,Distillate Fuel Oil,2013
0270930,Slana,1034.480,Distillate Fuel Oil,2014
0270930,Slana,1171.200,Distillate Fuel Oil,2015
0270930,Slana,1266.426,Distillate Fuel Oil,2016
0270930,Slana,1411.332,Distillate Fuel Oil,2017
0270930,Slana,1377.214,Distillate Fuel Oil,2018
0270930,Slana,1396.263,Distillate Fuel Oil,2019
0270930,Slana,1392.465,Distillate Fuel Oil,2020
0270930,Slana,1424.009,Distillate Fuel Oil,2021
0271090,Sleetmute,200.421,Distillate Fuel Oil,2001
0271090,Sleetmute,342.022,Distillate Fuel Oil,2002
0271090,Sleetmute,330.450,Distillate Fuel Oil,2003
0271090,Sleetmute,377.897,Distillate Fuel Oil,2004
0271090,Sleetmute,404.009,Distillate Fuel Oil,2005
0271090,Sleetmute,426.796,Distillate Fuel Oil,2006
0271090,Sleetmute,421.006,Distillate Fuel Oil,2007
0271090,Sleetmute,403.849,Distillate Fuel Oil,2008
0271090,Sleetmute,373.894,Distillate Fuel Oil,2009
0271090,Sleetmute,349.778,Distillate Fuel Oil,2010
0271090,Sleetmute,394.812,Distillate Fuel Oil,2011
0271090,Sleetmute,390.633,Distillate Fuel Oil,2012
0271090,Sleetmute,344.045,Distillate Fuel Oil,2013
0271090,Sleetmute,330.963,Distillate Fuel Oil,2014
0271090,Sleetmute,328.255,Distillate Fuel Oil,2015
0271090,Sleetmute,308.870,Distillate Fuel Oil,2016
0271090,Sleetmute,323.277,Distillate Fuel Oil,2017
0271090,Sleetmute,318.139,Distillate Fuel Oil,2018
0271090,Sleetmute,313.780,Distillate Fuel Oil,2019
0271090,Sleetmute,320.181,Distillate Fuel Oil,2020
0271090,Sleetmute,372.840,Distillate Fuel Oil,2021
0271640,Soldotna,490.999,Distillate Fuel Oil,2001
0271640,Soldotna,426710.001,Natural Gas,2001
0271640,Soldotna,345681.000,Water at Hydroelectric Turbine,2001
0271640,Soldotna,355.740,Distillate Fuel Oil,2002
0271640,Soldotna,473327.141,Natural Gas,2002
0271640,Soldotna,484899.000,Water at Hydroelectric Turbine,2002
0271640,Soldotna,243.001,Distillate Fuel Oil,2003
0271640,Soldotna,399766.998,Natural Gas,2003
0271640,Soldotna,500875.000,Water at Hydroelectric Turbine,2003
0271640,Soldotna,336.702,Distillate Fuel Oil,2004
0271640,Soldotna,398518.890,Natural Gas,2004
0271640,Soldotna,429709.000,Water at Hydroelectric Turbine,2004
0271640,Soldotna,235.643,Distillate Fuel Oil,2005
0271640,Soldotna,490271.637,Natural Gas,2005
0271640,Soldotna,452757.000,Water at Hydroelectric Turbine,2005
0271640,Soldotna,236.000,Distillate Fuel Oil,2006
0271640,Soldotna,2147.575,Jet Fuel,2006
0271640,Soldotna,451056.328,Natural Gas,2006
0271640,Soldotna,343766.000,Water at Hydroelectric Turbine,2006
0271640,Soldotna,382.001,Distillate Fuel Oil,2007
0271640,Soldotna,264.025,Jet Fuel,2007
0271640,Soldotna,443609.870,Natural Gas,2007
0271640,Soldotna,336288.000,Water at Hydroelectric Turbine,2007
0271640,Soldotna,22.000,Distillate Fuel Oil,2008
0271640,Soldotna,3.268,Jet Fuel,2008
0271640,Soldotna,473626.372,Natural Gas,2008
0271640,Soldotna,296759.000,Water at Hydroelectric Turbine,2008
0271640,Soldotna,324.649,Distillate Fuel Oil,2009
0271640,Soldotna,163.399,Jet Fuel,2009
0271640,Soldotna,378362.432,Natural Gas,2009
0271640,Soldotna,362293.410,Water at Hydroelectric Turbine,2009
0271640,Soldotna,202.000,Distillate Fuel Oil,2010
0271640,Soldotna,0.000,Jet Fuel,2010
0271640,Soldotna,354378.140,Natural Gas,2010
0271640,Soldotna,348270.970,Water at Hydroelectric Turbine,2010
0271640,Soldotna,160.167,Distillate Fuel Oil,2011
0271640,Soldotna,0.000,Jet Fuel,2011
0271640,Soldotna,375394.769,Natural Gas,2011
0271640,Soldotna,2738.304,Other Gas,2011
0271640,Soldotna,303900.000,Water at Hydroelectric Turbine,2011
0271640,Soldotna,214.332,Distillate Fuel Oil,2012
0271640,Soldotna,0.000,Jet Fuel,2012
0271640,Soldotna,355032.847,Natural Gas,2012
0271640,Soldotna,2658.441,Other Gas,2012
0271640,Soldotna,397373.000,Water at Hydroelectric Turbine,2012
0271640,Soldotna,101.277,Distillate Fuel Oil,2013
0271640,Soldotna,0.000,Jet Fuel,2013
0271640,Soldotna,201008.184,Natural Gas,2013
0271640,Soldotna,430.659,Waste Oil,2013
0271640,Soldotna,368254.000,Water at Hydroelectric Turbine,2013
0271640,Soldotna,444.000,Distillate Fuel Oil,2014
0271640,Soldotna,0.000,Jet Fuel,2014
0271640,Soldotna,306144.240,Natural Gas,2014
0271640,Soldotna,0.000,Waste Oil,2014
0271640,Soldotna,432575.000,Water at Hydroelectric Turbine,2014
0271640,Soldotna,228.103,Distillate Fuel Oil,2015
0271640,Soldotna,0.000,Jet Fuel,2015
0271640,Soldotna,315789.997,Natural Gas,2015
0271640,Soldotna,471705.000,Water at Hydroelectric Turbine,2015
0271640,Soldotna,87.000,Distillate Fuel Oil,2016
0271640,Soldotna,0.000,Jet Fuel,2016
0271640,Soldotna,316448.000,Natural Gas,2016
0271640,Soldotna,430509.000,Water at Hydroelectric Turbine,2016
0271640,Soldotna,15.000,Distillate Fuel Oil,2017
0271640,Soldotna,0.000,Jet Fuel,2017
0271640,Soldotna,316493.000,Natural Gas,2017
0271640,Soldotna,387059.000,Water at Hydroelectric Turbine,2017
0271640,Soldotna,85.461,Distillate Fuel Oil,2018
0271640,Soldotna,0.000,Jet Fuel,2018
0271640,Soldotna,276027.539,Natural Gas,2018
0271640,Soldotna,404479.000,Water at Hydroelectric Turbine,2018
0271640,Soldotna,63.000,Distillate Fuel Oil,2019
0271640,Soldotna,0.000,Jet Fuel,2019
0271640,Soldotna,237333.000,Natural Gas,2019
0271640,Soldotna,413592.000,Water at Hydroelectric Turbine,2019
0271640,Soldotna,4329.915,Distillate Fuel Oil,2020
0271640,Soldotna,302127.085,Natural Gas,2020
0271640,Soldotna,466635.000,Water at Hydroelectric Turbine,2020
0271640,Soldotna,224.000,Distillate Fuel Oil,2021
0271640,Soldotna,290511.000,Natural Gas,2021
0271640,Soldotna,391018.000,Water at Hydroelectric Turbine,2021
0272135,South Lakes,146252.000,Water at Hydroelectric Turbine,2001
0272135,South Lakes,161266.000,Water at Hydroelectric Turbine,2002
0272135,South Lakes,177204.000,Water at Hydroelectric Turbine,2003
0272135,South Lakes,173604.000,Water at Hydroelectric Turbine,2004
0272135,South Lakes,134178.000,Water at Hydroelectric Turbine,2005
0272135,South Lakes,66807.000,Water at Hydroelectric Turbine,2006
0272135,South Lakes,62105.000,Water at Hydroelectric Turbine,2007
0272135,South Lakes,57824.000,Water at Hydroelectric Turbine,2008
0272135,South Lakes,57056.000,Water at Hydroelectric Turbine,2009
0272135,South Lakes,74203.000,Water at Hydroelectric Turbine,2010
0272135,South Lakes,66088.000,Water at Hydroelectric Turbine,2011
0272135,South Lakes,71126.000,Water at Hydroelectric Turbine,2012
0272135,South Lakes,45541.199,Landfill Gas,2013
0272135,South Lakes,38.801,Natural Gas,2013
0272135,South Lakes,89936.000,Water at Hydroelectric Turbine,2013
0272135,South Lakes,56165.769,Landfill Gas,2014
0272135,South Lakes,1.231,Natural Gas,2014
0272135,South Lakes,83110.000,Water at Hydroelectric Turbine,2014
0272135,South Lakes,0.000,Distillate Fuel Oil,2015
0272135,South Lakes,50131.473,Landfill Gas,2015
0272135,South Lakes,476985.527,Natural Gas,2015
0272135,South Lakes,92243.000,Water at Hydroelectric Turbine,2015
0272135,South Lakes,0.000,Distillate Fuel Oil,2016
0272135,South Lakes,42514.846,Landfill Gas,2016
0272135,South Lakes,819047.154,Natural Gas,2016
0272135,South Lakes,76916.000,Water at Hydroelectric Turbine,2016
0272135,South Lakes,0.000,Distillate Fuel Oil,2017
0272135,South Lakes,42184.516,Landfill Gas,2017
0272135,South Lakes,750519.484,Natural Gas,2017
0272135,South Lakes,119240.000,Water at Hydroelectric Turbine,2017
0272135,South Lakes,0.000,Distillate Fuel Oil,2018
0272135,South Lakes,42684.134,Landfill Gas,2018
0272135,South Lakes,615054.866,Natural Gas,2018
0272135,South Lakes,168115.000,Water at Hydroelectric Turbine,2018
0272135,South Lakes,0.000,Distillate Fuel Oil,2019
0272135,South Lakes,36884.461,Landfill Gas,2019
0272135,South Lakes,723828.539,Natural Gas,2019
0272135,South Lakes,190971.000,Water at Hydroelectric Turbine,2019
0272135,South Lakes,38945.273,Landfill Gas,2020
0272135,South Lakes,729105.727,Natural Gas,2020
0272135,South Lakes,170181.000,Water at Hydroelectric Turbine,2020
0272135,South Lakes,38070.956,Landfill Gas,2021
0272135,South Lakes,678574.044,Natural Gas,2021
0272135,South Lakes,139994.000,Water at Hydroelectric Turbine,2021
0272135,South Lakes,,,
0272190,South Naknek,20118.001,Distillate Fuel Oil,2001
0272190,South Naknek,19003.542,Distillate Fuel Oil,2002
0272190,South Naknek,20400.421,Distillate Fuel Oil,2003
0272190,South Naknek,21189.975,Distillate Fuel Oil,2004
0272190,South Naknek,22411.058,Distillate Fuel Oil,2005
0272190,South Naknek,22635.538,Distillate Fuel Oil,2006
0272190,South Naknek,21974.570,Distillate Fuel Oil,2007
0272190,South Naknek,22563.288,Distillate Fuel Oil,2008
0272190,South Naknek,21709.678,Distillate Fuel Oil,2009
0272190,South Naknek,21622.956,Distillate Fuel Oil,2010
0272190,South Naknek,20570.403,Distillate Fuel Oil,2011
0272190,South Naknek,19934.364,Distillate Fuel Oil,2012
0272190,South Naknek,20064.730,Distillate Fuel Oil,2013
0272190,South Naknek,21796.130,Distillate Fuel Oil,2014
0272190,South Naknek,22412.982,Distillate Fuel Oil,2015
0272190,South Naknek,22085.813,Distillate Fuel Oil,2016
0272190,South Naknek,22369.793,Distillate Fuel Oil,2017
0272190,South Naknek,24837.295,Distillate Fuel Oil,2018
0272190,South Naknek,25789.400,Distillate Fuel Oil,2019
0272190,South Naknek,21413.671,Distillate Fuel Oil,2020
0272190,South Naknek,24328.964,Distillate Fuel Oil,2021
0272230,South Van Horn,320199.883,Coal,2001
0272230,South Van Horn,10180.000,Distillate Fuel Oil,2001
0272230,South Van Horn,579967.000,Residual Fuel Oil,2001
0272230,South Van Horn,481090.841,Coal,2002
0272230,South Van Horn,17426.909,Distillate Fuel Oil,2002
0272230,South Van Horn,546300.000,Residual Fuel Oil,2002
0272230,South Van Horn,32.000,Waste Oil,2002
0272230,South Van Horn,1031.000,Wood Waste Solids,2002
0272230,South Van Horn,456747.980,Coal,2003
0272230,South Van Horn,6308.990,Distillate Fuel Oil,2003
0272230,South Van Horn,453733.000,Residual Fuel Oil,2003
0272230,South Van Horn,64.000,Waste Oil,2003
0272230,South Van Horn,758.001,Wood Waste Solids,2003
0272230,South Van Horn,519938.432,Coal,2004
0272230,South Van Horn,9963.938,Distillate Fuel Oil,2004
0272230,South Van Horn,360379.000,Residual Fuel Oil,2004
0272230,South Van Horn,0.000,Waste Oil,2004
0272230,South Van Horn,388.500,Wood Waste Solids,2004
0272230,South Van Horn,525017.007,Coal,2005
0272230,South Van Horn,2907.565,Distillate Fuel Oil,2005
0272230,South Van Horn,360562.000,Residual Fuel Oil,2005
0272230,South Van Horn,0.000,Waste Oil,2005
0272230,South Van Horn,382.565,Wood Waste Solids,2005
0272230,South Van Horn,532341.253,Coal,2006
0272230,South Van Horn,3215.258,Distillate Fuel Oil,2006
0272230,South Van Horn,337599.000,Residual Fuel Oil,2006
0272230,South Van Horn,0.000,Waste Oil,2006
0272230,South Van Horn,515.509,Wood Waste Solids,2006
0272230,South Van Horn,538127.163,Coal,2007
0272230,South Van Horn,5102.496,Distillate Fuel Oil,2007
0272230,South Van Horn,284406.908,Jet Fuel,2007
0272230,South Van Horn,436.577,Natural Gas,2007
0272230,South Van Horn,266301.606,Residual Fuel Oil,2007
0272230,South Van Horn,0.000,Waste Oil,2007
0272230,South Van Horn,21.755,Wood Waste Solids,2007
0272230,South Van Horn,512423.237,Coal,2008
0272230,South Van Horn,5916.308,Distillate Fuel Oil,2008
0272230,South Van Horn,387339.730,Jet Fuel,2008
0272230,South Van Horn,0.000,Natural Gas,2008
0272230,South Van Horn,126668.178,Residual Fuel Oil,2008
0272230,South Van Horn,0.000,Wood Waste Solids,2008
0272230,South Van Horn,515890.711,Coal,2009
0272230,South Van Horn,7005.089,Distillate Fuel Oil,2009
0272230,South Van Horn,370545.007,Jet Fuel,2009
0272230,South Van Horn,0.000,Natural Gas,2009
0272230,South Van Horn,343136.891,Residual Fuel Oil,2009
0272230,South Van Horn,463538.211,Coal,2010
0272230,South Van Horn,7652.130,Distillate Fuel Oil,2010
0272230,South Van Horn,0.000,Jet Fuel,2010
0272230,South Van Horn,639.868,Natural Gas,2010
0272230,South Van Horn,192178.603,Residual Fuel Oil,2010
0272230,South Van Horn,423964.882,Coal,2011
0272230,South Van Horn,3653.416,Distillate Fuel Oil,2011
0272230,South Van Horn,155547.000,Jet Fuel,2011
0272230,South Van Horn,2837.823,Natural Gas,2011
0272230,South Van Horn,102593.325,Residual Fuel Oil,2011
0272230,South Van Horn,463815.730,Coal,2012
0272230,South Van Horn,5994.123,Distillate Fuel Oil,2012
0272230,South Van Horn,197942.000,Jet Fuel,2012
0272230,South Van Horn,2683.523,Natural Gas,2012
0272230,South Van Horn,175535.364,Residual Fuel Oil,2012
0272230,South Van Horn,374005.564,Coal,2013
0272230,South Van Horn,3916.995,Distillate Fuel Oil,2013
0272230,South Van Horn,91958.000,Jet Fuel,2013
0272230,South Van Horn,5000.441,Natural Gas,2013
0272230,South Van Horn,33991.362,Residual Fuel Oil,2013
0272230,South Van Horn,72610.000,Wind,2013
0272230,South Van Horn,0.000,Wood Waste Solids,2013
0272230,South Van Horn,376282.303,Coal,2014
0272230,South Van Horn,1508.242,Distillate Fuel Oil,2014
0272230,South Van Horn,131279.730,Jet Fuel,2014
0272230,South Van Horn,2161.112,Natural Gas,2014
0272230,South Van Horn,47426.548,Residual Fuel Oil,2014
0272230,South Van Horn,76279.000,Wind,2014
0272230,South Van Horn,0.000,Wood Waste Solids,2014
0272230,South Van Horn,432567.508,Coal,2015
0272230,South Van Horn,14837.204,Distillate Fuel Oil,2015
0272230,South Van Horn,0.000,Jet Fuel,2015
0272230,South Van Horn,0.000,Natural Gas,2015
0272230,South Van Horn,48522.553,Residual Fuel Oil,2015
0272230,South Van Horn,163960.164,Waste Oil,2015
0272230,South Van Horn,76784.000,Wind,2015
0272230,South Van Horn,0.000,Wood Waste Solids,2015
0272230,South Van Horn,395864.156,Coal,2016
0272230,South Van Horn,46782.391,Distillate Fuel Oil,2016
0272230,South Van Horn,-2392.000,Electricity used for Energy Storage,2016
0272230,South Van Horn,0.000,Jet Fuel,2016
0272230,South Van Horn,1129.934,Natural Gas,2016
0272230,South Van Horn,0.000,Residual Fuel Oil,2016
0272230,South Van Horn,48474.738,Waste Oil,2016
0272230,South Van Horn,78291.000,Wind,2016
0272230,South Van Horn,0.000,Wood Waste Solids,2016
0272230,South Van Horn,356409.011,Coal,2017
0272230,South Van Horn,70874.044,Distillate Fuel Oil,2017
0272230,South Van Horn,-2711.000,Electricity used for Energy Storage,2017
0272230,South Van Horn,0.000,Jet Fuel,2017
0272230,South Van Horn,554.666,Natural Gas,2017
0272230,South Van Horn,0.000,Residual Fuel Oil,2017
0272230,South Van Horn,144787.681,Waste Oil,2017
0272230,South Van Horn,64121.000,Wind,2017
0272230,South Van Horn,0.000,Wood Waste Solids,2017
0272230,South Van Horn,392019.635,Coal,2018
0272230,South Van Horn,64419.043,Distillate Fuel Oil,2018
0272230,South Van Horn,-2428.000,Electricity used for Energy Storage,2018
0272230,South Van Horn,0.000,Jet Fuel,2018
0272230,South Van Horn,0.000,Natural Gas,2018
0272230,South Van Horn,0.000,Residual Fuel Oil,2018
0272230,South Van Horn,82114.648,Waste Oil,2018
0272230,South Van Horn,70012.000,Wind,2018
0272230,South Van Horn,0.000,Wood Waste Solids,2018
0272230,South Van Horn,0.000,Agricultural By-Products,2019
0272230,South Van Horn,481171.537,Coal,2019
0272230,South Van Horn,28027.598,Distillate Fuel Oil,2019
0272230,South Van Horn,-3280.000,Electricity used for Energy Storage,2019
0272230,South Van Horn,2627.119,Jet Fuel,2019
0272230,South Van Horn,0.080,Natural Gas,2019
0272230,South Van Horn,0.000,Residual Fuel Oil,2019
0272230,South Van Horn,164462.097,Waste Oil,2019
0272230,South Van Horn,64076.000,Wind,2019
0272230,South Van Horn,0.000,Wood Waste Solids,2019
0272230,South Van Horn,466648.747,Coal,2020
0272230,South Van Horn,153461.063,Distillate Fuel Oil,2020
0272230,South Van Horn,-2810.000,Electricity used for Energy Storage,2020
0272230,South Van Horn,2081.775,Jet Fuel,2020
0272230,South Van Horn,6.054,Natural Gas,2020
0272230,South Van Horn,211433.728,Waste Oil,2020
0272230,South Van Horn,49937.000,Wind,2020
0272230,South Van Horn,503966.256,Coal,2021
0272230,South Van Horn,88907.304,Distillate Fuel Oil,2021
0272230,South Van Horn,-3433.000,Electricity used for Energy Storage,2021
0272230,South Van Horn,671.883,Jet Fuel,2021
0272230,South Van Horn,3.471,Natural Gas,2021
0272230,South Van Horn,184970.610,Waste Oil,2021
0272230,South Van Horn,60302.000,Wind,2021
0272230,South Van Horn,,,
0272960,Stebbins,2599.000,Distillate Fuel Oil,2001
0272960,Stebbins,2612.404,Distillate Fuel Oil,2002
0272960,Stebbins,2771.908,Distillate Fuel Oil,2003
0272960,Stebbins,2887.400,Distillate Fuel Oil,2004
0272960,Stebbins,2935.260,Distillate Fuel Oil,2005
0272960,Stebbins,2888.527,Distillate Fuel Oil,2006
0272960,Stebbins,2906.994,Distillate Fuel Oil,2007
0272960,Stebbins,3261.679,Distillate Fuel Oil,2008
0272960,Stebbins,3256.624,Distillate Fuel Oil,2009
0272960,Stebbins,3331.248,Distillate Fuel Oil,2010
0272960,Stebbins,3168.326,Distillate Fuel Oil,2011
0272960,Stebbins,3289.443,Distillate Fuel Oil,2012
0272960,Stebbins,3319.849,Distillate Fuel Oil,2013
0272960,Stebbins,3285.120,Distillate Fuel Oil,2014
0272960,Stebbins,3350.432,Distillate Fuel Oil,2015
0272960,Stebbins,3406.212,Distillate Fuel Oil,2016
0272960,Stebbins,3473.896,Distillate Fuel Oil,2017
0272960,Stebbins,3519.456,Distillate Fuel Oil,2018
0272960,Stebbins,3456.195,Distillate Fuel Oil,2019
0272960,Stebbins,3505.795,Distillate Fuel Oil,2020
0272960,Stebbins,3563.795,Distillate Fuel Oil,2021
0272985,Steele Creek,320199.883,Coal,2001
0272985,Steele Creek,10180.000,Distillate Fuel Oil,2001
0272985,Steele Creek,579967.000,Residual Fuel Oil,2001
0272985,Steele Creek,481090.841,Coal,2002
0272985,Steele Creek,17426.909,Distillate Fuel Oil,2002
0272985,Steele Creek,546300.000,Residual Fuel Oil,2002
0272985,Steele Creek,32.000,Waste Oil,2002
0272985,Steele Creek,1031.000,Wood Waste Solids,2002
0272985,Steele Creek,456747.980,Coal,2003
0272985,Steele Creek,6308.990,Distillate Fuel Oil,2003
0272985,Steele Creek,453733.000,Residual Fuel Oil,2003
0272985,Steele Creek,64.000,Waste Oil,2003
0272985,Steele Creek,758.001,Wood Waste Solids,2003
0272985,Steele Creek,519938.432,Coal,2004
0272985,Steele Creek,9963.938,Distillate Fuel Oil,2004
0272985,Steele Creek,360379.000,Residual Fuel Oil,2004
0272985,Steele Creek,0.000,Waste Oil,2004
0272985,Steele Creek,388.500,Wood Waste Solids,2004
0272985,Steele Creek,525017.007,Coal,2005
0272985,Steele Creek,2907.565,Distillate Fuel Oil,2005
0272985,Steele Creek,360562.000,Residual Fuel Oil,2005
0272985,Steele Creek,0.000,Waste Oil,2005
0272985,Steele Creek,382.565,Wood Waste Solids,2005
0272985,Steele Creek,532341.253,Coal,2006
0272985,Steele Creek,3215.258,Distillate Fuel Oil,2006
0272985,Steele Creek,337599.000,Residual Fuel Oil,2006
0272985,Steele Creek,0.000,Waste Oil,2006
0272985,Steele Creek,515.509,Wood Waste Solids,2006
0272985,Steele Creek,538127.163,Coal,2007
0272985,Steele Creek,5102.496,Distillate Fuel Oil,2007
0272985,Steele Creek,284406.908,Jet Fuel,2007
0272985,Steele Creek,436.577,Natural Gas,2007
0272985,Steele Creek,266301.606,Residual Fuel Oil,2007
0272985,Steele Creek,0.000,Waste Oil,2007
0272985,Steele Creek,21.755,Wood Waste Solids,2007
0272985,Steele Creek,512423.237,Coal,2008
0272985,Steele Creek,5916.308,Distillate Fuel Oil,2008
0272985,Steele Creek,387339.730,Jet Fuel,2008
0272985,Steele Creek,0.000,Natural Gas,2008
0272985,Steele Creek,126668.178,Residual Fuel Oil,2008
0272985,Steele Creek,0.000,Wood Waste Solids,2008
0272985,Steele Creek,515890.711,Coal,2009
0272985,Steele Creek,7005.089,Distillate Fuel Oil,2009
0272985,Steele Creek,370545.007,Jet Fuel,2009
0272985,Steele Creek,0.000,Natural Gas,2009
0272985,Steele Creek,343136.891,Residual Fuel Oil,2009
0272985,Steele Creek,463538.211,Coal,2010
0272985,Steele Creek,7652.130,Distillate Fuel Oil,2010
0272985,Steele Creek,0.000,Jet Fuel,2010
0272985,Steele Creek,639.868,Natural Gas,2010
0272985,Steele Creek,192178.603,Residual Fuel Oil,2010
0272985,Steele Creek,423964.882,Coal,2011
0272985,Steele Creek,3653.416,Distillate Fuel Oil,2011
0272985,Steele Creek,155547.000,Jet Fuel,2011
0272985,Steele Creek,2837.823,Natural Gas,2011
0272985,Steele Creek,102593.325,Residual Fuel Oil,2011
0272985,Steele Creek,463815.730,Coal,2012
0272985,Steele Creek,5994.123,Distillate Fuel Oil,2012
0272985,Steele Creek,197942.000,Jet Fuel,2012
0272985,Steele Creek,2683.523,Natural Gas,2012
0272985,Steele Creek,175535.364,Residual Fuel Oil,2012
0272985,Steele Creek,374005.564,Coal,2013
0272985,Steele Creek,3916.995,Distillate Fuel Oil,2013
0272985,Steele Creek,91958.000,Jet Fuel,2013
0272985,Steele Creek,5000.441,Natural Gas,2013
0272985,Steele Creek,33991.362,Residual Fuel Oil,2013
0272985,Steele Creek,72610.000,Wind,2013
0272985,Steele Creek,0.000,Wood Waste Solids,2013
0272985,Steele Creek,376282.303,Coal,2014
0272985,Steele Creek,1508.242,Distillate Fuel Oil,2014
0272985,Steele Creek,131279.730,Jet Fuel,2014
0272985,Steele Creek,2161.112,Natural Gas,2014
0272985,Steele Creek,47426.548,Residual Fuel Oil,2014
0272985,Steele Creek,76279.000,Wind,2014
0272985,Steele Creek,0.000,Wood Waste Solids,2014
0272985,Steele Creek,432567.508,Coal,2015
0272985,Steele Creek,14837.204,Distillate Fuel Oil,2015
0272985,Steele Creek,0.000,Jet Fuel,2015
0272985,Steele Creek,0.000,Natural Gas,2015
0272985,Steele Creek,48522.553,Residual Fuel Oil,2015
0272985,Steele Creek,163960.164,Waste Oil,2015
0272985,Steele Creek,76784.000,Wind,2015
0272985,Steele Creek,0.000,Wood Waste Solids,2015
0272985,Steele Creek,395864.156,Coal,2016
0272985,Steele Creek,46782.391,Distillate Fuel Oil,2016
0272985,Steele Creek,-2392.000,Electricity used for Energy Storage,2016
0272985,Steele Creek,0.000,Jet Fuel,2016
0272985,Steele Creek,1129.934,Natural Gas,2016
0272985,Steele Creek,0.000,Residual Fuel Oil,2016
0272985,Steele Creek,48474.738,Waste Oil,2016
0272985,Steele Creek,78291.000,Wind,2016
0272985,Steele Creek,0.000,Wood Waste Solids,2016
0272985,Steele Creek,356409.011,Coal,2017
0272985,Steele Creek,70874.044,Distillate Fuel Oil,2017
0272985,Steele Creek,-2711.000,Electricity used for Energy Storage,2017
0272985,Steele Creek,0.000,Jet Fuel,2017
0272985,Steele Creek,554.666,Natural Gas,2017
0272985,Steele Creek,0.000,Residual Fuel Oil,2017
0272985,Steele Creek,144787.681,Waste Oil,2017
0272985,Steele Creek,64121.000,Wind,2017
0272985,Steele Creek,0.000,Wood Waste Solids,2017
0272985,Steele Creek,392019.635,Coal,2018
0272985,Steele Creek,64419.043,Distillate Fuel Oil,2018
0272985,Steele Creek,-2428.000,Electricity used for Energy Storage,2018
0272985,Steele Creek,0.000,Jet Fuel,2018
0272985,Steele Creek,0.000,Natural Gas,2018
0272985,Steele Creek,0.000,Residual Fuel Oil,2018
0272985,Steele Creek,82114.648,Waste Oil,2018
0272985,Steele Creek,70012.000,Wind,2018
0272985,Steele Creek,0.000,Wood Waste Solids,2018
0272985,Steele Creek,0.000,Agricultural By-Products,2019
0272985,Steele Creek,481171.537,Coal,2019
0272985,Steele Creek,28027.598,Distillate Fuel Oil,2019
0272985,Steele Creek,-3280.000,Electricity used for Energy Storage,2019
0272985,Steele Creek,2627.119,Jet Fuel,2019
0272985,Steele Creek,0.080,Natural Gas,2019
0272985,Steele Creek,0.000,Residual Fuel Oil,2019
0272985,Steele Creek,164462.097,Waste Oil,2019
0272985,Steele Creek,64076.000,Wind,2019
0272985,Steele Creek,0.000,Wood Waste Solids,2019
0272985,Steele Creek,466648.747,Coal,2020
0272985,Steele Creek,153461.063,Distillate Fuel Oil,2020
0272985,Steele Creek,-2810.000,Electricity used for Energy Storage,2020
0272985,Steele Creek,2081.775,Jet Fuel,2020
0272985,Steele Creek,6.054,Natural Gas,2020
0272985,Steele Creek,211433.728,Waste Oil,2020
0272985,Steele Creek,49937.000,Wind,2020
0272985,Steele Creek,503966.256,Coal,2021
0272985,Steele Creek,88907.304,Distillate Fuel Oil,2021
0272985,Steele Creek,-3433.000,Electricity used for Energy Storage,2021
0272985,Steele Creek,671.883,Jet Fuel,2021
0272985,Steele Creek,3.471,Natural Gas,2021
0272985,Steele Creek,184970.610,Waste Oil,2021
0272985,Steele Creek,60302.000,Wind,2021
0272985,Steele Creek,,,
0273070,Sterling,490.999,Distillate Fuel Oil,2001
0273070,Sterling,426710.001,Natural Gas,2001
0273070,Sterling,345681.000,Water at Hydroelectric Turbine,2001
0273070,Sterling,355.740,Distillate Fuel Oil,2002
0273070,Sterling,473327.141,Natural Gas,2002
0273070,Sterling,484899.000,Water at Hydroelectric Turbine,2002
0273070,Sterling,243.001,Distillate Fuel Oil,2003
0273070,Sterling,399766.998,Natural Gas,2003
0273070,Sterling,500875.000,Water at Hydroelectric Turbine,2003
0273070,Sterling,336.702,Distillate Fuel Oil,2004
0273070,Sterling,398518.890,Natural Gas,2004
0273070,Sterling,429709.000,Water at Hydroelectric Turbine,2004
0273070,Sterling,235.643,Distillate Fuel Oil,2005
0273070,Sterling,490271.637,Natural Gas,2005
0273070,Sterling,452757.000,Water at Hydroelectric Turbine,2005
0273070,Sterling,236.000,Distillate Fuel Oil,2006
0273070,Sterling,2147.575,Jet Fuel,2006
0273070,Sterling,451056.328,Natural Gas,2006
0273070,Sterling,343766.000,Water at Hydroelectric Turbine,2006
0273070,Sterling,382.001,Distillate Fuel Oil,2007
0273070,Sterling,264.025,Jet Fuel,2007
0273070,Sterling,443609.870,Natural Gas,2007
0273070,Sterling,336288.000,Water at Hydroelectric Turbine,2007
0273070,Sterling,22.000,Distillate Fuel Oil,2008
0273070,Sterling,3.268,Jet Fuel,2008
0273070,Sterling,473626.372,Natural Gas,2008
0273070,Sterling,296759.000,Water at Hydroelectric Turbine,2008
0273070,Sterling,324.649,Distillate Fuel Oil,2009
0273070,Sterling,163.399,Jet Fuel,2009
0273070,Sterling,378362.432,Natural Gas,2009
0273070,Sterling,362293.410,Water at Hydroelectric Turbine,2009
0273070,Sterling,202.000,Distillate Fuel Oil,2010
0273070,Sterling,0.000,Jet Fuel,2010
0273070,Sterling,354378.140,Natural Gas,2010
0273070,Sterling,348270.970,Water at Hydroelectric Turbine,2010
0273070,Sterling,160.167,Distillate Fuel Oil,2011
0273070,Sterling,0.000,Jet Fuel,2011
0273070,Sterling,375394.769,Natural Gas,2011
0273070,Sterling,2738.304,Other Gas,2011
0273070,Sterling,303900.000,Water at Hydroelectric Turbine,2011
0273070,Sterling,214.332,Distillate Fuel Oil,2012
0273070,Sterling,0.000,Jet Fuel,2012
0273070,Sterling,355032.847,Natural Gas,2012
0273070,Sterling,2658.441,Other Gas,2012
0273070,Sterling,397373.000,Water at Hydroelectric Turbine,2012
0273070,Sterling,101.277,Distillate Fuel Oil,2013
0273070,Sterling,0.000,Jet Fuel,2013
0273070,Sterling,201008.184,Natural Gas,2013
0273070,Sterling,430.659,Waste Oil,2013
0273070,Sterling,368254.000,Water at Hydroelectric Turbine,2013
0273070,Sterling,444.000,Distillate Fuel Oil,2014
0273070,Sterling,0.000,Jet Fuel,2014
0273070,Sterling,306144.240,Natural Gas,2014
0273070,Sterling,0.000,Waste Oil,2014
0273070,Sterling,432575.000,Water at Hydroelectric Turbine,2014
0273070,Sterling,228.103,Distillate Fuel Oil,2015
0273070,Sterling,0.000,Jet Fuel,2015
0273070,Sterling,315789.997,Natural Gas,2015
0273070,Sterling,471705.000,Water at Hydroelectric Turbine,2015
0273070,Sterling,87.000,Distillate Fuel Oil,2016
0273070,Sterling,0.000,Jet Fuel,2016
0273070,Sterling,316448.000,Natural Gas,2016
0273070,Sterling,430509.000,Water at Hydroelectric Turbine,2016
0273070,Sterling,15.000,Distillate Fuel Oil,2017
0273070,Sterling,0.000,Jet Fuel,2017
0273070,Sterling,316493.000,Natural Gas,2017
0273070,Sterling,387059.000,Water at Hydroelectric Turbine,2017
0273070,Sterling,85.461,Distillate Fuel Oil,2018
0273070,Sterling,0.000,Jet Fuel,2018
0273070,Sterling,276027.539,Natural Gas,2018
0273070,Sterling,404479.000,Water at Hydroelectric Turbine,2018
0273070,Sterling,63.000,Distillate Fuel Oil,2019
0273070,Sterling,0.000,Jet Fuel,2019
0273070,Sterling,237333.000,Natural Gas,2019
0273070,Sterling,413592.000,Water at Hydroelectric Turbine,2019
0273070,Sterling,4329.915,Distillate Fuel Oil,2020
0273070,Sterling,302127.085,Natural Gas,2020
0273070,Sterling,466635.000,Water at Hydroelectric Turbine,2020
0273070,Sterling,224.000,Distillate Fuel Oil,2021
0273070,Sterling,290511.000,Natural Gas,2021
0273070,Sterling,391018.000,Water at Hydroelectric Turbine,2021
0273290,Stevens Village,287.188,Distillate Fuel Oil,2007
0273290,Stevens Village,290.249,Distillate Fuel Oil,2008
0273290,Stevens Village,43.900,Distillate Fuel Oil,2009
0273290,Stevens Village,83.040,Distillate Fuel Oil,2015
0273290,Stevens Village,169.244,Distillate Fuel Oil,2016
0273290,Stevens Village,165.561,Distillate Fuel Oil,2017
0273290,Stevens Village,132.621,Distillate Fuel Oil,2018
0273400,Stony River,73.240,Distillate Fuel Oil,2001
0273400,Stony River,130.449,Distillate Fuel Oil,2002
0273400,Stony River,112.135,Distillate Fuel Oil,2003
0273400,Stony River,126.474,Distillate Fuel Oil,2004
0273400,Stony River,128.362,Distillate Fuel Oil,2005
0273400,Stony River,188.369,Distillate Fuel Oil,2006
0273400,Stony River,162.789,Distillate Fuel Oil,2007
0273400,Stony River,134.630,Distillate Fuel Oil,2008
0273400,Stony River,133.466,Distillate Fuel Oil,2009
0273400,Stony River,138.975,Distillate Fuel Oil,2010
0273400,Stony River,143.247,Distillate Fuel Oil,2011
0273400,Stony River,140.985,Distillate Fuel Oil,2012
0273400,Stony River,53.749,Distillate Fuel Oil,2013
0273400,Stony River,117.351,Distillate Fuel Oil,2014
0273400,Stony River,118.677,Distillate Fuel Oil,2015
0273400,Stony River,121.018,Distillate Fuel Oil,2016
0273400,Stony River,120.129,Distillate Fuel Oil,2017
0273400,Stony River,126.360,Distillate Fuel Oil,2018
0273400,Stony River,120.036,Distillate Fuel Oil,2019
0273400,Stony River,135.308,Distillate Fuel Oil,2020
0273400,Stony River,135.798,Distillate Fuel Oil,2021
0273950,Sunrise,571.000,Distillate Fuel Oil,2001
0273950,Sunrise,2690002.000,Natural Gas,2001
0273950,Sunrise,59447.000,Water at Hydroelectric Turbine,2001
0273950,Sunrise,309.000,Distillate Fuel Oil,2002
0273950,Sunrise,2583439.000,Natural Gas,2002
0273950,Sunrise,65555.000,Water at Hydroelectric Turbine,2002
0273950,Sunrise,260.000,Distillate Fuel Oil,2003
0273950,Sunrise,1097628.000,Natural Gas,2003
0273950,Sunrise,47662.000,Water at Hydroelectric Turbine,2003
0273950,Sunrise,344.884,Distillate Fuel Oil,2004
0273950,Sunrise,941642.001,Natural Gas,2004
0273950,Sunrise,48351.001,Water at Hydroelectric Turbine,2004
0273950,Sunrise,115.276,Distillate Fuel Oil,2005
0273950,Sunrise,795761.001,Natural Gas,2005
0273950,Sunrise,34043.001,Water at Hydroelectric Turbine,2005
0273950,Sunrise,92.932,Distillate Fuel Oil,2006
0273950,Sunrise,1194561.001,Natural Gas,2006
0273950,Sunrise,30089.001,Water at Hydroelectric Turbine,2006
0273950,Sunrise,152.344,Distillate Fuel Oil,2007
0273950,Sunrise,1127247.621,Natural Gas,2007
0273950,Sunrise,24303.000,Water at Hydroelectric Turbine,2007
0273950,Sunrise,120.484,Distillate Fuel Oil,2008
0273950,Sunrise,1248362.767,Natural Gas,2008
0273950,Sunrise,6663.000,Water at Hydroelectric Turbine,2008
0273950,Sunrise,253.636,Distillate Fuel Oil,2009
0273950,Sunrise,1412095.075,Natural Gas,2009
0273950,Sunrise,33262.000,Water at Hydroelectric Turbine,2009
0273950,Sunrise,575.859,Distillate Fuel Oil,2010
0273950,Sunrise,994667.057,Natural Gas,2010
0273950,Sunrise,45390.000,Water at Hydroelectric Turbine,2010
0273950,Sunrise,109.853,Distillate Fuel Oil,2011
0273950,Sunrise,1419720.471,Natural Gas,2011
0273950,Sunrise,28759.000,Water at Hydroelectric Turbine,2011
0273950,Sunrise,857.634,Distillate Fuel Oil,2012
0273950,Sunrise,1027320.761,Natural Gas,2012
0273950,Sunrise,77589.000,Water at Hydroelectric Turbine,2012
0273950,Sunrise,935.896,Distillate Fuel Oil,2013
0273950,Sunrise,1125792.387,Natural Gas,2013
0273950,Sunrise,35928.000,Water at Hydroelectric Turbine,2013
0273950,Sunrise,44784.000,Wind,2013
0273950,Sunrise,466.953,Distillate Fuel Oil,2014
0273950,Sunrise,870092.532,Natural Gas,2014
0273950,Sunrise,32050.000,Water at Hydroelectric Turbine,2014
0273950,Sunrise,47813.000,Wind,2014
0273950,Sunrise,493.112,Distillate Fuel Oil,2015
0273950,Sunrise,616460.562,Natural Gas,2015
0273950,Sunrise,16425.000,Water at Hydroelectric Turbine,2015
0273950,Sunrise,50562.000,Wind,2015
0273950,Sunrise,70.123,Distillate Fuel Oil,2016
0273950,Sunrise,615436.794,Natural Gas,2016
0273950,Sunrise,86666.000,Water at Hydroelectric Turbine,2016
0273950,Sunrise,56022.000,Wind,2016
0273950,Sunrise,49.623,Distillate Fuel Oil,2017
0273950,Sunrise,685153.102,Natural Gas,2017
0273950,Sunrise,25713.000,Water at Hydroelectric Turbine,2017
0273950,Sunrise,47715.000,Wind,2017
0273950,Sunrise,63.041,Distillate Fuel Oil,2018
0273950,Sunrise,650295.739,Natural Gas,2018
0273950,Sunrise,59832.000,Water at Hydroelectric Turbine,2018
0273950,Sunrise,51829.000,Wind,2018
0273950,Sunrise,32.526,Distillate Fuel Oil,2019
0273950,Sunrise,685057.722,Natural Gas,2019
0273950,Sunrise,46102.000,Water at Hydroelectric Turbine,2019
0273950,Sunrise,48221.000,Wind,2019
0273950,Sunrise,69.606,Distillate Fuel Oil,2020
0273950,Sunrise,451805.484,Natural Gas,2020
0273950,Sunrise,60854.000,Water at Hydroelectric Turbine,2020
0273950,Sunrise,47201.000,Wind,2020
0273950,Sunrise,0.000,Distillate Fuel Oil,2021
0273950,Sunrise,937447.089,Natural Gas,2021
0273950,Sunrise,36381.000,Water at Hydroelectric Turbine,2021
0273950,Sunrise,41759.000,Wind,2021
0273950,Sunrise,,,
0274340,Susitna,,,
0274350,Susitna North,146252.000,Water at Hydroelectric Turbine,2001
0274350,Susitna North,161266.000,Water at Hydroelectric Turbine,2002
0274350,Susitna North,177204.000,Water at Hydroelectric Turbine,2003
0274350,Susitna North,173604.000,Water at Hydroelectric Turbine,2004
0274350,Susitna North,134178.000,Water at Hydroelectric Turbine,2005
0274350,Susitna North,66807.000,Water at Hydroelectric Turbine,2006
0274350,Susitna North,62105.000,Water at Hydroelectric Turbine,2007
0274350,Susitna North,57824.000,Water at Hydroelectric Turbine,2008
0274350,Susitna North,57056.000,Water at Hydroelectric Turbine,2009
0274350,Susitna North,74203.000,Water at Hydroelectric Turbine,2010
0274350,Susitna North,66088.000,Water at Hydroelectric Turbine,2011
0274350,Susitna North,71126.000,Water at Hydroelectric Turbine,2012
0274350,Susitna North,45541.199,Landfill Gas,2013
0274350,Susitna North,38.801,Natural Gas,2013
0274350,Susitna North,89936.000,Water at Hydroelectric Turbine,2013
0274350,Susitna North,56165.769,Landfill Gas,2014
0274350,Susitna North,1.231,Natural Gas,2014
0274350,Susitna North,83110.000,Water at Hydroelectric Turbine,2014
0274350,Susitna North,0.000,Distillate Fuel Oil,2015
0274350,Susitna North,50131.473,Landfill Gas,2015
0274350,Susitna North,476985.527,Natural Gas,2015
0274350,Susitna North,92243.000,Water at Hydroelectric Turbine,2015
0274350,Susitna North,0.000,Distillate Fuel Oil,2016
0274350,Susitna North,42514.846,Landfill Gas,2016
0274350,Susitna North,819047.154,Natural Gas,2016
0274350,Susitna North,76916.000,Water at Hydroelectric Turbine,2016
0274350,Susitna North,0.000,Distillate Fuel Oil,2017
0274350,Susitna North,42184.516,Landfill Gas,2017
0274350,Susitna North,750519.484,Natural Gas,2017
0274350,Susitna North,119240.000,Water at Hydroelectric Turbine,2017
0274350,Susitna North,0.000,Distillate Fuel Oil,2018
0274350,Susitna North,42684.134,Landfill Gas,2018
0274350,Susitna North,615054.866,Natural Gas,2018
0274350,Susitna North,168115.000,Water at Hydroelectric Turbine,2018
0274350,Susitna North,0.000,Distillate Fuel Oil,2019
0274350,Susitna North,36884.461,Landfill Gas,2019
0274350,Susitna North,723828.539,Natural Gas,2019
0274350,Susitna North,190971.000,Water at Hydroelectric Turbine,2019
0274350,Susitna North,38945.273,Landfill Gas,2020
0274350,Susitna North,729105.727,Natural Gas,2020
0274350,Susitna North,170181.000,Water at Hydroelectric Turbine,2020
0274350,Susitna North,38070.956,Landfill Gas,2021
0274350,Susitna North,678574.044,Natural Gas,2021
0274350,Susitna North,139994.000,Water at Hydroelectric Turbine,2021
0274350,Susitna North,,,
0274525,Sutton-Alpine,146252.000,Water at Hydroelectric Turbine,2001
0274525,Sutton-Alpine,161266.000,Water at Hydroelectric Turbine,2002
0274525,Sutton-Alpine,177204.000,Water at Hydroelectric Turbine,2003
0274525,Sutton-Alpine,173604.000,Water at Hydroelectric Turbine,2004
0274525,Sutton-Alpine,134178.000,Water at Hydroelectric Turbine,2005
0274525,Sutton-Alpine,66807.000,Water at Hydroelectric Turbine,2006
0274525,Sutton-Alpine,62105.000,Water at Hydroelectric Turbine,2007
0274525,Sutton-Alpine,57824.000,Water at Hydroelectric Turbine,2008
0274525,Sutton-Alpine,57056.000,Water at Hydroelectric Turbine,2009
0274525,Sutton-Alpine,74203.000,Water at Hydroelectric Turbine,2010
0274525,Sutton-Alpine,66088.000,Water at Hydroelectric Turbine,2011
0274525,Sutton-Alpine,71126.000,Water at Hydroelectric Turbine,2012
0274525,Sutton-Alpine,45541.199,Landfill Gas,2013
0274525,Sutton-Alpine,38.801,Natural Gas,2013
0274525,Sutton-Alpine,89936.000,Water at Hydroelectric Turbine,2013
0274525,Sutton-Alpine,56165.769,Landfill Gas,2014
0274525,Sutton-Alpine,1.231,Natural Gas,2014
0274525,Sutton-Alpine,83110.000,Water at Hydroelectric Turbine,2014
0274525,Sutton-Alpine,0.000,Distillate Fuel Oil,2015
0274525,Sutton-Alpine,50131.473,Landfill Gas,2015
0274525,Sutton-Alpine,476985.527,Natural Gas,2015
0274525,Sutton-Alpine,92243.000,Water at Hydroelectric Turbine,2015
0274525,Sutton-Alpine,0.000,Distillate Fuel Oil,2016
0274525,Sutton-Alpine,42514.846,Landfill Gas,2016
0274525,Sutton-Alpine,819047.154,Natural Gas,2016
0274525,Sutton-Alpine,76916.000,Water at Hydroelectric Turbine,2016
0274525,Sutton-Alpine,0.000,Distillate Fuel Oil,2017
0274525,Sutton-Alpine,42184.516,Landfill Gas,2017
0274525,Sutton-Alpine,750519.484,Natural Gas,2017
0274525,Sutton-Alpine,119240.000,Water at Hydroelectric Turbine,2017
0274525,Sutton-Alpine,0.000,Distillate Fuel Oil,2018
0274525,Sutton-Alpine,42684.134,Landfill Gas,2018
0274525,Sutton-Alpine,615054.866,Natural Gas,2018
0274525,Sutton-Alpine,168115.000,Water at Hydroelectric Turbine,2018
0274525,Sutton-Alpine,0.000,Distillate Fuel Oil,2019
0274525,Sutton-Alpine,36884.461,Landfill Gas,2019
0274525,Sutton-Alpine,723828.539,Natural Gas,2019
0274525,Sutton-Alpine,190971.000,Water at Hydroelectric Turbine,2019
0274525,Sutton-Alpine,38945.273,Landfill Gas,2020
0274525,Sutton-Alpine,729105.727,Natural Gas,2020
0274525,Sutton-Alpine,170181.000,Water at Hydroelectric Turbine,2020
0274525,Sutton-Alpine,38070.956,Landfill Gas,2021
0274525,Sutton-Alpine,678574.044,Natural Gas,2021
0274525,Sutton-Alpine,139994.000,Water at Hydroelectric Turbine,2021
0274525,Sutton-Alpine,,,
0274610,Takotna,136.548,Distillate Fuel Oil,2001
0274610,Takotna,247.879,Distillate Fuel Oil,2002
0274610,Takotna,254.122,Distillate Fuel Oil,2003
0274610,Takotna,230.950,Distillate Fuel Oil,2004
0274610,Takotna,206.218,Distillate Fuel Oil,2005
0274610,Takotna,242.199,Distillate Fuel Oil,2006
0274610,Takotna,240.636,Distillate Fuel Oil,2007
0274610,Takotna,251.919,Distillate Fuel Oil,2008
0274610,Takotna,243.777,Distillate Fuel Oil,2009
0274610,Takotna,238.532,Distillate Fuel Oil,2010
0274610,Takotna,213.034,Distillate Fuel Oil,2011
0274610,Takotna,224.749,Distillate Fuel Oil,2012
0274610,Takotna,218.792,Distillate Fuel Oil,2013
0274610,Takotna,72.576,Distillate Fuel Oil,2014
0274610,Takotna,245.153,Distillate Fuel Oil,2015
0274610,Takotna,248.389,Distillate Fuel Oil,2016
0274610,Takotna,231.591,Distillate Fuel Oil,2017
0274610,Takotna,110.507,Distillate Fuel Oil,2018
0274610,Takotna,60.650,Distillate Fuel Oil,2021
0274830,Talkeetna,146252.000,Water at Hydroelectric Turbine,2001
0274830,Talkeetna,161266.000,Water at Hydroelectric Turbine,2002
0274830,Talkeetna,177204.000,Water at Hydroelectric Turbine,2003
0274830,Talkeetna,173604.000,Water at Hydroelectric Turbine,2004
0274830,Talkeetna,134178.000,Water at Hydroelectric Turbine,2005
0274830,Talkeetna,66807.000,Water at Hydroelectric Turbine,2006
0274830,Talkeetna,62105.000,Water at Hydroelectric Turbine,2007
0274830,Talkeetna,57824.000,Water at Hydroelectric Turbine,2008
0274830,Talkeetna,57056.000,Water at Hydroelectric Turbine,2009
0274830,Talkeetna,74203.000,Water at Hydroelectric Turbine,2010
0274830,Talkeetna,66088.000,Water at Hydroelectric Turbine,2011
0274830,Talkeetna,71126.000,Water at Hydroelectric Turbine,2012
0274830,Talkeetna,45541.199,Landfill Gas,2013
0274830,Talkeetna,38.801,Natural Gas,2013
0274830,Talkeetna,89936.000,Water at Hydroelectric Turbine,2013
0274830,Talkeetna,56165.769,Landfill Gas,2014
0274830,Talkeetna,1.231,Natural Gas,2014
0274830,Talkeetna,83110.000,Water at Hydroelectric Turbine,2014
0274830,Talkeetna,0.000,Distillate Fuel Oil,2015
0274830,Talkeetna,50131.473,Landfill Gas,2015
0274830,Talkeetna,476985.527,Natural Gas,2015
0274830,Talkeetna,92243.000,Water at Hydroelectric Turbine,2015
0274830,Talkeetna,0.000,Distillate Fuel Oil,2016
0274830,Talkeetna,42514.846,Landfill Gas,2016
0274830,Talkeetna,819047.154,Natural Gas,2016
0274830,Talkeetna,76916.000,Water at Hydroelectric Turbine,2016
0274830,Talkeetna,0.000,Distillate Fuel Oil,2017
0274830,Talkeetna,42184.516,Landfill Gas,2017
0274830,Talkeetna,750519.484,Natural Gas,2017
0274830,Talkeetna,119240.000,Water at Hydroelectric Turbine,2017
0274830,Talkeetna,0.000,Distillate Fuel Oil,2018
0274830,Talkeetna,42684.134,Landfill Gas,2018
0274830,Talkeetna,615054.866,Natural Gas,2018
0274830,Talkeetna,168115.000,Water at Hydroelectric Turbine,2018
0274830,Talkeetna,0.000,Distillate Fuel Oil,2019
0274830,Talkeetna,36884.461,Landfill Gas,2019
0274830,Talkeetna,723828.539,Natural Gas,2019
0274830,Talkeetna,190971.000,Water at Hydroelectric Turbine,2019
0274830,Talkeetna,38945.273,Landfill Gas,2020
0274830,Talkeetna,729105.727,Natural Gas,2020
0274830,Talkeetna,170181.000,Water at Hydroelectric Turbine,2020
0274830,Talkeetna,38070.956,Landfill Gas,2021
0274830,Talkeetna,678574.044,Natural Gas,2021
0274830,Talkeetna,139994.000,Water at Hydroelectric Turbine,2021
0274830,Talkeetna,,,
0275050,Tanacross,11949.000,Distillate Fuel Oil,2001
0275050,Tanacross,12176.150,Distillate Fuel Oil,2002
0275050,Tanacross,12797.649,Distillate Fuel Oil,2003
0275050,Tanacross,12799.182,Distillate Fuel Oil,2004
0275050,Tanacross,12585.619,Distillate Fuel Oil,2005
0275050,Tanacross,12315.840,Distillate Fuel Oil,2006
0275050,Tanacross,12065.407,Distillate Fuel Oil,2007
0275050,Tanacross,12041.414,Distillate Fuel Oil,2008
0275050,Tanacross,12300.164,Distillate Fuel Oil,2009
0275050,Tanacross,11181.825,Distillate Fuel Oil,2010
0275050,Tanacross,10581.857,Distillate Fuel Oil,2011
0275050,Tanacross,10290.200,Distillate Fuel Oil,2012
0275050,Tanacross,9914.560,Distillate Fuel Oil,2013
0275050,Tanacross,9012.120,Distillate Fuel Oil,2014
0275050,Tanacross,9257.720,Distillate Fuel Oil,2015
0275050,Tanacross,9366.719,Distillate Fuel Oil,2016
0275050,Tanacross,9386.447,Distillate Fuel Oil,2017
0275050,Tanacross,9383.041,Distillate Fuel Oil,2018
0275050,Tanacross,9343.400,Distillate Fuel Oil,2019
0275050,Tanacross,9987.440,Distillate Fuel Oil,2020
0275050,Tanacross,10384.000,Distillate Fuel Oil,2021
0275050,Tanacross,,,
0275077,Tanaina,146252.000,Water at Hydroelectric Turbine,2001
0275077,Tanaina,161266.000,Water at Hydroelectric Turbine,2002
0275077,Tanaina,177204.000,Water at Hydroelectric Turbine,2003
0275077,Tanaina,173604.000,Water at Hydroelectric Turbine,2004
0275077,Tanaina,134178.000,Water at Hydroelectric Turbine,2005
0275077,Tanaina,66807.000,Water at Hydroelectric Turbine,2006
0275077,Tanaina,62105.000,Water at Hydroelectric Turbine,2007
0275077,Tanaina,57824.000,Water at Hydroelectric Turbine,2008
0275077,Tanaina,57056.000,Water at Hydroelectric Turbine,2009
0275077,Tanaina,74203.000,Water at Hydroelectric Turbine,2010
0275077,Tanaina,66088.000,Water at Hydroelectric Turbine,2011
0275077,Tanaina,71126.000,Water at Hydroelectric Turbine,2012
0275077,Tanaina,45541.199,Landfill Gas,2013
0275077,Tanaina,38.801,Natural Gas,2013
0275077,Tanaina,89936.000,Water at Hydroelectric Turbine,2013
0275077,Tanaina,56165.769,Landfill Gas,2014
0275077,Tanaina,1.231,Natural Gas,2014
0275077,Tanaina,83110.000,Water at Hydroelectric Turbine,2014
0275077,Tanaina,0.000,Distillate Fuel Oil,2015
0275077,Tanaina,50131.473,Landfill Gas,2015
0275077,Tanaina,476985.527,Natural Gas,2015
0275077,Tanaina,92243.000,Water at Hydroelectric Turbine,2015
0275077,Tanaina,0.000,Distillate Fuel Oil,2016
0275077,Tanaina,42514.846,Landfill Gas,2016
0275077,Tanaina,819047.154,Natural Gas,2016
0275077,Tanaina,76916.000,Water at Hydroelectric Turbine,2016
0275077,Tanaina,0.000,Distillate Fuel Oil,2017
0275077,Tanaina,42184.516,Landfill Gas,2017
0275077,Tanaina,750519.484,Natural Gas,2017
0275077,Tanaina,119240.000,Water at Hydroelectric Turbine,2017
0275077,Tanaina,0.000,Distillate Fuel Oil,2018
0275077,Tanaina,42684.134,Landfill Gas,2018
0275077,Tanaina,615054.866,Natural Gas,2018
0275077,Tanaina,168115.000,Water at Hydroelectric Turbine,2018
0275077,Tanaina,0.000,Distillate Fuel Oil,2019
0275077,Tanaina,36884.461,Landfill Gas,2019
0275077,Tanaina,723828.539,Natural Gas,2019
0275077,Tanaina,190971.000,Water at Hydroelectric Turbine,2019
0275077,Tanaina,38945.273,Landfill Gas,2020
0275077,Tanaina,729105.727,Natural Gas,2020
0275077,Tanaina,170181.000,Water at Hydroelectric Turbine,2020
0275077,Tanaina,38070.956,Landfill Gas,2021
0275077,Tanaina,678574.044,Natural Gas,2021
0275077,Tanaina,139994.000,Water at Hydroelectric Turbine,2021
0275077,Tanaina,,,
0275160,Tanana,682.938,Distillate Fuel Oil,2001
0275160,Tanana,1301.387,Distillate Fuel Oil,2002
0275160,Tanana,1319.254,Distillate Fuel Oil,2003
0275160,Tanana,1389.866,Distillate Fuel Oil,2004
0275160,Tanana,1353.753,Distillate Fuel Oil,2005
0275160,Tanana,1379.315,Distillate Fuel Oil,2006
0275160,Tanana,1350.310,Distillate Fuel Oil,2007
0275160,Tanana,1247.440,Distillate Fuel Oil,2008
0275160,Tanana,1226.160,Distillate Fuel Oil,2009
0275160,Tanana,1214.805,Distillate Fuel Oil,2010
0275160,Tanana,1179.765,Distillate Fuel Oil,2011
0275160,Tanana,1195.831,Distillate Fuel Oil,2012
0275160,Tanana,1142.603,Distillate Fuel Oil,2013
0275160,Tanana,1125.926,Distillate Fuel Oil,2014
0275160,Tanana,1286.465,Distillate Fuel Oil,2015
0275160,Tanana,1289.327,Distillate Fuel Oil,2016
0275160,Tanana,1322.974,Distillate Fuel Oil,2017
0275160,Tanana,1340.148,Distillate Fuel Oil,2018
0275160,Tanana,1264.894,Distillate Fuel Oil,2019
0275160,Tanana,1246.993,Distillate Fuel Oil,2020
0275160,Tanana,1248.425,Distillate Fuel Oil,2021
0275380,Tatitlek,186.053,Distillate Fuel Oil,2002
0275380,Tatitlek,490.268,Distillate Fuel Oil,2003
0275380,Tatitlek,475.700,Distillate Fuel Oil,2004
0275380,Tatitlek,474.726,Distillate Fuel Oil,2005
0275380,Tatitlek,478.676,Distillate Fuel Oil,2006
0275380,Tatitlek,479.414,Distillate Fuel Oil,2007
0275380,Tatitlek,438.200,Distillate Fuel Oil,2008
0275380,Tatitlek,434.134,Distillate Fuel Oil,2009
0275380,Tatitlek,509.800,Distillate Fuel Oil,2010
0275380,Tatitlek,516.300,Distillate Fuel Oil,2011
0275380,Tatitlek,528.700,Distillate Fuel Oil,2012
0275380,Tatitlek,508.802,Distillate Fuel Oil,2013
0275380,Tatitlek,441.152,Distillate Fuel Oil,2014
0275380,Tatitlek,440.846,Distillate Fuel Oil,2015
0275380,Tatitlek,414.243,Distillate Fuel Oil,2016
0275380,Tatitlek,409.468,Distillate Fuel Oil,2017
0275380,Tatitlek,404.712,Distillate Fuel Oil,2018
0275380,Tatitlek,355.928,Distillate Fuel Oil,2019
0275380,Tatitlek,424.791,Distillate Fuel Oil,2020
0275380,Tatitlek,426.589,Distillate Fuel Oil,2021
0275480,Tazlina,19012.999,Distillate Fuel Oil,2001
0275480,Tazlina,50788.001,Water at Hydroelectric Turbine,2001
0275480,Tazlina,11380.999,Distillate Fuel Oil,2002
0275480,Tazlina,0.000,Jet Fuel,2002
0275480,Tazlina,18565.000,Waste Oil,2002
0275480,Tazlina,56651.000,Water at Hydroelectric Turbine,2002
0275480,Tazlina,9009.296,Distillate Fuel Oil,2003
0275480,Tazlina,21484.001,Jet Fuel,2003
0275480,Tazlina,52811.998,Water at Hydroelectric Turbine,2003
0275480,Tazlina,10104.640,Distillate Fuel Oil,2004
0275480,Tazlina,21429.000,Jet Fuel,2004
0275480,Tazlina,51353.001,Water at Hydroelectric Turbine,2004
0275480,Tazlina,12625.558,Distillate Fuel Oil,2005
0275480,Tazlina,20519.000,Jet Fuel,2005
0275480,Tazlina,49426.999,Water at Hydroelectric Turbine,2005
0275480,Tazlina,10526.475,Distillate Fuel Oil,2006
0275480,Tazlina,19680.001,Jet Fuel,2006
0275480,Tazlina,54916.999,Water at Hydroelectric Turbine,2006
0275480,Tazlina,14456.820,Distillate Fuel Oil,2007
0275480,Tazlina,32393.999,Jet Fuel,2007
0275480,Tazlina,34556.000,Water at Hydroelectric Turbine,2007
0275480,Tazlina,7705.000,Distillate Fuel Oil,2008
0275480,Tazlina,24031.000,Jet Fuel,2008
0275480,Tazlina,47429.000,Water at Hydroelectric Turbine,2008
0275480,Tazlina,12229.725,Distillate Fuel Oil,2009
0275480,Tazlina,6756.000,Jet Fuel,2009
0275480,Tazlina,44988.000,Water at Hydroelectric Turbine,2009
0275480,Tazlina,5850.405,Distillate Fuel Oil,2010
0275480,Tazlina,30043.000,Jet Fuel,2010
0275480,Tazlina,44758.000,Water at Hydroelectric Turbine,2010
0275480,Tazlina,15160.000,Distillate Fuel Oil,2011
0275480,Tazlina,17519.000,Jet Fuel,2011
0275480,Tazlina,46189.000,Water at Hydroelectric Turbine,2011
0275480,Tazlina,14645.108,Distillate Fuel Oil,2012
0275480,Tazlina,29655.000,Jet Fuel,2012
0275480,Tazlina,44135.000,Water at Hydroelectric Turbine,2012
0275480,Tazlina,15495.027,Distillate Fuel Oil,2013
0275480,Tazlina,0.000,Jet Fuel,2013
0275480,Tazlina,17027.000,Waste Oil,2013
0275480,Tazlina,54750.000,Water at Hydroelectric Turbine,2013
0275480,Tazlina,9933.580,Distillate Fuel Oil,2014
0275480,Tazlina,0.000,Jet Fuel,2014
0275480,Tazlina,21217.000,Waste Oil,2014
0275480,Tazlina,54955.000,Water at Hydroelectric Turbine,2014
0275480,Tazlina,9040.578,Distillate Fuel Oil,2015
0275480,Tazlina,0.000,Jet Fuel,2015
0275480,Tazlina,21316.000,Waste Oil,2015
0275480,Tazlina,55982.000,Water at Hydroelectric Turbine,2015
0275480,Tazlina,11183.989,Distillate Fuel Oil,2016
0275480,Tazlina,0.000,Jet Fuel,2016
0275480,Tazlina,17636.000,Waste Oil,2016
0275480,Tazlina,55731.000,Water at Hydroelectric Turbine,2016
0275480,Tazlina,10387.013,Distillate Fuel Oil,2017
0275480,Tazlina,0.000,Jet Fuel,2017
0275480,Tazlina,21411.000,Waste Oil,2017
0275480,Tazlina,56473.000,Water at Hydroelectric Turbine,2017
0275480,Tazlina,9662.000,Distillate Fuel Oil,2018
0275480,Tazlina,0.000,Jet Fuel,2018
0275480,Tazlina,16993.000,Waste Oil,2018
0275480,Tazlina,65164.000,Water at Hydroelectric Turbine,2018
0275480,Tazlina,6062.000,Distillate Fuel Oil,2019
0275480,Tazlina,0.000,Jet Fuel,2019
0275480,Tazlina,17823.000,Waste Oil,2019
0275480,Tazlina,72333.000,Water at Hydroelectric Turbine,2019
0275480,Tazlina,10486.000,Distillate Fuel Oil,2020
0275480,Tazlina,23442.000,Waste Oil,2020
0275480,Tazlina,54317.000,Water at Hydroelectric Turbine,2020
0275480,Tazlina,12132.000,Distillate Fuel Oil,2021
0275480,Tazlina,25547.000,Waste Oil,2021
0275480,Tazlina,58733.000,Water at Hydroelectric Turbine,2021
0275930,Teller,310.186,Distillate Fuel Oil,2001
0275930,Teller,965.490,Distillate Fuel Oil,2002
0275930,Teller,818.324,Distillate Fuel Oil,2003
0275930,Teller,1055.505,Distillate Fuel Oil,2004
0275930,Teller,885.571,Distillate Fuel Oil,2005
0275930,Teller,847.134,Distillate Fuel Oil,2006
0275930,Teller,821.031,Distillate Fuel Oil,2007
0275930,Teller,876.226,Distillate Fuel Oil,2008
0275930,Teller,897.724,Distillate Fuel Oil,2009
0275930,Teller,912.290,Distillate Fuel Oil,2010
0275930,Teller,870.446,Distillate Fuel Oil,2011
0275930,Teller,857.032,Distillate Fuel Oil,2012
0275930,Teller,864.934,Distillate Fuel Oil,2013
0275930,Teller,832.979,Distillate Fuel Oil,2014
0275930,Teller,851.047,Distillate Fuel Oil,2015
0275930,Teller,866.054,Distillate Fuel Oil,2016
0275930,Teller,857.095,Distillate Fuel Oil,2017
0275930,Teller,885.521,Distillate Fuel Oil,2018
0275930,Teller,861.802,Distillate Fuel Oil,2019
0275930,Teller,834.658,Distillate Fuel Oil,2020
0275930,Teller,873.107,Distillate Fuel Oil,2021
0276260,Tenakee Springs,228.640,Distillate Fuel Oil,2001
0276260,Tenakee Springs,451.080,Distillate Fuel Oil,2002
0276260,Tenakee Springs,445.920,Distillate Fuel Oil,2003
0276260,Tenakee Springs,442.400,Distillate Fuel Oil,2004
0276260,Tenakee Springs,439.200,Distillate Fuel Oil,2005
0276260,Tenakee Springs,435.596,Distillate Fuel Oil,2006
0276260,Tenakee Springs,411.463,Distillate Fuel Oil,2007
0276260,Tenakee Springs,413.763,Distillate Fuel Oil,2008
0276260,Tenakee Springs,428.649,Distillate Fuel Oil,2009
0276260,Tenakee Springs,413.647,Distillate Fuel Oil,2010
0276260,Tenakee Springs,419.657,Distillate Fuel Oil,2011
0276260,Tenakee Springs,420.335,Distillate Fuel Oil,2012
0276260,Tenakee Springs,407.033,Distillate Fuel Oil,2013
0276260,Tenakee Springs,372.622,Distillate Fuel Oil,2014
0276260,Tenakee Springs,407.267,Distillate Fuel Oil,2015
0276260,Tenakee Springs,406.400,Distillate Fuel Oil,2016
0276260,Tenakee Springs,414.305,Distillate Fuel Oil,2017
0276260,Tenakee Springs,389.923,Distillate Fuel Oil,2018
0276260,Tenakee Springs,387.515,Distillate Fuel Oil,2019
0276260,Tenakee Springs,403.149,Distillate Fuel Oil,2020
0276260,Tenakee Springs,414.766,Distillate Fuel Oil,2021
0276590,Tetlin,11949.000,Distillate Fuel Oil,2001
0276590,Tetlin,12176.150,Distillate Fuel Oil,2002
0276590,Tetlin,12797.649,Distillate Fuel Oil,2003
0276590,Tetlin,12799.182,Distillate Fuel Oil,2004
0276590,Tetlin,12585.619,Distillate Fuel Oil,2005
0276590,Tetlin,12315.840,Distillate Fuel Oil,2006
0276590,Tetlin,12065.407,Distillate Fuel Oil,2007
0276590,Tetlin,12041.414,Distillate Fuel Oil,2008
0276590,Tetlin,12300.164,Distillate Fuel Oil,2009
0276590,Tetlin,11181.825,Distillate Fuel Oil,2010
0276590,Tetlin,10581.857,Distillate Fuel Oil,2011
0276590,Tetlin,10290.200,Distillate Fuel Oil,2012
0276590,Tetlin,9914.560,Distillate Fuel Oil,2013
0276590,Tetlin,9012.120,Distillate Fuel Oil,2014
0276590,Tetlin,9257.720,Distillate Fuel Oil,2015
0276590,Tetlin,9366.719,Distillate Fuel Oil,2016
0276590,Tetlin,9386.447,Distillate Fuel Oil,2017
0276590,Tetlin,9383.041,Distillate Fuel Oil,2018
0276590,Tetlin,9343.400,Distillate Fuel Oil,2019
0276590,Tetlin,9987.440,Distillate Fuel Oil,2020
0276590,Tetlin,10384.000,Distillate Fuel Oil,2021
0276590,Tetlin,,,
0277140,Thorne Bay,590.000,Distillate Fuel Oil,2001
0277140,Thorne Bay,22825.999,Water at Hydroelectric Turbine,2001
0277140,Thorne Bay,3287.000,Distillate Fuel Oil,2002
0277140,Thorne Bay,19991.999,Water at Hydroelectric Turbine,2002
0277140,Thorne Bay,1557.002,Distillate Fuel Oil,2003
0277140,Thorne Bay,21937.000,Water at Hydroelectric Turbine,2003
0277140,Thorne Bay,697.999,Distillate Fuel Oil,2004
0277140,Thorne Bay,23307.000,Water at Hydroelectric Turbine,2004
0277140,Thorne Bay,763.996,Distillate Fuel Oil,2005
0277140,Thorne Bay,23250.000,Water at Hydroelectric Turbine,2005
0277140,Thorne Bay,1639.998,Distillate Fuel Oil,2006
0277140,Thorne Bay,24538.001,Water at Hydroelectric Turbine,2006
0277140,Thorne Bay,-110.000,Distillate Fuel Oil,2007
0277140,Thorne Bay,27276.999,Water at Hydroelectric Turbine,2007
0277140,Thorne Bay,4296.000,Distillate Fuel Oil,2008
0277140,Thorne Bay,21660.000,Water at Hydroelectric Turbine,2008
0277140,Thorne Bay,2087.000,Distillate Fuel Oil,2009
0277140,Thorne Bay,24895.000,Water at Hydroelectric Turbine,2009
0277140,Thorne Bay,257.000,Distillate Fuel Oil,2010
0277140,Thorne Bay,26579.000,Water at Hydroelectric Turbine,2010
0277140,Thorne Bay,3892.000,Distillate Fuel Oil,2011
0277140,Thorne Bay,23906.000,Water at Hydroelectric Turbine,2011
0277140,Thorne Bay,2323.000,Distillate Fuel Oil,2012
0277140,Thorne Bay,26111.000,Water at Hydroelectric Turbine,2012
0277140,Thorne Bay,3010.000,Distillate Fuel Oil,2013
0277140,Thorne Bay,26255.000,Water at Hydroelectric Turbine,2013
0277140,Thorne Bay,1085.000,Distillate Fuel Oil,2014
0277140,Thorne Bay,27020.000,Water at Hydroelectric Turbine,2014
0277140,Thorne Bay,2015.000,Distillate Fuel Oil,2015
0277140,Thorne Bay,27059.000,Water at Hydroelectric Turbine,2015
0277140,Thorne Bay,1109.000,Distillate Fuel Oil,2016
0277140,Thorne Bay,26085.000,Water at Hydroelectric Turbine,2016
0277140,Thorne Bay,3157.000,Distillate Fuel Oil,2017
0277140,Thorne Bay,24983.000,Water at Hydroelectric Turbine,2017
0277140,Thorne Bay,5332.000,Distillate Fuel Oil,2018
0277140,Thorne Bay,22245.000,Water at Hydroelectric Turbine,2018
0277140,Thorne Bay,4107.000,Distillate Fuel Oil,2019
0277140,Thorne Bay,24449.000,Water at Hydroelectric Turbine,2019
0277140,Thorne Bay,1525.000,Distillate Fuel Oil,2020
0277140,Thorne Bay,27172.000,Water at Hydroelectric Turbine,2020
0277140,Thorne Bay,1640.000,Distillate Fuel Oil,2021
0277140,Thorne Bay,28933.000,Water at Hydroelectric Turbine,2021
0277690,Togiak,2428.000,Distillate Fuel Oil,2001
0277690,Togiak,2398.269,Distillate Fuel Oil,2002
0277690,Togiak,2493.478,Distillate Fuel Oil,2003
0277690,Togiak,2758.309,Distillate Fuel Oil,2004
0277690,Togiak,2703.786,Distillate Fuel Oil,2005
0277690,Togiak,2591.172,Distillate Fuel Oil,2006
0277690,Togiak,2608.430,Distillate Fuel Oil,2007
0277690,Togiak,2635.299,Distillate Fuel Oil,2008
0277690,Togiak,2671.013,Distillate Fuel Oil,2009
0277690,Togiak,2942.551,Distillate Fuel Oil,2010
0277690,Togiak,3079.379,Distillate Fuel Oil,2011
0277690,Togiak,3070.923,Distillate Fuel Oil,2012
0277690,Togiak,3045.999,Distillate Fuel Oil,2013
0277690,Togiak,3057.693,Distillate Fuel Oil,2014
0277690,Togiak,3002.202,Distillate Fuel Oil,2015
0277690,Togiak,3034.629,Distillate Fuel Oil,2016
0277690,Togiak,3071.161,Distillate Fuel Oil,2017
0277690,Togiak,3084.073,Distillate Fuel Oil,2018
0277690,Togiak,3012.627,Distillate Fuel Oil,2019
0277690,Togiak,2931.370,Distillate Fuel Oil,2020
0277690,Togiak,3271.280,Distillate Fuel Oil,2021
0277800,Tok,11949.000,Distillate Fuel Oil,2001
0277800,Tok,12176.150,Distillate Fuel Oil,2002
0277800,Tok,12797.649,Distillate Fuel Oil,2003
0277800,Tok,12799.182,Distillate Fuel Oil,2004
0277800,Tok,12585.619,Distillate Fuel Oil,2005
0277800,Tok,12315.840,Distillate Fuel Oil,2006
0277800,Tok,12065.407,Distillate Fuel Oil,2007
0277800,Tok,12041.414,Distillate Fuel Oil,2008
0277800,Tok,12300.164,Distillate Fuel Oil,2009
0277800,Tok,11181.825,Distillate Fuel Oil,2010
0277800,Tok,10581.857,Distillate Fuel Oil,2011
0277800,Tok,10290.200,Distillate Fuel Oil,2012
0277800,Tok,9914.560,Distillate Fuel Oil,2013
0277800,Tok,9012.120,Distillate Fuel Oil,2014
0277800,Tok,9257.720,Distillate Fuel Oil,2015
0277800,Tok,9366.719,Distillate Fuel Oil,2016
0277800,Tok,9386.447,Distillate Fuel Oil,2017
0277800,Tok,9383.041,Distillate Fuel Oil,2018
0277800,Tok,9343.400,Distillate Fuel Oil,2019
0277800,Tok,9987.440,Distillate Fuel Oil,2020
0277800,Tok,10384.000,Distillate Fuel Oil,2021
0277800,Tok,,,
0278240,Toksook Bay,1980.001,Distillate Fuel Oil,2001
0278240,Toksook Bay,2087.858,Distillate Fuel Oil,2002
0278240,Toksook Bay,2046.776,Distillate Fuel Oil,2003
0278240,Toksook Bay,2229.847,Distillate Fuel Oil,2004
0278240,Toksook Bay,2387.916,Distillate Fuel Oil,2005
0278240,Toksook Bay,3.495,Wind,2005
0278240,Toksook Bay,2465.649,Distillate Fuel Oil,2006
0278240,Toksook Bay,343.988,Wind,2006
0278240,Toksook Bay,2309.784,Distillate Fuel Oil,2007
0278240,Toksook Bay,596.878,Wind,2007
0278240,Toksook Bay,2300.847,Distillate Fuel Oil,2008
0278240,Toksook Bay,692.429,Wind,2008
0278240,Toksook Bay,2717.577,Distillate Fuel Oil,2009
0278240,Toksook Bay,537.217,Wind,2009
0278240,Toksook Bay,2745.063,Distillate Fuel Oil,2010
0278240,Toksook Bay,562.339,Wind,2010
0278240,Toksook Bay,2732.539,Distillate Fuel Oil,2011
0278240,Toksook Bay,559.973,Wind,2011
0278240,Toksook Bay,2724.572,Distillate Fuel Oil,2012
0278240,Toksook Bay,640.019,Wind,2012
0278240,Toksook Bay,2730.468,Distillate Fuel Oil,2013
0278240,Toksook Bay,557.188,Wind,2013
0278240,Toksook Bay,2644.752,Distillate Fuel Oil,2014
0278240,Toksook Bay,687.991,Wind,2014
0278240,Toksook Bay,2871.147,Distillate Fuel Oil,2015
0278240,Toksook Bay,729.037,Wind,2015
0278240,Toksook Bay,2874.662,Distillate Fuel Oil,2016
0278240,Toksook Bay,681.695,Wind,2016
0278240,Toksook Bay,2843.319,Distillate Fuel Oil,2017
0278240,Toksook Bay,797.875,Wind,2017
0278240,Toksook Bay,2969.299,Distillate Fuel Oil,2018
0278240,Toksook Bay,851.987,Wind,2018
0278240,Toksook Bay,3006.201,Distillate Fuel Oil,2019
0278240,Toksook Bay,653.957,Wind,2019
0278240,Toksook Bay,3239.799,Distillate Fuel Oil,2020
0278240,Toksook Bay,380.473,Wind,2020
0278240,Toksook Bay,3270.301,Distillate Fuel Oil,2021
0278240,Toksook Bay,445.888,Wind,2021
0278297,Tolsona,19012.999,Distillate Fuel Oil,2001
0278297,Tolsona,50788.001,Water at Hydroelectric Turbine,2001
0278297,Tolsona,11380.999,Distillate Fuel Oil,2002
0278297,Tolsona,0.000,Jet Fuel,2002
0278297,Tolsona,18565.000,Waste Oil,2002
0278297,Tolsona,56651.000,Water at Hydroelectric Turbine,2002
0278297,Tolsona,9009.296,Distillate Fuel Oil,2003
0278297,Tolsona,21484.001,Jet Fuel,2003
0278297,Tolsona,52811.998,Water at Hydroelectric Turbine,2003
0278297,Tolsona,10104.640,Distillate Fuel Oil,2004
0278297,Tolsona,21429.000,Jet Fuel,2004
0278297,Tolsona,51353.001,Water at Hydroelectric Turbine,2004
0278297,Tolsona,12625.558,Distillate Fuel Oil,2005
0278297,Tolsona,20519.000,Jet Fuel,2005
0278297,Tolsona,49426.999,Water at Hydroelectric Turbine,2005
0278297,Tolsona,10526.475,Distillate Fuel Oil,2006
0278297,Tolsona,19680.001,Jet Fuel,2006
0278297,Tolsona,54916.999,Water at Hydroelectric Turbine,2006
0278297,Tolsona,14456.820,Distillate Fuel Oil,2007
0278297,Tolsona,32393.999,Jet Fuel,2007
0278297,Tolsona,34556.000,Water at Hydroelectric Turbine,2007
0278297,Tolsona,7705.000,Distillate Fuel Oil,2008
0278297,Tolsona,24031.000,Jet Fuel,2008
0278297,Tolsona,47429.000,Water at Hydroelectric Turbine,2008
0278297,Tolsona,12229.725,Distillate Fuel Oil,2009
0278297,Tolsona,6756.000,Jet Fuel,2009
0278297,Tolsona,44988.000,Water at Hydroelectric Turbine,2009
0278297,Tolsona,5850.405,Distillate Fuel Oil,2010
0278297,Tolsona,30043.000,Jet Fuel,2010
0278297,Tolsona,44758.000,Water at Hydroelectric Turbine,2010
0278297,Tolsona,15160.000,Distillate Fuel Oil,2011
0278297,Tolsona,17519.000,Jet Fuel,2011
0278297,Tolsona,46189.000,Water at Hydroelectric Turbine,2011
0278297,Tolsona,14645.108,Distillate Fuel Oil,2012
0278297,Tolsona,29655.000,Jet Fuel,2012
0278297,Tolsona,44135.000,Water at Hydroelectric Turbine,2012
0278297,Tolsona,15495.027,Distillate Fuel Oil,2013
0278297,Tolsona,0.000,Jet Fuel,2013
0278297,Tolsona,17027.000,Waste Oil,2013
0278297,Tolsona,54750.000,Water at Hydroelectric Turbine,2013
0278297,Tolsona,9933.580,Distillate Fuel Oil,2014
0278297,Tolsona,0.000,Jet Fuel,2014
0278297,Tolsona,21217.000,Waste Oil,2014
0278297,Tolsona,54955.000,Water at Hydroelectric Turbine,2014
0278297,Tolsona,9040.578,Distillate Fuel Oil,2015
0278297,Tolsona,0.000,Jet Fuel,2015
0278297,Tolsona,21316.000,Waste Oil,2015
0278297,Tolsona,55982.000,Water at Hydroelectric Turbine,2015
0278297,Tolsona,11183.989,Distillate Fuel Oil,2016
0278297,Tolsona,0.000,Jet Fuel,2016
0278297,Tolsona,17636.000,Waste Oil,2016
0278297,Tolsona,55731.000,Water at Hydroelectric Turbine,2016
0278297,Tolsona,10387.013,Distillate Fuel Oil,2017
0278297,Tolsona,0.000,Jet Fuel,2017
0278297,Tolsona,21411.000,Waste Oil,2017
0278297,Tolsona,56473.000,Water at Hydroelectric Turbine,2017
0278297,Tolsona,9662.000,Distillate Fuel Oil,2018
0278297,Tolsona,0.000,Jet Fuel,2018
0278297,Tolsona,16993.000,Waste Oil,2018
0278297,Tolsona,65164.000,Water at Hydroelectric Turbine,2018
0278297,Tolsona,6062.000,Distillate Fuel Oil,2019
0278297,Tolsona,0.000,Jet Fuel,2019
0278297,Tolsona,17823.000,Waste Oil,2019
0278297,Tolsona,72333.000,Water at Hydroelectric Turbine,2019
0278297,Tolsona,10486.000,Distillate Fuel Oil,2020
0278297,Tolsona,23442.000,Waste Oil,2020
0278297,Tolsona,54317.000,Water at Hydroelectric Turbine,2020
0278297,Tolsona,12132.000,Distillate Fuel Oil,2021
0278297,Tolsona,25547.000,Waste Oil,2021
0278297,Tolsona,58733.000,Water at Hydroelectric Turbine,2021
0278350,Tonsina,19012.999,Distillate Fuel Oil,2001
0278350,Tonsina,50788.001,Water at Hydroelectric Turbine,2001
0278350,Tonsina,11380.999,Distillate Fuel Oil,2002
0278350,Tonsina,0.000,Jet Fuel,2002
0278350,Tonsina,18565.000,Waste Oil,2002
0278350,Tonsina,56651.000,Water at Hydroelectric Turbine,2002
0278350,Tonsina,9009.296,Distillate Fuel Oil,2003
0278350,Tonsina,21484.001,Jet Fuel,2003
0278350,Tonsina,52811.998,Water at Hydroelectric Turbine,2003
0278350,Tonsina,10104.640,Distillate Fuel Oil,2004
0278350,Tonsina,21429.000,Jet Fuel,2004
0278350,Tonsina,51353.001,Water at Hydroelectric Turbine,2004
0278350,Tonsina,12625.558,Distillate Fuel Oil,2005
0278350,Tonsina,20519.000,Jet Fuel,2005
0278350,Tonsina,49426.999,Water at Hydroelectric Turbine,2005
0278350,Tonsina,10526.475,Distillate Fuel Oil,2006
0278350,Tonsina,19680.001,Jet Fuel,2006
0278350,Tonsina,54916.999,Water at Hydroelectric Turbine,2006
0278350,Tonsina,14456.820,Distillate Fuel Oil,2007
0278350,Tonsina,32393.999,Jet Fuel,2007
0278350,Tonsina,34556.000,Water at Hydroelectric Turbine,2007
0278350,Tonsina,7705.000,Distillate Fuel Oil,2008
0278350,Tonsina,24031.000,Jet Fuel,2008
0278350,Tonsina,47429.000,Water at Hydroelectric Turbine,2008
0278350,Tonsina,12229.725,Distillate Fuel Oil,2009
0278350,Tonsina,6756.000,Jet Fuel,2009
0278350,Tonsina,44988.000,Water at Hydroelectric Turbine,2009
0278350,Tonsina,5850.405,Distillate Fuel Oil,2010
0278350,Tonsina,30043.000,Jet Fuel,2010
0278350,Tonsina,44758.000,Water at Hydroelectric Turbine,2010
0278350,Tonsina,15160.000,Distillate Fuel Oil,2011
0278350,Tonsina,17519.000,Jet Fuel,2011
0278350,Tonsina,46189.000,Water at Hydroelectric Turbine,2011
0278350,Tonsina,14645.108,Distillate Fuel Oil,2012
0278350,Tonsina,29655.000,Jet Fuel,2012
0278350,Tonsina,44135.000,Water at Hydroelectric Turbine,2012
0278350,Tonsina,15495.027,Distillate Fuel Oil,2013
0278350,Tonsina,0.000,Jet Fuel,2013
0278350,Tonsina,17027.000,Waste Oil,2013
0278350,Tonsina,54750.000,Water at Hydroelectric Turbine,2013
0278350,Tonsina,9933.580,Distillate Fuel Oil,2014
0278350,Tonsina,0.000,Jet Fuel,2014
0278350,Tonsina,21217.000,Waste Oil,2014
0278350,Tonsina,54955.000,Water at Hydroelectric Turbine,2014
0278350,Tonsina,9040.578,Distillate Fuel Oil,2015
0278350,Tonsina,0.000,Jet Fuel,2015
0278350,Tonsina,21316.000,Waste Oil,2015
0278350,Tonsina,55982.000,Water at Hydroelectric Turbine,2015
0278350,Tonsina,11183.989,Distillate Fuel Oil,2016
0278350,Tonsina,0.000,Jet Fuel,2016
0278350,Tonsina,17636.000,Waste Oil,2016
0278350,Tonsina,55731.000,Water at Hydroelectric Turbine,2016
0278350,Tonsina,10387.013,Distillate Fuel Oil,2017
0278350,Tonsina,0.000,Jet Fuel,2017
0278350,Tonsina,21411.000,Waste Oil,2017
0278350,Tonsina,56473.000,Water at Hydroelectric Turbine,2017
0278350,Tonsina,9662.000,Distillate Fuel Oil,2018
0278350,Tonsina,0.000,Jet Fuel,2018
0278350,Tonsina,16993.000,Waste Oil,2018
0278350,Tonsina,65164.000,Water at Hydroelectric Turbine,2018
0278350,Tonsina,6062.000,Distillate Fuel Oil,2019
0278350,Tonsina,0.000,Jet Fuel,2019
0278350,Tonsina,17823.000,Waste Oil,2019
0278350,Tonsina,72333.000,Water at Hydroelectric Turbine,2019
0278350,Tonsina,10486.000,Distillate Fuel Oil,2020
0278350,Tonsina,23442.000,Waste Oil,2020
0278350,Tonsina,54317.000,Water at Hydroelectric Turbine,2020
0278350,Tonsina,12132.000,Distillate Fuel Oil,2021
0278350,Tonsina,25547.000,Waste Oil,2021
0278350,Tonsina,58733.000,Water at Hydroelectric Turbine,2021
0278680,Trapper Creek,146252.000,Water at Hydroelectric Turbine,2001
0278680,Trapper Creek,161266.000,Water at Hydroelectric Turbine,2002
0278680,Trapper Creek,177204.000,Water at Hydroelectric Turbine,2003
0278680,Trapper Creek,173604.000,Water at Hydroelectric Turbine,2004
0278680,Trapper Creek,134178.000,Water at Hydroelectric Turbine,2005
0278680,Trapper Creek,66807.000,Water at Hydroelectric Turbine,2006
0278680,Trapper Creek,62105.000,Water at Hydroelectric Turbine,2007
0278680,Trapper Creek,57824.000,Water at Hydroelectric Turbine,2008
0278680,Trapper Creek,57056.000,Water at Hydroelectric Turbine,2009
0278680,Trapper Creek,74203.000,Water at Hydroelectric Turbine,2010
0278680,Trapper Creek,66088.000,Water at Hydroelectric Turbine,2011
0278680,Trapper Creek,71126.000,Water at Hydroelectric Turbine,2012
0278680,Trapper Creek,45541.199,Landfill Gas,2013
0278680,Trapper Creek,38.801,Natural Gas,2013
0278680,Trapper Creek,89936.000,Water at Hydroelectric Turbine,2013
0278680,Trapper Creek,56165.769,Landfill Gas,2014
0278680,Trapper Creek,1.231,Natural Gas,2014
0278680,Trapper Creek,83110.000,Water at Hydroelectric Turbine,2014
0278680,Trapper Creek,0.000,Distillate Fuel Oil,2015
0278680,Trapper Creek,50131.473,Landfill Gas,2015
0278680,Trapper Creek,476985.527,Natural Gas,2015
0278680,Trapper Creek,92243.000,Water at Hydroelectric Turbine,2015
0278680,Trapper Creek,0.000,Distillate Fuel Oil,2016
0278680,Trapper Creek,42514.846,Landfill Gas,2016
0278680,Trapper Creek,819047.154,Natural Gas,2016
0278680,Trapper Creek,76916.000,Water at Hydroelectric Turbine,2016
0278680,Trapper Creek,0.000,Distillate Fuel Oil,2017
0278680,Trapper Creek,42184.516,Landfill Gas,2017
0278680,Trapper Creek,750519.484,Natural Gas,2017
0278680,Trapper Creek,119240.000,Water at Hydroelectric Turbine,2017
0278680,Trapper Creek,0.000,Distillate Fuel Oil,2018
0278680,Trapper Creek,42684.134,Landfill Gas,2018
0278680,Trapper Creek,615054.866,Natural Gas,2018
0278680,Trapper Creek,168115.000,Water at Hydroelectric Turbine,2018
0278680,Trapper Creek,0.000,Distillate Fuel Oil,2019
0278680,Trapper Creek,36884.461,Landfill Gas,2019
0278680,Trapper Creek,723828.539,Natural Gas,2019
0278680,Trapper Creek,190971.000,Water at Hydroelectric Turbine,2019
0278680,Trapper Creek,38945.273,Landfill Gas,2020
0278680,Trapper Creek,729105.727,Natural Gas,2020
0278680,Trapper Creek,170181.000,Water at Hydroelectric Turbine,2020
0278680,Trapper Creek,38070.956,Landfill Gas,2021
0278680,Trapper Creek,678574.044,Natural Gas,2021
0278680,Trapper Creek,139994.000,Water at Hydroelectric Turbine,2021
0278680,Trapper Creek,,,
0278790,Tuluksak,235.440,Distillate Fuel Oil,2001
0278790,Tuluksak,467.360,Distillate Fuel Oil,2002
0278790,Tuluksak,493.323,Distillate Fuel Oil,2003
0278790,Tuluksak,784.948,Distillate Fuel Oil,2004
0278790,Tuluksak,1019.329,Distillate Fuel Oil,2005
0278790,Tuluksak,1027.482,Distillate Fuel Oil,2006
0278790,Tuluksak,630.996,Distillate Fuel Oil,2007
0278790,Tuluksak,636.895,Distillate Fuel Oil,2008
0278790,Tuluksak,660.462,Distillate Fuel Oil,2009
0278790,Tuluksak,654.616,Distillate Fuel Oil,2010
0278790,Tuluksak,648.797,Distillate Fuel Oil,2011
0278790,Tuluksak,691.483,Distillate Fuel Oil,2012
0278790,Tuluksak,734.429,Distillate Fuel Oil,2013
0278790,Tuluksak,668.997,Distillate Fuel Oil,2014
0278790,Tuluksak,550.322,Distillate Fuel Oil,2015
0278790,Tuluksak,557.439,Distillate Fuel Oil,2016
0278790,Tuluksak,539.927,Distillate Fuel Oil,2017
0278790,Tuluksak,550.337,Distillate Fuel Oil,2018
0278790,Tuluksak,196.180,Distillate Fuel Oil,2019
0279120,Tuntutuliak,370.280,Distillate Fuel Oil,2001
0279120,Tuntutuliak,856.929,Distillate Fuel Oil,2002
0279120,Tuntutuliak,430.641,Distillate Fuel Oil,2003
0279120,Tuntutuliak,436.725,Distillate Fuel Oil,2004
0279120,Tuntutuliak,922.709,Distillate Fuel Oil,2005
0279120,Tuntutuliak,925.818,Distillate Fuel Oil,2006
0279120,Tuntutuliak,963.231,Distillate Fuel Oil,2007
0279120,Tuntutuliak,969.426,Distillate Fuel Oil,2008
0279120,Tuntutuliak,998.845,Distillate Fuel Oil,2009
0279120,Tuntutuliak,948.511,Distillate Fuel Oil,2010
0279120,Tuntutuliak,1004.009,Distillate Fuel Oil,2011
0279120,Tuntutuliak,987.821,Distillate Fuel Oil,2012
0279120,Tuntutuliak,33.038,Wind,2012
0279120,Tuntutuliak,750.341,Distillate Fuel Oil,2013
0279120,Tuntutuliak,255.681,Wind,2013
0279120,Tuntutuliak,93.164,Distillate Fuel Oil,2014
0279120,Tuntutuliak,76.613,Wind,2014
0279120,Tuntutuliak,67.743,Wind,2015
0279120,Tuntutuliak,102.568,Wind,2016
0279120,Tuntutuliak,155.020,Distillate Fuel Oil,2017
0279120,Tuntutuliak,55.209,Wind,2017
0279120,Tuntutuliak,426.290,Distillate Fuel Oil,2018
0279120,Tuntutuliak,110.603,Wind,2018
0279120,Tuntutuliak,1037.470,Distillate Fuel Oil,2019
0279120,Tuntutuliak,137.542,Wind,2019
0279120,Tuntutuliak,1188.830,Distillate Fuel Oil,2020
0279120,Tuntutuliak,107.712,Wind,2020
0279120,Tuntutuliak,1100.817,Distillate Fuel Oil,2021
0279120,Tuntutuliak,46.788,Wind,2021
0279230,Tununak,1980.001,Distillate Fuel Oil,2001
0279230,Tununak,2087.858,Distillate Fuel Oil,2002
0279230,Tununak,2046.776,Distillate Fuel Oil,2003
0279230,Tununak,2229.847,Distillate Fuel Oil,2004
0279230,Tununak,2387.916,Distillate Fuel Oil,2005
0279230,Tununak,3.495,Wind,2005
0279230,Tununak,2465.649,Distillate Fuel Oil,2006
0279230,Tununak,343.988,Wind,2006
0279230,Tununak,2309.784,Distillate Fuel Oil,2007
0279230,Tununak,596.878,Wind,2007
0279230,Tununak,2300.847,Distillate Fuel Oil,2008
0279230,Tununak,692.429,Wind,2008
0279230,Tununak,2717.577,Distillate Fuel Oil,2009
0279230,Tununak,537.217,Wind,2009
0279230,Tununak,2745.063,Distillate Fuel Oil,2010
0279230,Tununak,562.339,Wind,2010
0279230,Tununak,2732.539,Distillate Fuel Oil,2011
0279230,Tununak,559.973,Wind,2011
0279230,Tununak,2724.572,Distillate Fuel Oil,2012
0279230,Tununak,640.019,Wind,2012
0279230,Tununak,2730.468,Distillate Fuel Oil,2013
0279230,Tununak,557.188,Wind,2013
0279230,Tununak,2644.752,Distillate Fuel Oil,2014
0279230,Tununak,687.991,Wind,2014
0279230,Tununak,2871.147,Distillate Fuel Oil,2015
0279230,Tununak,729.037,Wind,2015
0279230,Tununak,2874.662,Distillate Fuel Oil,2016
0279230,Tununak,681.695,Wind,2016
0279230,Tununak,2843.319,Distillate Fuel Oil,2017
0279230,Tununak,797.875,Wind,2017
0279230,Tununak,2969.299,Distillate Fuel Oil,2018
0279230,Tununak,851.987,Wind,2018
0279230,Tununak,3006.201,Distillate Fuel Oil,2019
0279230,Tununak,653.957,Wind,2019
0279230,Tununak,3239.799,Distillate Fuel Oil,2020
0279230,Tununak,380.473,Wind,2020
0279230,Tununak,3270.301,Distillate Fuel Oil,2021
0279230,Tununak,445.888,Wind,2021
0279780,Twin Hills,55.590,Distillate Fuel Oil,2001
0279780,Twin Hills,139.476,Distillate Fuel Oil,2002
0279780,Twin Hills,142.545,Distillate Fuel Oil,2003
0279780,Twin Hills,177.382,Distillate Fuel Oil,2004
0279780,Twin Hills,173.405,Distillate Fuel Oil,2005
0279780,Twin Hills,240.978,Distillate Fuel Oil,2006
0279780,Twin Hills,263.819,Distillate Fuel Oil,2007
0279780,Twin Hills,275.550,Distillate Fuel Oil,2008
0279780,Twin Hills,253.759,Distillate Fuel Oil,2009
0279780,Twin Hills,286.638,Distillate Fuel Oil,2010
0279780,Twin Hills,312.488,Distillate Fuel Oil,2011
0279780,Twin Hills,318.374,Distillate Fuel Oil,2012
0279780,Twin Hills,301.402,Distillate Fuel Oil,2013
0279780,Twin Hills,150.965,Distillate Fuel Oil,2018
0279830,Two Rivers,320199.883,Coal,2001
0279830,Two Rivers,10180.000,Distillate Fuel Oil,2001
0279830,Two Rivers,579967.000,Residual Fuel Oil,2001
0279830,Two Rivers,481090.841,Coal,2002
0279830,Two Rivers,17426.909,Distillate Fuel Oil,2002
0279830,Two Rivers,546300.000,Residual Fuel Oil,2002
0279830,Two Rivers,32.000,Waste Oil,2002
0279830,Two Rivers,1031.000,Wood Waste Solids,2002
0279830,Two Rivers,456747.980,Coal,2003
0279830,Two Rivers,6308.990,Distillate Fuel Oil,2003
0279830,Two Rivers,453733.000,Residual Fuel Oil,2003
0279830,Two Rivers,64.000,Waste Oil,2003
0279830,Two Rivers,758.001,Wood Waste Solids,2003
0279830,Two Rivers,519938.432,Coal,2004
0279830,Two Rivers,9963.938,Distillate Fuel Oil,2004
0279830,Two Rivers,360379.000,Residual Fuel Oil,2004
0279830,Two Rivers,0.000,Waste Oil,2004
0279830,Two Rivers,388.500,Wood Waste Solids,2004
0279830,Two Rivers,525017.007,Coal,2005
0279830,Two Rivers,2907.565,Distillate Fuel Oil,2005
0279830,Two Rivers,360562.000,Residual Fuel Oil,2005
0279830,Two Rivers,0.000,Waste Oil,2005
0279830,Two Rivers,382.565,Wood Waste Solids,2005
0279830,Two Rivers,532341.253,Coal,2006
0279830,Two Rivers,3215.258,Distillate Fuel Oil,2006
0279830,Two Rivers,337599.000,Residual Fuel Oil,2006
0279830,Two Rivers,0.000,Waste Oil,2006
0279830,Two Rivers,515.509,Wood Waste Solids,2006
0279830,Two Rivers,538127.163,Coal,2007
0279830,Two Rivers,5102.496,Distillate Fuel Oil,2007
0279830,Two Rivers,284406.908,Jet Fuel,2007
0279830,Two Rivers,436.577,Natural Gas,2007
0279830,Two Rivers,266301.606,Residual Fuel Oil,2007
0279830,Two Rivers,0.000,Waste Oil,2007
0279830,Two Rivers,21.755,Wood Waste Solids,2007
0279830,Two Rivers,512423.237,Coal,2008
0279830,Two Rivers,5916.308,Distillate Fuel Oil,2008
0279830,Two Rivers,387339.730,Jet Fuel,2008
0279830,Two Rivers,0.000,Natural Gas,2008
0279830,Two Rivers,126668.178,Residual Fuel Oil,2008
0279830,Two Rivers,0.000,Wood Waste Solids,2008
0279830,Two Rivers,515890.711,Coal,2009
0279830,Two Rivers,7005.089,Distillate Fuel Oil,2009
0279830,Two Rivers,370545.007,Jet Fuel,2009
0279830,Two Rivers,0.000,Natural Gas,2009
0279830,Two Rivers,343136.891,Residual Fuel Oil,2009
0279830,Two Rivers,463538.211,Coal,2010
0279830,Two Rivers,7652.130,Distillate Fuel Oil,2010
0279830,Two Rivers,0.000,Jet Fuel,2010
0279830,Two Rivers,639.868,Natural Gas,2010
0279830,Two Rivers,192178.603,Residual Fuel Oil,2010
0279830,Two Rivers,423964.882,Coal,2011
0279830,Two Rivers,3653.416,Distillate Fuel Oil,2011
0279830,Two Rivers,155547.000,Jet Fuel,2011
0279830,Two Rivers,2837.823,Natural Gas,2011
0279830,Two Rivers,102593.325,Residual Fuel Oil,2011
0279830,Two Rivers,463815.730,Coal,2012
0279830,Two Rivers,5994.123,Distillate Fuel Oil,2012
0279830,Two Rivers,197942.000,Jet Fuel,2012
0279830,Two Rivers,2683.523,Natural Gas,2012
0279830,Two Rivers,175535.364,Residual Fuel Oil,2012
0279830,Two Rivers,374005.564,Coal,2013
0279830,Two Rivers,3916.995,Distillate Fuel Oil,2013
0279830,Two Rivers,91958.000,Jet Fuel,2013
0279830,Two Rivers,5000.441,Natural Gas,2013
0279830,Two Rivers,33991.362,Residual Fuel Oil,2013
0279830,Two Rivers,72610.000,Wind,2013
0279830,Two Rivers,0.000,Wood Waste Solids,2013
0279830,Two Rivers,376282.303,Coal,2014
0279830,Two Rivers,1508.242,Distillate Fuel Oil,2014
0279830,Two Rivers,131279.730,Jet Fuel,2014
0279830,Two Rivers,2161.112,Natural Gas,2014
0279830,Two Rivers,47426.548,Residual Fuel Oil,2014
0279830,Two Rivers,76279.000,Wind,2014
0279830,Two Rivers,0.000,Wood Waste Solids,2014
0279830,Two Rivers,432567.508,Coal,2015
0279830,Two Rivers,14837.204,Distillate Fuel Oil,2015
0279830,Two Rivers,0.000,Jet Fuel,2015
0279830,Two Rivers,0.000,Natural Gas,2015
0279830,Two Rivers,48522.553,Residual Fuel Oil,2015
0279830,Two Rivers,163960.164,Waste Oil,2015
0279830,Two Rivers,76784.000,Wind,2015
0279830,Two Rivers,0.000,Wood Waste Solids,2015
0279830,Two Rivers,395864.156,Coal,2016
0279830,Two Rivers,46782.391,Distillate Fuel Oil,2016
0279830,Two Rivers,-2392.000,Electricity used for Energy Storage,2016
0279830,Two Rivers,0.000,Jet Fuel,2016
0279830,Two Rivers,1129.934,Natural Gas,2016
0279830,Two Rivers,0.000,Residual Fuel Oil,2016
0279830,Two Rivers,48474.738,Waste Oil,2016
0279830,Two Rivers,78291.000,Wind,2016
0279830,Two Rivers,0.000,Wood Waste Solids,2016
0279830,Two Rivers,356409.011,Coal,2017
0279830,Two Rivers,70874.044,Distillate Fuel Oil,2017
0279830,Two Rivers,-2711.000,Electricity used for Energy Storage,2017
0279830,Two Rivers,0.000,Jet Fuel,2017
0279830,Two Rivers,554.666,Natural Gas,2017
0279830,Two Rivers,0.000,Residual Fuel Oil,2017
0279830,Two Rivers,144787.681,Waste Oil,2017
0279830,Two Rivers,64121.000,Wind,2017
0279830,Two Rivers,0.000,Wood Waste Solids,2017
0279830,Two Rivers,392019.635,Coal,2018
0279830,Two Rivers,64419.043,Distillate Fuel Oil,2018
0279830,Two Rivers,-2428.000,Electricity used for Energy Storage,2018
0279830,Two Rivers,0.000,Jet Fuel,2018
0279830,Two Rivers,0.000,Natural Gas,2018
0279830,Two Rivers,0.000,Residual Fuel Oil,2018
0279830,Two Rivers,82114.648,Waste Oil,2018
0279830,Two Rivers,70012.000,Wind,2018
0279830,Two Rivers,0.000,Wood Waste Solids,2018
0279830,Two Rivers,0.000,Agricultural By-Products,2019
0279830,Two Rivers,481171.537,Coal,2019
0279830,Two Rivers,28027.598,Distillate Fuel Oil,2019
0279830,Two Rivers,-3280.000,Electricity used for Energy Storage,2019
0279830,Two Rivers,2627.119,Jet Fuel,2019
0279830,Two Rivers,0.080,Natural Gas,2019
0279830,Two Rivers,0.000,Residual Fuel Oil,2019
0279830,Two Rivers,164462.097,Waste Oil,2019
0279830,Two Rivers,64076.000,Wind,2019
0279830,Two Rivers,0.000,Wood Waste Solids,2019
0279830,Two Rivers,466648.747,Coal,2020
0279830,Two Rivers,153461.063,Distillate Fuel Oil,2020
0279830,Two Rivers,-2810.000,Electricity used for Energy Storage,2020
0279830,Two Rivers,2081.775,Jet Fuel,2020
0279830,Two Rivers,6.054,Natural Gas,2020
0279830,Two Rivers,211433.728,Waste Oil,2020
0279830,Two Rivers,49937.000,Wind,2020
0279830,Two Rivers,503966.256,Coal,2021
0279830,Two Rivers,88907.304,Distillate Fuel Oil,2021
0279830,Two Rivers,-3433.000,Electricity used for Energy Storage,2021
0279830,Two Rivers,671.883,Jet Fuel,2021
0279830,Two Rivers,3.471,Natural Gas,2021
0279830,Two Rivers,184970.610,Waste Oil,2021
0279830,Two Rivers,60302.000,Wind,2021
0279830,Two Rivers,,,
0279890,Tyonek,571.000,Distillate Fuel Oil,2001
0279890,Tyonek,2690002.000,Natural Gas,2001
0279890,Tyonek,59447.000,Water at Hydroelectric Turbine,2001
0279890,Tyonek,309.000,Distillate Fuel Oil,2002
0279890,Tyonek,2583439.000,Natural Gas,2002
0279890,Tyonek,65555.000,Water at Hydroelectric Turbine,2002
0279890,Tyonek,260.000,Distillate Fuel Oil,2003
0279890,Tyonek,1097628.000,Natural Gas,2003
0279890,Tyonek,47662.000,Water at Hydroelectric Turbine,2003
0279890,Tyonek,344.884,Distillate Fuel Oil,2004
0279890,Tyonek,941642.001,Natural Gas,2004
0279890,Tyonek,48351.001,Water at Hydroelectric Turbine,2004
0279890,Tyonek,115.276,Distillate Fuel Oil,2005
0279890,Tyonek,795761.001,Natural Gas,2005
0279890,Tyonek,34043.001,Water at Hydroelectric Turbine,2005
0279890,Tyonek,92.932,Distillate Fuel Oil,2006
0279890,Tyonek,1194561.001,Natural Gas,2006
0279890,Tyonek,30089.001,Water at Hydroelectric Turbine,2006
0279890,Tyonek,152.344,Distillate Fuel Oil,2007
0279890,Tyonek,1127247.621,Natural Gas,2007
0279890,Tyonek,24303.000,Water at Hydroelectric Turbine,2007
0279890,Tyonek,120.484,Distillate Fuel Oil,2008
0279890,Tyonek,1248362.767,Natural Gas,2008
0279890,Tyonek,6663.000,Water at Hydroelectric Turbine,2008
0279890,Tyonek,253.636,Distillate Fuel Oil,2009
0279890,Tyonek,1412095.075,Natural Gas,2009
0279890,Tyonek,33262.000,Water at Hydroelectric Turbine,2009
0279890,Tyonek,575.859,Distillate Fuel Oil,2010
0279890,Tyonek,994667.057,Natural Gas,2010
0279890,Tyonek,45390.000,Water at Hydroelectric Turbine,2010
0279890,Tyonek,109.853,Distillate Fuel Oil,2011
0279890,Tyonek,1419720.471,Natural Gas,2011
0279890,Tyonek,28759.000,Water at Hydroelectric Turbine,2011
0279890,Tyonek,857.634,Distillate Fuel Oil,2012
0279890,Tyonek,1027320.761,Natural Gas,2012
0279890,Tyonek,77589.000,Water at Hydroelectric Turbine,2012
0279890,Tyonek,935.896,Distillate Fuel Oil,2013
0279890,Tyonek,1125792.387,Natural Gas,2013
0279890,Tyonek,35928.000,Water at Hydroelectric Turbine,2013
0279890,Tyonek,44784.000,Wind,2013
0279890,Tyonek,466.953,Distillate Fuel Oil,2014
0279890,Tyonek,870092.532,Natural Gas,2014
0279890,Tyonek,32050.000,Water at Hydroelectric Turbine,2014
0279890,Tyonek,47813.000,Wind,2014
0279890,Tyonek,493.112,Distillate Fuel Oil,2015
0279890,Tyonek,616460.562,Natural Gas,2015
0279890,Tyonek,16425.000,Water at Hydroelectric Turbine,2015
0279890,Tyonek,50562.000,Wind,2015
0279890,Tyonek,70.123,Distillate Fuel Oil,2016
0279890,Tyonek,615436.794,Natural Gas,2016
0279890,Tyonek,86666.000,Water at Hydroelectric Turbine,2016
0279890,Tyonek,56022.000,Wind,2016
0279890,Tyonek,49.623,Distillate Fuel Oil,2017
0279890,Tyonek,685153.102,Natural Gas,2017
0279890,Tyonek,25713.000,Water at Hydroelectric Turbine,2017
0279890,Tyonek,47715.000,Wind,2017
0279890,Tyonek,63.041,Distillate Fuel Oil,2018
0279890,Tyonek,650295.739,Natural Gas,2018
0279890,Tyonek,59832.000,Water at Hydroelectric Turbine,2018
0279890,Tyonek,51829.000,Wind,2018
0279890,Tyonek,32.526,Distillate Fuel Oil,2019
0279890,Tyonek,685057.722,Natural Gas,2019
0279890,Tyonek,46102.000,Water at Hydroelectric Turbine,2019
0279890,Tyonek,48221.000,Wind,2019
0279890,Tyonek,69.606,Distillate Fuel Oil,2020
0279890,Tyonek,451805.484,Natural Gas,2020
0279890,Tyonek,60854.000,Water at Hydroelectric Turbine,2020
0279890,Tyonek,47201.000,Wind,2020
0279890,Tyonek,0.000,Distillate Fuel Oil,2021
0279890,Tyonek,937447.089,Natural Gas,2021
0279890,Tyonek,36381.000,Water at Hydroelectric Turbine,2021
0279890,Tyonek,41759.000,Wind,2021
0279890,Tyonek,,,
0280100,Ugashik,,,
0280660,Unalakleet,4144.001,Distillate Fuel Oil,2001
0280660,Unalakleet,3891.080,Distillate Fuel Oil,2002
0280660,Unalakleet,3887.960,Distillate Fuel Oil,2003
0280660,Unalakleet,3978.880,Distillate Fuel Oil,2004
0280660,Unalakleet,4014.080,Distillate Fuel Oil,2005
0280660,Unalakleet,3996.600,Distillate Fuel Oil,2006
0280660,Unalakleet,3953.560,Distillate Fuel Oil,2007
0280660,Unalakleet,4228.582,Distillate Fuel Oil,2008
0280660,Unalakleet,4047.000,Distillate Fuel Oil,2009
0280660,Unalakleet,80.697,Wind,2009
0280660,Unalakleet,3836.128,Distillate Fuel Oil,2010
0280660,Unalakleet,596.772,Wind,2010
0280660,Unalakleet,3577.762,Distillate Fuel Oil,2011
0280660,Unalakleet,921.367,Wind,2011
0280660,Unalakleet,3548.379,Distillate Fuel Oil,2012
0280660,Unalakleet,938.886,Wind,2012
0280660,Unalakleet,3416.769,Distillate Fuel Oil,2013
0280660,Unalakleet,996.859,Wind,2013
0280660,Unalakleet,3305.094,Distillate Fuel Oil,2014
0280660,Unalakleet,1149.714,Wind,2014
0280660,Unalakleet,3634.779,Distillate Fuel Oil,2015
0280660,Unalakleet,986.523,Wind,2015
0280660,Unalakleet,3377.605,Distillate Fuel Oil,2016
0280660,Unalakleet,964.785,Wind,2016
0280660,Unalakleet,3617.638,Distillate Fuel Oil,2017
0280660,Unalakleet,744.575,Wind,2017
0280660,Unalakleet,3590.780,Distillate Fuel Oil,2018
0280660,Unalakleet,785.961,Wind,2018
0280660,Unalakleet,3479.096,Distillate Fuel Oil,2019
0280660,Unalakleet,807.531,Wind,2019
0280660,Unalakleet,3528.000,Distillate Fuel Oil,2020
0280660,Unalakleet,774.169,Wind,2020
0280660,Unalakleet,3556.160,Distillate Fuel Oil,2021
0280660,Unalakleet,682.343,Wind,2021
0280770,Unalaska,47479.000,Distillate Fuel Oil,2001
0280770,Unalaska,62975.999,Distillate Fuel Oil,2002
0280770,Unalaska,11124.000,Other Biomass Liquids,2002
0280770,Unalaska,75424.599,Distillate Fuel Oil,2003
0280770,Unalaska,5018.579,Other Biomass Liquids,2003
0280770,Unalaska,71182.720,Distillate Fuel Oil,2004
0280770,Unalaska,8828.004,Other Biomass Liquids,2004
0280770,Unalaska,77471.581,Distillate Fuel Oil,2005
0280770,Unalaska,4873.001,Other Biomass Liquids,2005
0280770,Unalaska,81381.120,Distillate Fuel Oil,2006
0280770,Unalaska,6148.999,Other Biomass Liquids,2006
0280770,Unalaska,77476.867,Distillate Fuel Oil,2007
0280770,Unalaska,10195.812,Other Biomass Liquids,2007
0280770,Unalaska,77693.302,Distillate Fuel Oil,2008
0280770,Unalaska,4681.698,Other Biomass Liquids,2008
0280770,Unalaska,73578.585,Distillate Fuel Oil,2009
0280770,Unalaska,6511.415,Other Biomass Liquids,2009
0280770,Unalaska,76412.141,Distillate Fuel Oil,2010
0280770,Unalaska,6304.379,Other Biomass Liquids,2010
0280770,Unalaska,92847.662,Distillate Fuel Oil,2011
0280770,Unalaska,3286.538,Other Biomass Liquids,2011
0280770,Unalaska,88821.628,Distillate Fuel Oil,2012
0280770,Unalaska,2565.372,Other Biomass Liquids,2012
0280770,Unalaska,89143.230,Distillate Fuel Oil,2013
0280770,Unalaska,6490.770,Other Biomass Liquids,2013
0280770,Unalaska,90833.087,Distillate Fuel Oil,2014
0280770,Unalaska,6345.913,Other Biomass Liquids,2014
0280770,Unalaska,85792.322,Distillate Fuel Oil,2015
0280770,Unalaska,4760.678,Other Biomass Liquids,2015
0280770,Unalaska,95499.220,Distillate Fuel Oil,2016
0280770,Unalaska,501.780,Other Biomass Liquids,2016
0280770,Unalaska,102535.714,Distillate Fuel Oil,2017
0280770,Unalaska,1377.446,Other Biomass Liquids,2017
0280770,Unalaska,94088.229,Distillate Fuel Oil,2018
0280770,Unalaska,2789.771,Other Biomass Liquids,2018
0280770,Unalaska,101062.948,Distillate Fuel Oil,2019
0280770,Unalaska,662.672,Other Biomass Liquids,2019
0280770,Unalaska,94072.815,Distillate Fuel Oil,2020
0280770,Unalaska,119.385,Other Biomass Liquids,2020
0280770,Unalaska,92227.000,Distillate Fuel Oil,2021
0281320,Upper Kalskag,1200.066,Distillate Fuel Oil,2005
0281320,Upper Kalskag,1268.158,Distillate Fuel Oil,2006
0281320,Upper Kalskag,1225.568,Distillate Fuel Oil,2007
0281320,Upper Kalskag,1219.705,Distillate Fuel Oil,2008
0281320,Upper Kalskag,1222.793,Distillate Fuel Oil,2009
0281320,Upper Kalskag,1542.510,Distillate Fuel Oil,2010
0281320,Upper Kalskag,1508.994,Distillate Fuel Oil,2011
0281320,Upper Kalskag,1447.174,Distillate Fuel Oil,2012
0281320,Upper Kalskag,1362.869,Distillate Fuel Oil,2013
0281320,Upper Kalskag,1324.101,Distillate Fuel Oil,2014
0281320,Upper Kalskag,1393.635,Distillate Fuel Oil,2015
0281320,Upper Kalskag,1481.980,Distillate Fuel Oil,2016
0281320,Upper Kalskag,1554.656,Distillate Fuel Oil,2017
0281320,Upper Kalskag,1570.604,Distillate Fuel Oil,2018
0281320,Upper Kalskag,1535.661,Distillate Fuel Oil,2019
0281320,Upper Kalskag,1587.179,Distillate Fuel Oil,2020
0281320,Upper Kalskag,1545.265,Distillate Fuel Oil,2021
0281920,Utqiagvik,50493.000,Natural Gas,2001
0281920,Utqiagvik,0.000,Distillate Fuel Oil,2002
0281920,Utqiagvik,46011.997,Natural Gas,2002
0281920,Utqiagvik,0.000,Distillate Fuel Oil,2003
0281920,Utqiagvik,18974.037,Natural Gas,2003
0281920,Utqiagvik,0.000,Distillate Fuel Oil,2004
0281920,Utqiagvik,28821.335,Natural Gas,2004
0281920,Utqiagvik,0.000,Distillate Fuel Oil,2005
0281920,Utqiagvik,30131.945,Natural Gas,2005
0281920,Utqiagvik,0.000,Distillate Fuel Oil,2006
0281920,Utqiagvik,15124.763,Natural Gas,2006
0281920,Utqiagvik,38.114,Distillate Fuel Oil,2007
0281920,Utqiagvik,19458.638,Natural Gas,2007
0281920,Utqiagvik,13.256,Distillate Fuel Oil,2008
0281920,Utqiagvik,31926.950,Natural Gas,2008
0281920,Utqiagvik,4.421,Distillate Fuel Oil,2009
0281920,Utqiagvik,21238.577,Natural Gas,2009
0281920,Utqiagvik,0.000,Distillate Fuel Oil,2010
0281920,Utqiagvik,21362.930,Natural Gas,2010
0281920,Utqiagvik,0.000,Distillate Fuel Oil,2011
0281920,Utqiagvik,28017.834,Natural Gas,2011
0281920,Utqiagvik,0.000,Distillate Fuel Oil,2012
0281920,Utqiagvik,22677.146,Natural Gas,2012
0281920,Utqiagvik,26.256,Distillate Fuel Oil,2013
0281920,Utqiagvik,28743.691,Natural Gas,2013
0281920,Utqiagvik,3.565,Distillate Fuel Oil,2014
0281920,Utqiagvik,26494.953,Natural Gas,2014
0281920,Utqiagvik,1.588,Distillate Fuel Oil,2015
0281920,Utqiagvik,13263.815,Natural Gas,2015
0281920,Utqiagvik,0.797,Distillate Fuel Oil,2016
0281920,Utqiagvik,24348.242,Natural Gas,2016
0281920,Utqiagvik,0.766,Distillate Fuel Oil,2017
0281920,Utqiagvik,12318.469,Natural Gas,2017
0281920,Utqiagvik,1.909,Distillate Fuel Oil,2018
0281920,Utqiagvik,25749.937,Natural Gas,2018
0281920,Utqiagvik,3.055,Distillate Fuel Oil,2019
0281920,Utqiagvik,14543.072,Natural Gas,2019
0281920,Utqiagvik,5.293,Distillate Fuel Oil,2020
0281920,Utqiagvik,51132.707,Natural Gas,2020
0281920,Utqiagvik,1.139,Distillate Fuel Oil,2021
0281920,Utqiagvik,47329.861,Natural Gas,2021
0282200,Valdez,19012.999,Distillate Fuel Oil,2001
0282200,Valdez,50788.001,Water at Hydroelectric Turbine,2001
0282200,Valdez,11380.999,Distillate Fuel Oil,2002
0282200,Valdez,0.000,Jet Fuel,2002
0282200,Valdez,18565.000,Waste Oil,2002
0282200,Valdez,56651.000,Water at Hydroelectric Turbine,2002
0282200,Valdez,9009.296,Distillate Fuel Oil,2003
0282200,Valdez,21484.001,Jet Fuel,2003
0282200,Valdez,52811.998,Water at Hydroelectric Turbine,2003
0282200,Valdez,10104.640,Distillate Fuel Oil,2004
0282200,Valdez,21429.000,Jet Fuel,2004
0282200,Valdez,51353.001,Water at Hydroelectric Turbine,2004
0282200,Valdez,12625.558,Distillate Fuel Oil,2005
0282200,Valdez,20519.000,Jet Fuel,2005
0282200,Valdez,49426.999,Water at Hydroelectric Turbine,2005
0282200,Valdez,10526.475,Distillate Fuel Oil,2006
0282200,Valdez,19680.001,Jet Fuel,2006
0282200,Valdez,54916.999,Water at Hydroelectric Turbine,2006
0282200,Valdez,14456.820,Distillate Fuel Oil,2007
0282200,Valdez,32393.999,Jet Fuel,2007
0282200,Valdez,34556.000,Water at Hydroelectric Turbine,2007
0282200,Valdez,7705.000,Distillate Fuel Oil,2008
0282200,Valdez,24031.000,Jet Fuel,2008
0282200,Valdez,47429.000,Water at Hydroelectric Turbine,2008
0282200,Valdez,12229.725,Distillate Fuel Oil,2009
0282200,Valdez,6756.000,Jet Fuel,2009
0282200,Valdez,44988.000,Water at Hydroelectric Turbine,2009
0282200,Valdez,5850.405,Distillate Fuel Oil,2010
0282200,Valdez,30043.000,Jet Fuel,2010
0282200,Valdez,44758.000,Water at Hydroelectric Turbine,2010
0282200,Valdez,15160.000,Distillate Fuel Oil,2011
0282200,Valdez,17519.000,Jet Fuel,2011
0282200,Valdez,46189.000,Water at Hydroelectric Turbine,2011
0282200,Valdez,14645.108,Distillate Fuel Oil,2012
0282200,Valdez,29655.000,Jet Fuel,2012
0282200,Valdez,44135.000,Water at Hydroelectric Turbine,2012
0282200,Valdez,15495.027,Distillate Fuel Oil,2013
0282200,Valdez,0.000,Jet Fuel,2013
0282200,Valdez,17027.000,Waste Oil,2013
0282200,Valdez,54750.000,Water at Hydroelectric Turbine,2013
0282200,Valdez,9933.580,Distillate Fuel Oil,2014
0282200,Valdez,0.000,Jet Fuel,2014
0282200,Valdez,21217.000,Waste Oil,2014
0282200,Valdez,54955.000,Water at Hydroelectric Turbine,2014
0282200,Valdez,9040.578,Distillate Fuel Oil,2015
0282200,Valdez,0.000,Jet Fuel,2015
0282200,Valdez,21316.000,Waste Oil,2015
0282200,Valdez,55982.000,Water at Hydroelectric Turbine,2015
0282200,Valdez,11183.989,Distillate Fuel Oil,2016
0282200,Valdez,0.000,Jet Fuel,2016
0282200,Valdez,17636.000,Waste Oil,2016
0282200,Valdez,55731.000,Water at Hydroelectric Turbine,2016
0282200,Valdez,10387.013,Distillate Fuel Oil,2017
0282200,Valdez,0.000,Jet Fuel,2017
0282200,Valdez,21411.000,Waste Oil,2017
0282200,Valdez,56473.000,Water at Hydroelectric Turbine,2017
0282200,Valdez,9662.000,Distillate Fuel Oil,2018
0282200,Valdez,0.000,Jet Fuel,2018
0282200,Valdez,16993.000,Waste Oil,2018
0282200,Valdez,65164.000,Water at Hydroelectric Turbine,2018
0282200,Valdez,6062.000,Distillate Fuel Oil,2019
0282200,Valdez,0.000,Jet Fuel,2019
0282200,Valdez,17823.000,Waste Oil,2019
0282200,Valdez,72333.000,Water at Hydroelectric Turbine,2019
0282200,Valdez,10486.000,Distillate Fuel Oil,2020
0282200,Valdez,23442.000,Waste Oil,2020
0282200,Valdez,54317.000,Water at Hydroelectric Turbine,2020
0282200,Valdez,12132.000,Distillate Fuel Oil,2021
0282200,Valdez,25547.000,Waste Oil,2021
0282200,Valdez,58733.000,Water at Hydroelectric Turbine,2021
0282420,Venetie,256.733,Distillate Fuel Oil,2001
0282420,Venetie,566.559,Distillate Fuel Oil,2002
0282420,Venetie,665.330,Distillate Fuel Oil,2007
0282420,Venetie,275.400,Distillate Fuel Oil,2012
0282420,Venetie,740.307,Distillate Fuel Oil,2013
0282420,Venetie,658.400,Distillate Fuel Oil,2014
0282420,Venetie,638.400,Distillate Fuel Oil,2015
0282420,Venetie,705.100,Distillate Fuel Oil,2016
0282420,Venetie,695.000,Distillate Fuel Oil,2017
0282420,Venetie,708.841,Distillate Fuel Oil,2018
0282420,Venetie,724.300,Distillate Fuel Oil,2019
0282420,Venetie,723.000,Distillate Fuel Oil,2020
0282420,Venetie,344.700,Distillate Fuel Oil,2021
0282750,Wainwright,2650.476,Distillate Fuel Oil,2001
0282750,Wainwright,6002.201,Distillate Fuel Oil,2002
0282750,Wainwright,5417.246,Distillate Fuel Oil,2003
0282750,Wainwright,5152.986,Distillate Fuel Oil,2004
0282750,Wainwright,5372.490,Distillate Fuel Oil,2005
0282750,Wainwright,5856.453,Distillate Fuel Oil,2006
0282750,Wainwright,5000.001,Distillate Fuel Oil,2007
0282750,Wainwright,5679.000,Distillate Fuel Oil,2008
0282750,Wainwright,6265.027,Distillate Fuel Oil,2009
0282750,Wainwright,6276.643,Distillate Fuel Oil,2010
0282750,Wainwright,6210.600,Distillate Fuel Oil,2011
0282750,Wainwright,6803.947,Distillate Fuel Oil,2012
0282750,Wainwright,6670.380,Distillate Fuel Oil,2013
0282750,Wainwright,6721.970,Distillate Fuel Oil,2014
0282750,Wainwright,7296.270,Distillate Fuel Oil,2015
0282750,Wainwright,7322.110,Distillate Fuel Oil,2016
0282750,Wainwright,7389.725,Distillate Fuel Oil,2017
0282750,Wainwright,7424.420,Distillate Fuel Oil,2018
0282750,Wainwright,7461.385,Distillate Fuel Oil,2019
0282750,Wainwright,7519.460,Distillate Fuel Oil,2020
0282750,Wainwright,7342.938,Distillate Fuel Oil,2021
0282860,Wales,551.002,Distillate Fuel Oil,2001
0282860,Wales,706.850,Distillate Fuel Oil,2002
0282860,Wales,712.564,Distillate Fuel Oil,2003
0282860,Wales,584.827,Distillate Fuel Oil,2004
0282860,Wales,122.722,Wind,2004
0282860,Wales,563.996,Distillate Fuel Oil,2005
0282860,Wales,98.966,Wind,2005
0282860,Wales,587.080,Distillate Fuel Oil,2006
0282860,Wales,572.457,Distillate Fuel Oil,2007
0282860,Wales,584.183,Distillate Fuel Oil,2008
0282860,Wales,599.113,Distillate Fuel Oil,2009
0282860,Wales,1.198,Wind,2009
0282860,Wales,613.677,Distillate Fuel Oil,2010
0282860,Wales,617.132,Distillate Fuel Oil,2011
0282860,Wales,618.051,Distillate Fuel Oil,2012
0282860,Wales,633.932,Distillate Fuel Oil,2013
0282860,Wales,639.124,Distillate Fuel Oil,2014
0282860,Wales,622.391,Distillate Fuel Oil,2015
0282860,Wales,656.062,Distillate Fuel Oil,2016
0282860,Wales,645.986,Distillate Fuel Oil,2017
0282860,Wales,656.880,Distillate Fuel Oil,2018
0282860,Wales,638.865,Distillate Fuel Oil,2019
0282860,Wales,658.066,Distillate Fuel Oil,2020
0282860,Wales,660.928,Distillate Fuel Oil,2021
0283080,Wasilla,146252.000,Water at Hydroelectric Turbine,2001
0283080,Wasilla,161266.000,Water at Hydroelectric Turbine,2002
0283080,Wasilla,177204.000,Water at Hydroelectric Turbine,2003
0283080,Wasilla,173604.000,Water at Hydroelectric Turbine,2004
0283080,Wasilla,134178.000,Water at Hydroelectric Turbine,2005
0283080,Wasilla,66807.000,Water at Hydroelectric Turbine,2006
0283080,Wasilla,62105.000,Water at Hydroelectric Turbine,2007
0283080,Wasilla,57824.000,Water at Hydroelectric Turbine,2008
0283080,Wasilla,57056.000,Water at Hydroelectric Turbine,2009
0283080,Wasilla,74203.000,Water at Hydroelectric Turbine,2010
0283080,Wasilla,66088.000,Water at Hydroelectric Turbine,2011
0283080,Wasilla,71126.000,Water at Hydroelectric Turbine,2012
0283080,Wasilla,45541.199,Landfill Gas,2013
0283080,Wasilla,38.801,Natural Gas,2013
0283080,Wasilla,89936.000,Water at Hydroelectric Turbine,2013
0283080,Wasilla,56165.769,Landfill Gas,2014
0283080,Wasilla,1.231,Natural Gas,2014
0283080,Wasilla,83110.000,Water at Hydroelectric Turbine,2014
0283080,Wasilla,0.000,Distillate Fuel Oil,2015
0283080,Wasilla,50131.473,Landfill Gas,2015
0283080,Wasilla,476985.527,Natural Gas,2015
0283080,Wasilla,92243.000,Water at Hydroelectric Turbine,2015
0283080,Wasilla,0.000,Distillate Fuel Oil,2016
0283080,Wasilla,42514.846,Landfill Gas,2016
0283080,Wasilla,819047.154,Natural Gas,2016
0283080,Wasilla,76916.000,Water at Hydroelectric Turbine,2016
0283080,Wasilla,0.000,Distillate Fuel Oil,2017
0283080,Wasilla,42184.516,Landfill Gas,2017
0283080,Wasilla,750519.484,Natural Gas,2017
0283080,Wasilla,119240.000,Water at Hydroelectric Turbine,2017
0283080,Wasilla,0.000,Distillate Fuel Oil,2018
0283080,Wasilla,42684.134,Landfill Gas,2018
0283080,Wasilla,615054.866,Natural Gas,2018
0283080,Wasilla,168115.000,Water at Hydroelectric Turbine,2018
0283080,Wasilla,0.000,Distillate Fuel Oil,2019
0283080,Wasilla,36884.461,Landfill Gas,2019
0283080,Wasilla,723828.539,Natural Gas,2019
0283080,Wasilla,190971.000,Water at Hydroelectric Turbine,2019
0283080,Wasilla,38945.273,Landfill Gas,2020
0283080,Wasilla,729105.727,Natural Gas,2020
0283080,Wasilla,170181.000,Water at Hydroelectric Turbine,2020
0283080,Wasilla,38070.956,Landfill Gas,2021
0283080,Wasilla,678574.044,Natural Gas,2021
0283080,Wasilla,139994.000,Water at Hydroelectric Turbine,2021
0283080,Wasilla,,,
0284000,Whale Pass,220.001,Distillate Fuel Oil,2001
0284000,Whale Pass,274.484,Distillate Fuel Oil,2002
0284000,Whale Pass,288.960,Distillate Fuel Oil,2003
0284000,Whale Pass,370.560,Distillate Fuel Oil,2004
0284000,Whale Pass,379.200,Distillate Fuel Oil,2005
0284000,Whale Pass,340.320,Distillate Fuel Oil,2006
0284000,Whale Pass,297.504,Distillate Fuel Oil,2007
0284000,Whale Pass,270.336,Distillate Fuel Oil,2008
0284000,Whale Pass,279.038,Distillate Fuel Oil,2009
0284000,Whale Pass,267.699,Distillate Fuel Oil,2010
0284000,Whale Pass,277.822,Distillate Fuel Oil,2011
0284000,Whale Pass,299.720,Distillate Fuel Oil,2012
0284000,Whale Pass,312.360,Distillate Fuel Oil,2013
0284000,Whale Pass,318.360,Distillate Fuel Oil,2014
0284000,Whale Pass,323.737,Distillate Fuel Oil,2015
0284000,Whale Pass,357.974,Distillate Fuel Oil,2016
0284000,Whale Pass,363.697,Distillate Fuel Oil,2017
0284000,Whale Pass,400.003,Distillate Fuel Oil,2018
0284000,Whale Pass,431.358,Distillate Fuel Oil,2019
0284000,Whale Pass,438.020,Distillate Fuel Oil,2020
0284000,Whale Pass,485.265,Distillate Fuel Oil,2021
0284070,White Mountain,389.100,Distillate Fuel Oil,2001
0284070,White Mountain,816.200,Distillate Fuel Oil,2002
0284070,White Mountain,851.100,Distillate Fuel Oil,2003
0284070,White Mountain,874.220,Distillate Fuel Oil,2004
0284070,White Mountain,828.424,Distillate Fuel Oil,2005
0284070,White Mountain,807.100,Distillate Fuel Oil,2006
0284070,White Mountain,779.300,Distillate Fuel Oil,2007
0284070,White Mountain,959.588,Distillate Fuel Oil,2008
0284070,White Mountain,840.963,Distillate Fuel Oil,2009
0284070,White Mountain,394.000,Distillate Fuel Oil,2010
0284070,White Mountain,381.700,Distillate Fuel Oil,2011
0284070,White Mountain,789.300,Distillate Fuel Oil,2012
0284070,White Mountain,780.300,Distillate Fuel Oil,2013
0284070,White Mountain,782.200,Distillate Fuel Oil,2014
0284070,White Mountain,767.300,Distillate Fuel Oil,2015
0284070,White Mountain,769.400,Distillate Fuel Oil,2016
0284070,White Mountain,781.719,Distillate Fuel Oil,2017
0284070,White Mountain,858.155,Distillate Fuel Oil,2018
0284070,White Mountain,888.186,Distillate Fuel Oil,2019
0284070,White Mountain,873.346,Distillate Fuel Oil,2020
0284070,White Mountain,804.805,Distillate Fuel Oil,2021
0284120,Whitestone,320199.883,Coal,2001
0284120,Whitestone,10180.000,Distillate Fuel Oil,2001
0284120,Whitestone,579967.000,Residual Fuel Oil,2001
0284120,Whitestone,481090.841,Coal,2002
0284120,Whitestone,17426.909,Distillate Fuel Oil,2002
0284120,Whitestone,546300.000,Residual Fuel Oil,2002
0284120,Whitestone,32.000,Waste Oil,2002
0284120,Whitestone,1031.000,Wood Waste Solids,2002
0284120,Whitestone,456747.980,Coal,2003
0284120,Whitestone,6308.990,Distillate Fuel Oil,2003
0284120,Whitestone,453733.000,Residual Fuel Oil,2003
0284120,Whitestone,64.000,Waste Oil,2003
0284120,Whitestone,758.001,Wood Waste Solids,2003
0284120,Whitestone,519938.432,Coal,2004
0284120,Whitestone,9963.938,Distillate Fuel Oil,2004
0284120,Whitestone,360379.000,Residual Fuel Oil,2004
0284120,Whitestone,0.000,Waste Oil,2004
0284120,Whitestone,388.500,Wood Waste Solids,2004
0284120,Whitestone,525017.007,Coal,2005
0284120,Whitestone,2907.565,Distillate Fuel Oil,2005
0284120,Whitestone,360562.000,Residual Fuel Oil,2005
0284120,Whitestone,0.000,Waste Oil,2005
0284120,Whitestone,382.565,Wood Waste Solids,2005
0284120,Whitestone,532341.253,Coal,2006
0284120,Whitestone,3215.258,Distillate Fuel Oil,2006
0284120,Whitestone,337599.000,Residual Fuel Oil,2006
0284120,Whitestone,0.000,Waste Oil,2006
0284120,Whitestone,515.509,Wood Waste Solids,2006
0284120,Whitestone,538127.163,Coal,2007
0284120,Whitestone,5102.496,Distillate Fuel Oil,2007
0284120,Whitestone,284406.908,Jet Fuel,2007
0284120,Whitestone,436.577,Natural Gas,2007
0284120,Whitestone,266301.606,Residual Fuel Oil,2007
0284120,Whitestone,0.000,Waste Oil,2007
0284120,Whitestone,21.755,Wood Waste Solids,2007
0284120,Whitestone,512423.237,Coal,2008
0284120,Whitestone,5916.308,Distillate Fuel Oil,2008
0284120,Whitestone,387339.730,Jet Fuel,2008
0284120,Whitestone,0.000,Natural Gas,2008
0284120,Whitestone,126668.178,Residual Fuel Oil,2008
0284120,Whitestone,0.000,Wood Waste Solids,2008
0284120,Whitestone,515890.711,Coal,2009
0284120,Whitestone,7005.089,Distillate Fuel Oil,2009
0284120,Whitestone,370545.007,Jet Fuel,2009
0284120,Whitestone,0.000,Natural Gas,2009
0284120,Whitestone,343136.891,Residual Fuel Oil,2009
0284120,Whitestone,463538.211,Coal,2010
0284120,Whitestone,7652.130,Distillate Fuel Oil,2010
0284120,Whitestone,0.000,Jet Fuel,2010
0284120,Whitestone,639.868,Natural Gas,2010
0284120,Whitestone,192178.603,Residual Fuel Oil,2010
0284120,Whitestone,423964.882,Coal,2011
0284120,Whitestone,3653.416,Distillate Fuel Oil,2011
0284120,Whitestone,155547.000,Jet Fuel,2011
0284120,Whitestone,2837.823,Natural Gas,2011
0284120,Whitestone,102593.325,Residual Fuel Oil,2011
0284120,Whitestone,463815.730,Coal,2012
0284120,Whitestone,5994.123,Distillate Fuel Oil,2012
0284120,Whitestone,197942.000,Jet Fuel,2012
0284120,Whitestone,2683.523,Natural Gas,2012
0284120,Whitestone,175535.364,Residual Fuel Oil,2012
0284120,Whitestone,374005.564,Coal,2013
0284120,Whitestone,3916.995,Distillate Fuel Oil,2013
0284120,Whitestone,91958.000,Jet Fuel,2013
0284120,Whitestone,5000.441,Natural Gas,2013
0284120,Whitestone,33991.362,Residual Fuel Oil,2013
0284120,Whitestone,72610.000,Wind,2013
0284120,Whitestone,0.000,Wood Waste Solids,2013
0284120,Whitestone,376282.303,Coal,2014
0284120,Whitestone,1508.242,Distillate Fuel Oil,2014
0284120,Whitestone,131279.730,Jet Fuel,2014
0284120,Whitestone,2161.112,Natural Gas,2014
0284120,Whitestone,47426.548,Residual Fuel Oil,2014
0284120,Whitestone,76279.000,Wind,2014
0284120,Whitestone,0.000,Wood Waste Solids,2014
0284120,Whitestone,432567.508,Coal,2015
0284120,Whitestone,14837.204,Distillate Fuel Oil,2015
0284120,Whitestone,0.000,Jet Fuel,2015
0284120,Whitestone,0.000,Natural Gas,2015
0284120,Whitestone,48522.553,Residual Fuel Oil,2015
0284120,Whitestone,163960.164,Waste Oil,2015
0284120,Whitestone,76784.000,Wind,2015
0284120,Whitestone,0.000,Wood Waste Solids,2015
0284120,Whitestone,395864.156,Coal,2016
0284120,Whitestone,46782.391,Distillate Fuel Oil,2016
0284120,Whitestone,-2392.000,Electricity used for Energy Storage,2016
0284120,Whitestone,0.000,Jet Fuel,2016
0284120,Whitestone,1129.934,Natural Gas,2016
0284120,Whitestone,0.000,Residual Fuel Oil,2016
0284120,Whitestone,48474.738,Waste Oil,2016
0284120,Whitestone,78291.000,Wind,2016
0284120,Whitestone,0.000,Wood Waste Solids,2016
0284120,Whitestone,356409.011,Coal,2017
0284120,Whitestone,70874.044,Distillate Fuel Oil,2017
0284120,Whitestone,-2711.000,Electricity used for Energy Storage,2017
0284120,Whitestone,0.000,Jet Fuel,2017
0284120,Whitestone,554.666,Natural Gas,2017
0284120,Whitestone,0.000,Residual Fuel Oil,2017
0284120,Whitestone,144787.681,Waste Oil,2017
0284120,Whitestone,64121.000,Wind,2017
0284120,Whitestone,0.000,Wood Waste Solids,2017
0284120,Whitestone,392019.635,Coal,2018
0284120,Whitestone,64419.043,Distillate Fuel Oil,2018
0284120,Whitestone,-2428.000,Electricity used for Energy Storage,2018
0284120,Whitestone,0.000,Jet Fuel,2018
0284120,Whitestone,0.000,Natural Gas,2018
0284120,Whitestone,0.000,Residual Fuel Oil,2018
0284120,Whitestone,82114.648,Waste Oil,2018
0284120,Whitestone,70012.000,Wind,2018
0284120,Whitestone,0.000,Wood Waste Solids,2018
0284120,Whitestone,0.000,Agricultural By-Products,2019
0284120,Whitestone,481171.537,Coal,2019
0284120,Whitestone,28027.598,Distillate Fuel Oil,2019
0284120,Whitestone,-3280.000,Electricity used for Energy Storage,2019
0284120,Whitestone,2627.119,Jet Fuel,2019
0284120,Whitestone,0.080,Natural Gas,2019
0284120,Whitestone,0.000,Residual Fuel Oil,2019
0284120,Whitestone,164462.097,Waste Oil,2019
0284120,Whitestone,64076.000,Wind,2019
0284120,Whitestone,0.000,Wood Waste Solids,2019
0284120,Whitestone,466648.747,Coal,2020
0284120,Whitestone,153461.063,Distillate Fuel Oil,2020
0284120,Whitestone,-2810.000,Electricity used for Energy Storage,2020
0284120,Whitestone,2081.775,Jet Fuel,2020
0284120,Whitestone,6.054,Natural Gas,2020
0284120,Whitestone,211433.728,Waste Oil,2020
0284120,Whitestone,49937.000,Wind,2020
0284120,Whitestone,503966.256,Coal,2021
0284120,Whitestone,88907.304,Distillate Fuel Oil,2021
0284120,Whitestone,-3433.000,Electricity used for Energy Storage,2021
0284120,Whitestone,671.883,Jet Fuel,2021
0284120,Whitestone,3.471,Natural Gas,2021
0284120,Whitestone,184970.610,Waste Oil,2021
0284120,Whitestone,60302.000,Wind,2021
0284120,Whitestone,,,
0284200,Whitestone Logging Camp,2458.066,Distillate Fuel Oil,2001
0284200,Whitestone Logging Camp,4557.480,Distillate Fuel Oil,2002
0284200,Whitestone Logging Camp,4707.816,Distillate Fuel Oil,2003
0284200,Whitestone Logging Camp,5285.544,Distillate Fuel Oil,2004
0284200,Whitestone Logging Camp,5228.291,Distillate Fuel Oil,2005
0284200,Whitestone Logging Camp,5346.565,Distillate Fuel Oil,2006
0284200,Whitestone Logging Camp,5089.180,Distillate Fuel Oil,2007
0284200,Whitestone Logging Camp,5111.230,Distillate Fuel Oil,2008
0284200,Whitestone Logging Camp,4822.500,Distillate Fuel Oil,2009
0284200,Whitestone Logging Camp,4624.467,Distillate Fuel Oil,2010
0284200,Whitestone Logging Camp,4860.308,Distillate Fuel Oil,2011
0284200,Whitestone Logging Camp,4745.689,Distillate Fuel Oil,2012
0284200,Whitestone Logging Camp,4723.813,Distillate Fuel Oil,2013
0284200,Whitestone Logging Camp,4595.680,Distillate Fuel Oil,2014
0284200,Whitestone Logging Camp,4086.222,Distillate Fuel Oil,2015
0284200,Whitestone Logging Camp,632.115,Water at Hydroelectric Turbine,2015
0284200,Whitestone Logging Camp,3529.292,Distillate Fuel Oil,2016
0284200,Whitestone Logging Camp,1212.903,Water at Hydroelectric Turbine,2016
0284200,Whitestone Logging Camp,3204.283,Distillate Fuel Oil,2017
0284200,Whitestone Logging Camp,1417.449,Water at Hydroelectric Turbine,2017
0284200,Whitestone Logging Camp,3756.615,Distillate Fuel Oil,2018
0284200,Whitestone Logging Camp,739.512,Water at Hydroelectric Turbine,2018
0284200,Whitestone Logging Camp,3685.641,Distillate Fuel Oil,2019
0284200,Whitestone Logging Camp,916.602,Water at Hydroelectric Turbine,2019
0284200,Whitestone Logging Camp,3115.411,Distillate Fuel Oil,2020
0284200,Whitestone Logging Camp,1428.860,Water at Hydroelectric Turbine,2020
0284200,Whitestone Logging Camp,3512.594,Distillate Fuel Oil,2021
0284200,Whitestone Logging Camp,1488.258,Water at Hydroelectric Turbine,2021
0284510,Whittier,571.000,Distillate Fuel Oil,2001
0284510,Whittier,2690002.000,Natural Gas,2001
0284510,Whittier,59447.000,Water at Hydroelectric Turbine,2001
0284510,Whittier,309.000,Distillate Fuel Oil,2002
0284510,Whittier,2583439.000,Natural Gas,2002
0284510,Whittier,65555.000,Water at Hydroelectric Turbine,2002
0284510,Whittier,260.000,Distillate Fuel Oil,2003
0284510,Whittier,1097628.000,Natural Gas,2003
0284510,Whittier,47662.000,Water at Hydroelectric Turbine,2003
0284510,Whittier,344.884,Distillate Fuel Oil,2004
0284510,Whittier,941642.001,Natural Gas,2004
0284510,Whittier,48351.001,Water at Hydroelectric Turbine,2004
0284510,Whittier,115.276,Distillate Fuel Oil,2005
0284510,Whittier,795761.001,Natural Gas,2005
0284510,Whittier,34043.001,Water at Hydroelectric Turbine,2005
0284510,Whittier,92.932,Distillate Fuel Oil,2006
0284510,Whittier,1194561.001,Natural Gas,2006
0284510,Whittier,30089.001,Water at Hydroelectric Turbine,2006
0284510,Whittier,152.344,Distillate Fuel Oil,2007
0284510,Whittier,1127247.621,Natural Gas,2007
0284510,Whittier,24303.000,Water at Hydroelectric Turbine,2007
0284510,Whittier,120.484,Distillate Fuel Oil,2008
0284510,Whittier,1248362.767,Natural Gas,2008
0284510,Whittier,6663.000,Water at Hydroelectric Turbine,2008
0284510,Whittier,253.636,Distillate Fuel Oil,2009
0284510,Whittier,1412095.075,Natural Gas,2009
0284510,Whittier,33262.000,Water at Hydroelectric Turbine,2009
0284510,Whittier,575.859,Distillate Fuel Oil,2010
0284510,Whittier,994667.057,Natural Gas,2010
0284510,Whittier,45390.000,Water at Hydroelectric Turbine,2010
0284510,Whittier,109.853,Distillate Fuel Oil,2011
0284510,Whittier,1419720.471,Natural Gas,2011
0284510,Whittier,28759.000,Water at Hydroelectric Turbine,2011
0284510,Whittier,857.634,Distillate Fuel Oil,2012
0284510,Whittier,1027320.761,Natural Gas,2012
0284510,Whittier,77589.000,Water at Hydroelectric Turbine,2012
0284510,Whittier,935.896,Distillate Fuel Oil,2013
0284510,Whittier,1125792.387,Natural Gas,2013
0284510,Whittier,35928.000,Water at Hydroelectric Turbine,2013
0284510,Whittier,44784.000,Wind,2013
0284510,Whittier,466.953,Distillate Fuel Oil,2014
0284510,Whittier,870092.532,Natural Gas,2014
0284510,Whittier,32050.000,Water at Hydroelectric Turbine,2014
0284510,Whittier,47813.000,Wind,2014
0284510,Whittier,493.112,Distillate Fuel Oil,2015
0284510,Whittier,616460.562,Natural Gas,2015
0284510,Whittier,16425.000,Water at Hydroelectric Turbine,2015
0284510,Whittier,50562.000,Wind,2015
0284510,Whittier,70.123,Distillate Fuel Oil,2016
0284510,Whittier,615436.794,Natural Gas,2016
0284510,Whittier,86666.000,Water at Hydroelectric Turbine,2016
0284510,Whittier,56022.000,Wind,2016
0284510,Whittier,49.623,Distillate Fuel Oil,2017
0284510,Whittier,685153.102,Natural Gas,2017
0284510,Whittier,25713.000,Water at Hydroelectric Turbine,2017
0284510,Whittier,47715.000,Wind,2017
0284510,Whittier,63.041,Distillate Fuel Oil,2018
0284510,Whittier,650295.739,Natural Gas,2018
0284510,Whittier,59832.000,Water at Hydroelectric Turbine,2018
0284510,Whittier,51829.000,Wind,2018
0284510,Whittier,32.526,Distillate Fuel Oil,2019
0284510,Whittier,685057.722,Natural Gas,2019
0284510,Whittier,46102.000,Water at Hydroelectric Turbine,2019
0284510,Whittier,48221.000,Wind,2019
0284510,Whittier,69.606,Distillate Fuel Oil,2020
0284510,Whittier,451805.484,Natural Gas,2020
0284510,Whittier,60854.000,Water at Hydroelectric Turbine,2020
0284510,Whittier,47201.000,Wind,2020
0284510,Whittier,0.000,Distillate Fuel Oil,2021
0284510,Whittier,937447.089,Natural Gas,2021
0284510,Whittier,36381.000,Water at Hydroelectric Turbine,2021
0284510,Whittier,41759.000,Wind,2021
0284510,Whittier,,,
0285280,Willow,146252.000,Water at Hydroelectric Turbine,2001
0285280,Willow,161266.000,Water at Hydroelectric Turbine,2002
0285280,Willow,177204.000,Water at Hydroelectric Turbine,2003
0285280,Willow,173604.000,Water at Hydroelectric Turbine,2004
0285280,Willow,134178.000,Water at Hydroelectric Turbine,2005
0285280,Willow,66807.000,Water at Hydroelectric Turbine,2006
0285280,Willow,62105.000,Water at Hydroelectric Turbine,2007
0285280,Willow,57824.000,Water at Hydroelectric Turbine,2008
0285280,Willow,57056.000,Water at Hydroelectric Turbine,2009
0285280,Willow,74203.000,Water at Hydroelectric Turbine,2010
0285280,Willow,66088.000,Water at Hydroelectric Turbine,2011
0285280,Willow,71126.000,Water at Hydroelectric Turbine,2012
0285280,Willow,45541.199,Landfill Gas,2013
0285280,Willow,38.801,Natural Gas,2013
0285280,Willow,89936.000,Water at Hydroelectric Turbine,2013
0285280,Willow,56165.769,Landfill Gas,2014
0285280,Willow,1.231,Natural Gas,2014
0285280,Willow,83110.000,Water at Hydroelectric Turbine,2014
0285280,Willow,0.000,Distillate Fuel Oil,2015
0285280,Willow,50131.473,Landfill Gas,2015
0285280,Willow,476985.527,Natural Gas,2015
0285280,Willow,92243.000,Water at Hydroelectric Turbine,2015
0285280,Willow,0.000,Distillate Fuel Oil,2016
0285280,Willow,42514.846,Landfill Gas,2016
0285280,Willow,819047.154,Natural Gas,2016
0285280,Willow,76916.000,Water at Hydroelectric Turbine,2016
0285280,Willow,0.000,Distillate Fuel Oil,2017
0285280,Willow,42184.516,Landfill Gas,2017
0285280,Willow,750519.484,Natural Gas,2017
0285280,Willow,119240.000,Water at Hydroelectric Turbine,2017
0285280,Willow,0.000,Distillate Fuel Oil,2018
0285280,Willow,42684.134,Landfill Gas,2018
0285280,Willow,615054.866,Natural Gas,2018
0285280,Willow,168115.000,Water at Hydroelectric Turbine,2018
0285280,Willow,0.000,Distillate Fuel Oil,2019
0285280,Willow,36884.461,Landfill Gas,2019
0285280,Willow,723828.539,Natural Gas,2019
0285280,Willow,190971.000,Water at Hydroelectric Turbine,2019
0285280,Willow,38945.273,Landfill Gas,2020
0285280,Willow,729105.727,Natural Gas,2020
0285280,Willow,170181.000,Water at Hydroelectric Turbine,2020
0285280,Willow,38070.956,Landfill Gas,2021
0285280,Willow,678574.044,Natural Gas,2021
0285280,Willow,139994.000,Water at Hydroelectric Turbine,2021
0285280,Willow,,,
0285290,Willow Creek,19012.999,Distillate Fuel Oil,2001
0285290,Willow Creek,50788.001,Water at Hydroelectric Turbine,2001
0285290,Willow Creek,11380.999,Distillate Fuel Oil,2002
0285290,Willow Creek,0.000,Jet Fuel,2002
0285290,Willow Creek,18565.000,Waste Oil,2002
0285290,Willow Creek,56651.000,Water at Hydroelectric Turbine,2002
0285290,Willow Creek,9009.296,Distillate Fuel Oil,2003
0285290,Willow Creek,21484.001,Jet Fuel,2003
0285290,Willow Creek,52811.998,Water at Hydroelectric Turbine,2003
0285290,Willow Creek,10104.640,Distillate Fuel Oil,2004
0285290,Willow Creek,21429.000,Jet Fuel,2004
0285290,Willow Creek,51353.001,Water at Hydroelectric Turbine,2004
0285290,Willow Creek,12625.558,Distillate Fuel Oil,2005
0285290,Willow Creek,20519.000,Jet Fuel,2005
0285290,Willow Creek,49426.999,Water at Hydroelectric Turbine,2005
0285290,Willow Creek,10526.475,Distillate Fuel Oil,2006
0285290,Willow Creek,19680.001,Jet Fuel,2006
0285290,Willow Creek,54916.999,Water at Hydroelectric Turbine,2006
0285290,Willow Creek,14456.820,Distillate Fuel Oil,2007
0285290,Willow Creek,32393.999,Jet Fuel,2007
0285290,Willow Creek,34556.000,Water at Hydroelectric Turbine,2007
0285290,Willow Creek,7705.000,Distillate Fuel Oil,2008
0285290,Willow Creek,24031.000,Jet Fuel,2008
0285290,Willow Creek,47429.000,Water at Hydroelectric Turbine,2008
0285290,Willow Creek,12229.725,Distillate Fuel Oil,2009
0285290,Willow Creek,6756.000,Jet Fuel,2009
0285290,Willow Creek,44988.000,Water at Hydroelectric Turbine,2009
0285290,Willow Creek,5850.405,Distillate Fuel Oil,2010
0285290,Willow Creek,30043.000,Jet Fuel,2010
0285290,Willow Creek,44758.000,Water at Hydroelectric Turbine,2010
0285290,Willow Creek,15160.000,Distillate Fuel Oil,2011
0285290,Willow Creek,17519.000,Jet Fuel,2011
0285290,Willow Creek,46189.000,Water at Hydroelectric Turbine,2011
0285290,Willow Creek,14645.108,Distillate Fuel Oil,2012
0285290,Willow Creek,29655.000,Jet Fuel,2012
0285290,Willow Creek,44135.000,Water at Hydroelectric Turbine,2012
0285290,Willow Creek,15495.027,Distillate Fuel Oil,2013
0285290,Willow Creek,0.000,Jet Fuel,2013
0285290,Willow Creek,17027.000,Waste Oil,2013
0285290,Willow Creek,54750.000,Water at Hydroelectric Turbine,2013
0285290,Willow Creek,9933.580,Distillate Fuel Oil,2014
0285290,Willow Creek,0.000,Jet Fuel,2014
0285290,Willow Creek,21217.000,Waste Oil,2014
0285290,Willow Creek,54955.000,Water at Hydroelectric Turbine,2014
0285290,Willow Creek,9040.578,Distillate Fuel Oil,2015
0285290,Willow Creek,0.000,Jet Fuel,2015
0285290,Willow Creek,21316.000,Waste Oil,2015
0285290,Willow Creek,55982.000,Water at Hydroelectric Turbine,2015
0285290,Willow Creek,11183.989,Distillate Fuel Oil,2016
0285290,Willow Creek,0.000,Jet Fuel,2016
0285290,Willow Creek,17636.000,Waste Oil,2016
0285290,Willow Creek,55731.000,Water at Hydroelectric Turbine,2016
0285290,Willow Creek,10387.013,Distillate Fuel Oil,2017
0285290,Willow Creek,0.000,Jet Fuel,2017
0285290,Willow Creek,21411.000,Waste Oil,2017
0285290,Willow Creek,56473.000,Water at Hydroelectric Turbine,2017
0285290,Willow Creek,9662.000,Distillate Fuel Oil,2018
0285290,Willow Creek,0.000,Jet Fuel,2018
0285290,Willow Creek,16993.000,Waste Oil,2018
0285290,Willow Creek,65164.000,Water at Hydroelectric Turbine,2018
0285290,Willow Creek,6062.000,Distillate Fuel Oil,2019
0285290,Willow Creek,0.000,Jet Fuel,2019
0285290,Willow Creek,17823.000,Waste Oil,2019
0285290,Willow Creek,72333.000,Water at Hydroelectric Turbine,2019
0285290,Willow Creek,10486.000,Distillate Fuel Oil,2020
0285290,Willow Creek,23442.000,Waste Oil,2020
0285290,Willow Creek,54317.000,Water at Hydroelectric Turbine,2020
0285290,Willow Creek,12132.000,Distillate Fuel Oil,2021
0285290,Willow Creek,25547.000,Waste Oil,2021
0285290,Willow Creek,58733.000,Water at Hydroelectric Turbine,2021
0285610,Wiseman,,,
0285680,Womens Bay,41633.000,Distillate Fuel Oil,2001
0285680,Womens Bay,91855.001,Water at Hydroelectric Turbine,2001
0285680,Womens Bay,14168.999,Distillate Fuel Oil,2002
0285680,Womens Bay,114546.000,Water at Hydroelectric Turbine,2002
0285680,Womens Bay,3075.998,Distillate Fuel Oil,2003
0285680,Womens Bay,126884.000,Water at Hydroelectric Turbine,2003
0285680,Womens Bay,2217.000,Distillate Fuel Oil,2004
0285680,Womens Bay,134232.000,Water at Hydroelectric Turbine,2004
0285680,Womens Bay,14548.997,Distillate Fuel Oil,2005
0285680,Womens Bay,121463.001,Water at Hydroelectric Turbine,2005
0285680,Womens Bay,41023.000,Distillate Fuel Oil,2006
0285680,Womens Bay,9648.000,Water at Hydroelectric Turbine,2006
0285680,Womens Bay,54411.000,Distillate Fuel Oil,2007
0285680,Womens Bay,91915.001,Water at Hydroelectric Turbine,2007
0285680,Womens Bay,21035.000,Distillate Fuel Oil,2008
0285680,Womens Bay,120879.000,Water at Hydroelectric Turbine,2008
0285680,Womens Bay,20930.000,Distillate Fuel Oil,2009
0285680,Womens Bay,98551.000,Water at Hydroelectric Turbine,2009
0285680,Womens Bay,6138.000,Wind,2009
0285680,Womens Bay,9766.000,Distillate Fuel Oil,2010
0285680,Womens Bay,123964.000,Water at Hydroelectric Turbine,2010
0285680,Womens Bay,12606.000,Wind,2010
0285680,Womens Bay,21851.580,Distillate Fuel Oil,2011
0285680,Womens Bay,114186.000,Water at Hydroelectric Turbine,2011
0285680,Womens Bay,12445.000,Wind,2011
0285680,Womens Bay,5627.000,Distillate Fuel Oil,2012
0285680,Womens Bay,131121.000,Water at Hydroelectric Turbine,2012
0285680,Womens Bay,16313.000,Wind,2012
0285680,Womens Bay,5808.000,Distillate Fuel Oil,2013
0285680,Womens Bay,119142.000,Water at Hydroelectric Turbine,2013
0285680,Womens Bay,26699.000,Wind,2013
0285680,Womens Bay,0.000,Distillate Fuel Oil,2014
0285680,Womens Bay,134031.000,Water at Hydroelectric Turbine,2014
0285680,Womens Bay,23323.000,Wind,2014
0285680,Womens Bay,0.000,Distillate Fuel Oil,2015
0285680,Womens Bay,128893.000,Water at Hydroelectric Turbine,2015
0285680,Womens Bay,29107.000,Wind,2015
0285680,Womens Bay,0.000,Distillate Fuel Oil,2016
0285680,Womens Bay,0.000,Electricity used for Energy Storage,2016
0285680,Womens Bay,124484.000,Water at Hydroelectric Turbine,2016
0285680,Womens Bay,29309.000,Wind,2016
0285680,Womens Bay,912.000,Distillate Fuel Oil,2017
0285680,Womens Bay,0.000,Electricity used for Energy Storage,2017
0285680,Womens Bay,137014.000,Water at Hydroelectric Turbine,2017
0285680,Womens Bay,24155.000,Wind,2017
0285680,Womens Bay,74.000,Distillate Fuel Oil,2018
0285680,Womens Bay,-582.000,Electricity used for Energy Storage,2018
0285680,Womens Bay,121969.000,Water at Hydroelectric Turbine,2018
0285680,Womens Bay,26170.000,Wind,2018
0285680,Womens Bay,0.000,Distillate Fuel Oil,2019
0285680,Womens Bay,-615.000,Electricity used for Energy Storage,2019
0285680,Womens Bay,124762.000,Water at Hydroelectric Turbine,2019
0285680,Womens Bay,25015.000,Wind,2019
0285680,Womens Bay,0.000,Distillate Fuel Oil,2020
0285680,Womens Bay,-516.000,Electricity used for Energy Storage,2020
0285680,Womens Bay,126419.000,Water at Hydroelectric Turbine,2020
0285680,Womens Bay,24682.000,Wind,2020
0285680,Womens Bay,4.000,Distillate Fuel Oil,2021
0285680,Womens Bay,-537.000,Electricity used for Energy Storage,2021
0285680,Womens Bay,132333.000,Water at Hydroelectric Turbine,2021
0285680,Womens Bay,25238.000,Wind,2021
0286380,Wrangell,752.000,Distillate Fuel Oil,2001
0286380,Wrangell,649.999,Distillate Fuel Oil,2002
0286380,Wrangell,563.001,Distillate Fuel Oil,2003
0286380,Wrangell,773.000,Distillate Fuel Oil,2004
0286380,Wrangell,695.000,Distillate Fuel Oil,2005
0286380,Wrangell,483.998,Distillate Fuel Oil,2006
0286380,Wrangell,447.002,Distillate Fuel Oil,2007
0286380,Wrangell,621.000,Distillate Fuel Oil,2008
0286380,Wrangell,648.000,Distillate Fuel Oil,2009
0286380,Wrangell,309.000,Distillate Fuel Oil,2010
0286380,Wrangell,490.000,Distillate Fuel Oil,2011
0286380,Wrangell,434.000,Distillate Fuel Oil,2012
0286380,Wrangell,597.000,Distillate Fuel Oil,2013
0286380,Wrangell,673.000,Distillate Fuel Oil,2014
0286380,Wrangell,614.000,Distillate Fuel Oil,2015
0286380,Wrangell,44.000,Distillate Fuel Oil,2016
0286380,Wrangell,902.000,Distillate Fuel Oil,2017
0286380,Wrangell,520.000,Distillate Fuel Oil,2018
0286380,Wrangell,612.000,Distillate Fuel Oil,2019
0286380,Wrangell,584.000,Distillate Fuel Oil,2020
0286380,Wrangell,520.000,Distillate Fuel Oil,2021
0286490,Yakutat,8378.001,Distillate Fuel Oil,2001
0286490,Yakutat,7217.492,Distillate Fuel Oil,2002
0286490,Yakutat,6758.395,Distillate Fuel Oil,2003
0286490,Yakutat,6663.301,Distillate Fuel Oil,2004
0286490,Yakutat,6562.312,Distillate Fuel Oil,2005
0286490,Yakutat,7060.098,Distillate Fuel Oil,2006
0286490,Yakutat,6951.391,Distillate Fuel Oil,2007
0286490,Yakutat,6818.170,Distillate Fuel Oil,2008
0286490,Yakutat,6477.397,Distillate Fuel Oil,2009
0286490,Yakutat,6603.290,Distillate Fuel Oil,2010
0286490,Yakutat,6682.382,Distillate Fuel Oil,2011
0286490,Yakutat,6305.603,Distillate Fuel Oil,2012
0286490,Yakutat,6275.571,Distillate Fuel Oil,2013
0286490,Yakutat,6161.540,Distillate Fuel Oil,2014
0286490,Yakutat,5882.875,Distillate Fuel Oil,2015
0286490,Yakutat,5943.629,Distillate Fuel Oil,2016
0286490,Yakutat,6065.536,Distillate Fuel Oil,2017
0286490,Yakutat,5829.114,Distillate Fuel Oil,2018
0286490,Yakutat,5850.652,Distillate Fuel Oil,2019
0286490,Yakutat,6083.545,Distillate Fuel Oil,2020
0286490,Yakutat,6506.565,Distillate Fuel Oil,2021
